FixationIndex,Timestamp,FixationDuration,MappedFixationPointX,MappedFixationPointY,StimuliName
1,183659,638,794,766,http://emine.ncc.metu.edu.tr/survey/web/pages2/http/www.babylon.com/
2,184297,179,708,519,http://emine.ncc.metu.edu.tr/survey/web/pages2/http/www.babylon.com/
3,184477,179,616,368,http://emine.ncc.metu.edu.tr/survey/web/pages2/http/www.babylon.com/
4,184656,199,445,92,http://emine.ncc.metu.edu.tr/survey/web/pages2/http/www.babylon.com/
5,184856,219,308,95,http://emine.ncc.metu.edu.tr/survey/web/pages2/http/www.babylon.com/
6,185075,419,216,26,http://emine.ncc.metu.edu.tr/survey/web/pages2/http/www.babylon.com/
7,185493,399,620,321,http://emine.ncc.metu.edu.tr/survey/web/pages2/http/www.babylon.com/
8,185892,239,628,205,http://emine.ncc.metu.edu.tr/survey/web/pages2/http/www.babylon.com/
9,186132,180,407,157,http://emine.ncc.metu.edu.tr/survey/web/pages2/http/www.babylon.com/
10,186311,259,672,329,http://emine.ncc.metu.edu.tr/survey/web/pages2/http/www.babylon.com/
11,186570,578,776,390,http://emine.ncc.metu.edu.tr/survey/web/pages2/http/www.babylon.com/
12,187148,239,690,375,http://emine.ncc.metu.edu.tr/survey/web/pages2/http/www.babylon.com/
13,187387,359,650,366,http://emine.ncc.metu.edu.tr/survey/web/pages2/http/www.babylon.com/
14,187746,239,589,148,http://emine.ncc.metu.edu.tr/survey/web/pages2/http/www.babylon.com/
15,187986,259,363,113,http://emine.ncc.metu.edu.tr/survey/web/pages2/http/www.babylon.com/
16,188245,239,378,52,http://emine.ncc.metu.edu.tr/survey/web/pages2/http/www.babylon.com/
17,188484,359,655,249,http://emine.ncc.metu.edu.tr/survey/web/pages2/http/www.babylon.com/
18,188843,199,709,333,http://emine.ncc.metu.edu.tr/survey/web/pages2/http/www.babylon.com/
19,189042,219,781,177,http://emine.ncc.metu.edu.tr/survey/web/pages2/http/www.babylon.com/
20,189262,219,1124,388,http://emine.ncc.metu.edu.tr/survey/web/pages2/http/www.babylon.com/
21,189481,219,814,601,http://emine.ncc.metu.edu.tr/survey/web/pages2/http/www.babylon.com/
22,189700,159,718,587,http://emine.ncc.metu.edu.tr/survey/web/pages2/http/www.babylon.com/
23,189860,219,723,361,http://emine.ncc.metu.edu.tr/survey/web/pages2/http/www.babylon.com/
24,190079,199,515,188,http://emine.ncc.metu.edu.tr/survey/web/pages2/http/www.babylon.com/
25,190278,160,573,321,http://emine.ncc.metu.edu.tr/survey/web/pages2/http/www.babylon.com/
26,190438,977,638,370,http://emine.ncc.metu.edu.tr/survey/web/pages2/http/www.babylon.com/
27,191554,399,643,374,http://emine.ncc.metu.edu.tr/survey/web/pages2/http/www.babylon.com/
28,191953,399,574,368,http://emine.ncc.metu.edu.tr/survey/web/pages2/http/www.babylon.com/
29,192352,478,651,388,http://emine.ncc.metu.edu.tr/survey/web/pages2/http/www.babylon.com/
30,192830,239,601,314,http://emine.ncc.metu.edu.tr/survey/web/pages2/http/www.babylon.com/
31,193070,140,575,344,http://emine.ncc.metu.edu.tr/survey/web/pages2/http/www.babylon.com/
32,193209,200,386,191,http://emine.ncc.metu.edu.tr/survey/web/pages2/http/www.babylon.com/
33,193409,279,309,126,http://emine.ncc.metu.edu.tr/survey/web/pages2/http/www.babylon.com/
34,193688,159,614,324,http://emine.ncc.metu.edu.tr/survey/web/pages2/http/www.babylon.com/
35,193847,199,637,352,http://emine.ncc.metu.edu.tr/survey/web/pages2/http/www.babylon.com/
36,194047,578,686,375,http://emine.ncc.metu.edu.tr/survey/web/pages2/http/www.babylon.com/
37,194625,279,564,374,http://emine.ncc.metu.edu.tr/survey/web/pages2/http/www.babylon.com/
38,194904,219,651,380,http://emine.ncc.metu.edu.tr/survey/web/pages2/http/www.babylon.com/
39,195123,618,645,261,http://emine.ncc.metu.edu.tr/survey/web/pages2/http/www.babylon.com/
40,195741,239,653,378,http://emine.ncc.metu.edu.tr/survey/web/pages2/http/www.babylon.com/
41,195980,322,571,585,http://emine.ncc.metu.edu.tr/survey/web/pages2/http/www.babylon.com/
42,196302,157,717,589,http://emine.ncc.metu.edu.tr/survey/web/pages2/http/www.babylon.com/
43,196459,159,724,390,http://emine.ncc.metu.edu.tr/survey/web/pages2/http/www.babylon.com/
44,196758,100,720,800,http://emine.ncc.metu.edu.tr/survey/web/pages2/http/www.babylon.com/
45,196858,120,747,376,http://emine.ncc.metu.edu.tr/survey/web/pages2/http/www.babylon.com/
46,196977,239,598,363,http://emine.ncc.metu.edu.tr/survey/web/pages2/http/www.babylon.com/
47,197216,259,391,573,http://emine.ncc.metu.edu.tr/survey/web/pages2/http/www.babylon.com/
48,197476,319,534,577,http://emine.ncc.metu.edu.tr/survey/web/pages2/http/www.babylon.com/
49,197795,179,704,571,http://emine.ncc.metu.edu.tr/survey/web/pages2/http/www.babylon.com/
50,197974,239,731,356,http://emine.ncc.metu.edu.tr/survey/web/pages2/http/www.babylon.com/
51,198213,479,923,295,http://emine.ncc.metu.edu.tr/survey/web/pages2/http/www.babylon.com/
52,198692,239,702,556,http://emine.ncc.metu.edu.tr/survey/web/pages2/http/www.babylon.com/
53,198931,219,729,604,http://emine.ncc.metu.edu.tr/survey/web/pages2/http/www.babylon.com/
54,199150,239,534,605,http://emine.ncc.metu.edu.tr/survey/web/pages2/http/www.babylon.com/
55,199390,159,381,647,http://emine.ncc.metu.edu.tr/survey/web/pages2/http/www.babylon.com/
56,199549,219,321,684,http://emine.ncc.metu.edu.tr/survey/web/pages2/http/www.babylon.com/
57,199768,219,343,618,http://emine.ncc.metu.edu.tr/survey/web/pages2/http/www.babylon.com/
58,199988,219,528,594,http://emine.ncc.metu.edu.tr/survey/web/pages2/http/www.babylon.com/
59,200207,179,694,611,http://emine.ncc.metu.edu.tr/survey/web/pages2/http/www.babylon.com/
60,200387,160,727,628,http://emine.ncc.metu.edu.tr/survey/web/pages2/http/www.babylon.com/
61,200546,279,932,618,http://emine.ncc.metu.edu.tr/survey/web/pages2/http/www.babylon.com/
62,200825,279,909,689,http://emine.ncc.metu.edu.tr/survey/web/pages2/http/www.babylon.com/
63,201104,200,636,458,http://emine.ncc.metu.edu.tr/survey/web/pages2/http/www.babylon.com/
64,201304,139,504,588,http://emine.ncc.metu.edu.tr/survey/web/pages2/http/www.babylon.com/
65,201443,159,348,578,http://emine.ncc.metu.edu.tr/survey/web/pages2/http/www.babylon.com/
66,201603,538,249,473,http://emine.ncc.metu.edu.tr/survey/web/pages2/http/www.babylon.com/
67,202141,419,317,654,http://emine.ncc.metu.edu.tr/survey/web/pages2/http/www.babylon.com/
68,202560,219,353,637,http://emine.ncc.metu.edu.tr/survey/web/pages2/http/www.babylon.com/
69,202779,379,530,600,http://emine.ncc.metu.edu.tr/survey/web/pages2/http/www.babylon.com/
70,203158,279,365,610,http://emine.ncc.metu.edu.tr/survey/web/pages2/http/www.babylon.com/
71,203437,359,340,684,http://emine.ncc.metu.edu.tr/survey/web/pages2/http/www.babylon.com/
72,203796,279,393,591,http://emine.ncc.metu.edu.tr/survey/web/pages2/http/www.babylon.com/
73,204075,658,542,584,http://emine.ncc.metu.edu.tr/survey/web/pages2/http/www.babylon.com/
74,204733,160,345,604,http://emine.ncc.metu.edu.tr/survey/web/pages2/http/www.babylon.com/
75,204892,498,299,686,http://emine.ncc.metu.edu.tr/survey/web/pages2/http/www.babylon.com/
76,205391,498,356,674,http://emine.ncc.metu.edu.tr/survey/web/pages2/http/www.babylon.com/
77,205889,279,293,661,http://emine.ncc.metu.edu.tr/survey/web/pages2/http/www.babylon.com/
78,206168,259,319,597,http://emine.ncc.metu.edu.tr/survey/web/pages2/http/www.babylon.com/
79,206428,399,288,498,http://emine.ncc.metu.edu.tr/survey/web/pages2/http/www.babylon.com/
80,206826,339,252,476,http://emine.ncc.metu.edu.tr/survey/web/pages2/http/www.babylon.com/
81,207165,239,352,675,http://emine.ncc.metu.edu.tr/survey/web/pages2/http/www.babylon.com/
82,207404,917,304,672,http://emine.ncc.metu.edu.tr/survey/web/pages2/http/www.babylon.com/
83,208322,239,376,676,http://emine.ncc.metu.edu.tr/survey/web/pages2/http/www.babylon.com/
84,208561,538,493,670,http://emine.ncc.metu.edu.tr/survey/web/pages2/http/www.babylon.com/
85,209099,438,550,666,http://emine.ncc.metu.edu.tr/survey/web/pages2/http/www.babylon.com/
86,209538,159,538,627,http://emine.ncc.metu.edu.tr/survey/web/pages2/http/www.babylon.com/
87,209697,1715,696,668,http://emine.ncc.metu.edu.tr/survey/web/pages2/http/www.babylon.com/
88,211412,578,735,661,http://emine.ncc.metu.edu.tr/survey/web/pages2/http/www.babylon.com/
89,211990,459,889,700,http://emine.ncc.metu.edu.tr/survey/web/pages2/http/www.babylon.com/
90,212449,259,968,708,http://emine.ncc.metu.edu.tr/survey/web/pages2/http/www.babylon.com/
91,212708,578,891,693,http://emine.ncc.metu.edu.tr/survey/web/pages2/http/www.babylon.com/
92,213286,239,967,697,http://emine.ncc.metu.edu.tr/survey/web/pages2/http/www.babylon.com/
93,213525,359,915,698,http://emine.ncc.metu.edu.tr/survey/web/pages2/http/www.babylon.com/
94,213884,439,974,698,http://emine.ncc.metu.edu.tr/survey/web/pages2/http/www.babylon.com/
95,214323,359,944,662,http://emine.ncc.metu.edu.tr/survey/web/pages2/http/www.babylon.com/
96,214682,319,891,816,http://emine.ncc.metu.edu.tr/survey/web/pages2/http/www.babylon.com/
97,215000,179,719,743,http://emine.ncc.metu.edu.tr/survey/web/pages2/http/www.babylon.com/
98,215180,199,705,610,http://emine.ncc.metu.edu.tr/survey/web/pages2/http/www.babylon.com/
99,215379,379,329,509,http://emine.ncc.metu.edu.tr/survey/web/pages2/http/www.babylon.com/
100,215758,219,650,674,http://emine.ncc.metu.edu.tr/survey/web/pages2/http/www.babylon.com/
101,215977,259,580,911,http://emine.ncc.metu.edu.tr/survey/web/pages2/http/www.babylon.com/
102,216237,199,456,720,http://emine.ncc.metu.edu.tr/survey/web/pages2/http/www.babylon.com/
103,216436,239,731,446,http://emine.ncc.metu.edu.tr/survey/web/pages2/http/www.babylon.com/
104,216675,1017,753,414,http://emine.ncc.metu.edu.tr/survey/web/pages2/http/www.babylon.com/