FixationIndex,Timestamp,FixationDuration,MappedFixationPointX,MappedFixationPointY,StimuliName
1,309429,479,52,946,http://emine.ncc.metu.edu.tr/survey/web/pages2/http/www.babylon.com/
2,309908,179,419,527,http://emine.ncc.metu.edu.tr/survey/web/pages2/http/www.babylon.com/
3,310087,199,619,389,http://emine.ncc.metu.edu.tr/survey/web/pages2/http/www.babylon.com/
4,310286,239,652,362,http://emine.ncc.metu.edu.tr/survey/web/pages2/http/www.babylon.com/
5,310526,259,346,525,http://emine.ncc.metu.edu.tr/survey/web/pages2/http/www.babylon.com/
6,310785,239,347,623,http://emine.ncc.metu.edu.tr/survey/web/pages2/http/www.babylon.com/
7,311024,279,311,675,http://emine.ncc.metu.edu.tr/survey/web/pages2/http/www.babylon.com/
8,311303,139,376,674,http://emine.ncc.metu.edu.tr/survey/web/pages2/http/www.babylon.com/
9,311443,160,389,350,http://emine.ncc.metu.edu.tr/survey/web/pages2/http/www.babylon.com/
10,311602,299,335,252,http://emine.ncc.metu.edu.tr/survey/web/pages2/http/www.babylon.com/
11,311901,239,639,258,http://emine.ncc.metu.edu.tr/survey/web/pages2/http/www.babylon.com/
12,312141,259,722,378,http://emine.ncc.metu.edu.tr/survey/web/pages2/http/www.babylon.com/
13,312400,259,751,410,http://emine.ncc.metu.edu.tr/survey/web/pages2/http/www.babylon.com/
14,312659,299,706,386,http://emine.ncc.metu.edu.tr/survey/web/pages2/http/www.babylon.com/
15,312958,538,648,393,http://emine.ncc.metu.edu.tr/survey/web/pages2/http/www.babylon.com/
16,313497,438,923,629,http://emine.ncc.metu.edu.tr/survey/web/pages2/http/www.babylon.com/
17,313935,199,894,691,http://emine.ncc.metu.edu.tr/survey/web/pages2/http/www.babylon.com/
18,314274,179,951,716,http://emine.ncc.metu.edu.tr/survey/web/pages2/http/www.babylon.com/
19,314453,558,715,675,http://emine.ncc.metu.edu.tr/survey/web/pages2/http/www.babylon.com/
20,315011,199,733,403,http://emine.ncc.metu.edu.tr/survey/web/pages2/http/www.babylon.com/
21,315211,2333,653,398,http://emine.ncc.metu.edu.tr/survey/web/pages2/http/www.babylon.com/
22,317543,239,564,636,http://emine.ncc.metu.edu.tr/survey/web/pages2/http/www.babylon.com/
23,317783,199,515,696,http://emine.ncc.metu.edu.tr/survey/web/pages2/http/www.babylon.com/
24,317982,199,753,696,http://emine.ncc.metu.edu.tr/survey/web/pages2/http/www.babylon.com/
25,318181,159,913,696,http://emine.ncc.metu.edu.tr/survey/web/pages2/http/www.babylon.com/
26,318341,279,873,245,http://emine.ncc.metu.edu.tr/survey/web/pages2/http/www.babylon.com/
27,318620,279,916,176,http://emine.ncc.metu.edu.tr/survey/web/pages2/http/www.babylon.com/
28,318899,199,643,260,http://emine.ncc.metu.edu.tr/survey/web/pages2/http/www.babylon.com/
29,319099,139,702,82,http://emine.ncc.metu.edu.tr/survey/web/pages2/http/www.babylon.com/
30,319238,160,682,33,http://emine.ncc.metu.edu.tr/survey/web/pages2/http/www.babylon.com/
31,319398,159,527,36,http://emine.ncc.metu.edu.tr/survey/web/pages2/http/www.babylon.com/
32,319557,160,431,37,http://emine.ncc.metu.edu.tr/survey/web/pages2/http/www.babylon.com/
33,319717,399,361,35,http://emine.ncc.metu.edu.tr/survey/web/pages2/http/www.babylon.com/
34,320116,279,349,209,http://emine.ncc.metu.edu.tr/survey/web/pages2/http/www.babylon.com/
35,320394,219,380,133,http://emine.ncc.metu.edu.tr/survey/web/pages2/http/www.babylon.com/
36,320614,259,332,193,http://emine.ncc.metu.edu.tr/survey/web/pages2/http/www.babylon.com/
37,320873,219,550,143,http://emine.ncc.metu.edu.tr/survey/web/pages2/http/www.babylon.com/
38,321092,199,695,144,http://emine.ncc.metu.edu.tr/survey/web/pages2/http/www.babylon.com/
39,321292,199,911,183,http://emine.ncc.metu.edu.tr/survey/web/pages2/http/www.babylon.com/
40,321491,319,990,183,http://emine.ncc.metu.edu.tr/survey/web/pages2/http/www.babylon.com/
41,321810,279,1056,188,http://emine.ncc.metu.edu.tr/survey/web/pages2/http/www.babylon.com/
42,322089,220,665,184,http://emine.ncc.metu.edu.tr/survey/web/pages2/http/www.babylon.com/
43,322309,179,351,175,http://emine.ncc.metu.edu.tr/survey/web/pages2/http/www.babylon.com/
44,322488,239,307,193,http://emine.ncc.metu.edu.tr/survey/web/pages2/http/www.babylon.com/
45,322727,897,334,253,http://emine.ncc.metu.edu.tr/survey/web/pages2/http/www.babylon.com/
46,323624,199,380,240,http://emine.ncc.metu.edu.tr/survey/web/pages2/http/www.babylon.com/
47,323824,200,357,274,http://emine.ncc.metu.edu.tr/survey/web/pages2/http/www.babylon.com/
48,324023,259,668,254,http://emine.ncc.metu.edu.tr/survey/web/pages2/http/www.babylon.com/
49,324282,299,896,186,http://emine.ncc.metu.edu.tr/survey/web/pages2/http/www.babylon.com/
50,324581,219,970,184,http://emine.ncc.metu.edu.tr/survey/web/pages2/http/www.babylon.com/
51,324801,199,1044,188,http://emine.ncc.metu.edu.tr/survey/web/pages2/http/www.babylon.com/
52,325000,180,1085,192,http://emine.ncc.metu.edu.tr/survey/web/pages2/http/www.babylon.com/
53,325179,239,655,181,http://emine.ncc.metu.edu.tr/survey/web/pages2/http/www.babylon.com/
54,325418,239,511,173,http://emine.ncc.metu.edu.tr/survey/web/pages2/http/www.babylon.com/
55,325658,219,552,110,http://emine.ncc.metu.edu.tr/survey/web/pages2/http/www.babylon.com/
56,325877,199,714,110,http://emine.ncc.metu.edu.tr/survey/web/pages2/http/www.babylon.com/
57,326077,199,1026,124,http://emine.ncc.metu.edu.tr/survey/web/pages2/http/www.babylon.com/
58,326276,399,372,107,http://emine.ncc.metu.edu.tr/survey/web/pages2/http/www.babylon.com/
59,326675,319,315,168,http://emine.ncc.metu.edu.tr/survey/web/pages2/http/www.babylon.com/
60,326994,239,375,163,http://emine.ncc.metu.edu.tr/survey/web/pages2/http/www.babylon.com/
61,327233,179,477,170,http://emine.ncc.metu.edu.tr/survey/web/pages2/http/www.babylon.com/
62,327412,399,634,252,http://emine.ncc.metu.edu.tr/survey/web/pages2/http/www.babylon.com/
63,327811,299,678,375,http://emine.ncc.metu.edu.tr/survey/web/pages2/http/www.babylon.com/
64,328110,179,360,193,http://emine.ncc.metu.edu.tr/survey/web/pages2/http/www.babylon.com/
65,328290,359,300,186,http://emine.ncc.metu.edu.tr/survey/web/pages2/http/www.babylon.com/
66,328648,200,316,127,http://emine.ncc.metu.edu.tr/survey/web/pages2/http/www.babylon.com/
67,328848,259,404,103,http://emine.ncc.metu.edu.tr/survey/web/pages2/http/www.babylon.com/
68,329107,299,536,102,http://emine.ncc.metu.edu.tr/survey/web/pages2/http/www.babylon.com/
69,329406,359,533,821,http://emine.ncc.metu.edu.tr/survey/web/pages2/http/www.babylon.com/
70,329765,219,550,678,http://emine.ncc.metu.edu.tr/survey/web/pages2/http/www.babylon.com/
71,329984,379,472,168,http://emine.ncc.metu.edu.tr/survey/web/pages2/http/www.babylon.com/
72,330363,498,536,123,http://emine.ncc.metu.edu.tr/survey/web/pages2/http/www.babylon.com/
73,330861,339,375,162,http://emine.ncc.metu.edu.tr/survey/web/pages2/http/www.babylon.com/
74,331200,259,483,190,http://emine.ncc.metu.edu.tr/survey/web/pages2/http/www.babylon.com/
75,331460,279,762,181,http://emine.ncc.metu.edu.tr/survey/web/pages2/http/www.babylon.com/
76,331739,459,962,188,http://emine.ncc.metu.edu.tr/survey/web/pages2/http/www.babylon.com/
77,332197,120,445,186,http://emine.ncc.metu.edu.tr/survey/web/pages2/http/www.babylon.com/
78,332317,299,323,178,http://emine.ncc.metu.edu.tr/survey/web/pages2/http/www.babylon.com/
79,332616,439,364,136,http://emine.ncc.metu.edu.tr/survey/web/pages2/http/www.babylon.com/
80,333055,299,519,112,http://emine.ncc.metu.edu.tr/survey/web/pages2/http/www.babylon.com/
81,333354,239,715,119,http://emine.ncc.metu.edu.tr/survey/web/pages2/http/www.babylon.com/
82,333593,519,995,140,http://emine.ncc.metu.edu.tr/survey/web/pages2/http/www.babylon.com/
83,334111,199,559,122,http://emine.ncc.metu.edu.tr/survey/web/pages2/http/www.babylon.com/
84,334311,139,408,142,http://emine.ncc.metu.edu.tr/survey/web/pages2/http/www.babylon.com/
85,334450,319,324,125,http://emine.ncc.metu.edu.tr/survey/web/pages2/http/www.babylon.com/
86,334769,179,390,123,http://emine.ncc.metu.edu.tr/survey/web/pages2/http/www.babylon.com/
87,334949,239,567,118,http://emine.ncc.metu.edu.tr/survey/web/pages2/http/www.babylon.com/
88,335188,239,730,126,http://emine.ncc.metu.edu.tr/survey/web/pages2/http/www.babylon.com/
89,335427,239,989,128,http://emine.ncc.metu.edu.tr/survey/web/pages2/http/www.babylon.com/
90,335666,159,340,180,http://emine.ncc.metu.edu.tr/survey/web/pages2/http/www.babylon.com/
91,335826,319,285,174,http://emine.ncc.metu.edu.tr/survey/web/pages2/http/www.babylon.com/
92,336145,199,372,173,http://emine.ncc.metu.edu.tr/survey/web/pages2/http/www.babylon.com/
93,336344,199,501,177,http://emine.ncc.metu.edu.tr/survey/web/pages2/http/www.babylon.com/
94,336544,199,689,179,http://emine.ncc.metu.edu.tr/survey/web/pages2/http/www.babylon.com/
95,336743,219,851,188,http://emine.ncc.metu.edu.tr/survey/web/pages2/http/www.babylon.com/
96,336962,419,982,196,http://emine.ncc.metu.edu.tr/survey/web/pages2/http/www.babylon.com/
97,337381,179,940,198,http://emine.ncc.metu.edu.tr/survey/web/pages2/http/www.babylon.com/
98,337560,797,326,258,http://emine.ncc.metu.edu.tr/survey/web/pages2/http/www.babylon.com/
99,338358,359,625,258,http://emine.ncc.metu.edu.tr/survey/web/pages2/http/www.babylon.com/
100,338717,179,906,274,http://emine.ncc.metu.edu.tr/survey/web/pages2/http/www.babylon.com/
101,338896,299,663,367,http://emine.ncc.metu.edu.tr/survey/web/pages2/http/www.babylon.com/
102,339195,1316,631,407,http://emine.ncc.metu.edu.tr/survey/web/pages2/http/www.babylon.com/
103,340511,638,548,390,http://emine.ncc.metu.edu.tr/survey/web/pages2/http/www.babylon.com/
104,341149,319,644,383,http://emine.ncc.metu.edu.tr/survey/web/pages2/http/www.babylon.com/
105,341468,379,644,429,http://emine.ncc.metu.edu.tr/survey/web/pages2/http/www.babylon.com/
106,341847,259,679,421,http://emine.ncc.metu.edu.tr/survey/web/pages2/http/www.babylon.com/
107,342106,399,632,411,http://emine.ncc.metu.edu.tr/survey/web/pages2/http/www.babylon.com/
108,342505,299,672,372,http://emine.ncc.metu.edu.tr/survey/web/pages2/http/www.babylon.com/
109,342804,179,764,407,http://emine.ncc.metu.edu.tr/survey/web/pages2/http/www.babylon.com/
110,342983,279,927,272,http://emine.ncc.metu.edu.tr/survey/web/pages2/http/www.babylon.com/
111,343262,399,976,180,http://emine.ncc.metu.edu.tr/survey/web/pages2/http/www.babylon.com/
112,343661,319,547,559,http://emine.ncc.metu.edu.tr/survey/web/pages2/http/www.babylon.com/
113,343980,219,347,621,http://emine.ncc.metu.edu.tr/survey/web/pages2/http/www.babylon.com/
114,344199,179,315,671,http://emine.ncc.metu.edu.tr/survey/web/pages2/http/www.babylon.com/
115,344499,179,297,491,http://emine.ncc.metu.edu.tr/survey/web/pages2/http/www.babylon.com/
116,344678,299,257,487,http://emine.ncc.metu.edu.tr/survey/web/pages2/http/www.babylon.com/
117,344977,239,341,608,http://emine.ncc.metu.edu.tr/survey/web/pages2/http/www.babylon.com/
118,345216,419,315,677,http://emine.ncc.metu.edu.tr/survey/web/pages2/http/www.babylon.com/
119,345635,379,514,672,http://emine.ncc.metu.edu.tr/survey/web/pages2/http/www.babylon.com/
120,346014,179,716,682,http://emine.ncc.metu.edu.tr/survey/web/pages2/http/www.babylon.com/
121,346302,230,706,692,http://emine.ncc.metu.edu.tr/survey/web/pages2/http/www.babylon.com/
122,346532,259,926,704,http://emine.ncc.metu.edu.tr/survey/web/pages2/http/www.babylon.com/
123,346791,239,782,353,http://emine.ncc.metu.edu.tr/survey/web/pages2/http/www.babylon.com/
124,347030,160,669,351,http://emine.ncc.metu.edu.tr/survey/web/pages2/http/www.babylon.com/
125,347190,259,326,590,http://emine.ncc.metu.edu.tr/survey/web/pages2/http/www.babylon.com/
126,347449,359,312,699,http://emine.ncc.metu.edu.tr/survey/web/pages2/http/www.babylon.com/
127,347808,339,504,670,http://emine.ncc.metu.edu.tr/survey/web/pages2/http/www.babylon.com/
128,348147,239,548,693,http://emine.ncc.metu.edu.tr/survey/web/pages2/http/www.babylon.com/
129,348386,478,694,703,http://emine.ncc.metu.edu.tr/survey/web/pages2/http/www.babylon.com/
130,348865,159,754,217,http://emine.ncc.metu.edu.tr/survey/web/pages2/http/www.babylon.com/
131,349024,199,649,155,http://emine.ncc.metu.edu.tr/survey/web/pages2/http/www.babylon.com/
132,349224,120,668,115,http://emine.ncc.metu.edu.tr/survey/web/pages2/http/www.babylon.com/
133,349343,359,667,51,http://emine.ncc.metu.edu.tr/survey/web/pages2/http/www.babylon.com/
134,349702,299,768,160,http://emine.ncc.metu.edu.tr/survey/web/pages2/http/www.babylon.com/
135,350001,279,954,207,http://emine.ncc.metu.edu.tr/survey/web/pages2/http/www.babylon.com/
136,350280,239,837,242,http://emine.ncc.metu.edu.tr/survey/web/pages2/http/www.babylon.com/
137,350520,219,731,522,http://emine.ncc.metu.edu.tr/survey/web/pages2/http/www.babylon.com/
138,350739,219,658,363,http://emine.ncc.metu.edu.tr/survey/web/pages2/http/www.babylon.com/
139,350958,279,640,266,http://emine.ncc.metu.edu.tr/survey/web/pages2/http/www.babylon.com/
140,351237,299,327,251,http://emine.ncc.metu.edu.tr/survey/web/pages2/http/www.babylon.com/
141,351536,379,310,515,http://emine.ncc.metu.edu.tr/survey/web/pages2/http/www.babylon.com/
142,351915,817,312,714,http://emine.ncc.metu.edu.tr/survey/web/pages2/http/www.babylon.com/
143,352732,478,330,892,http://emine.ncc.metu.edu.tr/survey/web/pages2/http/www.babylon.com/
144,353211,199,543,715,http://emine.ncc.metu.edu.tr/survey/web/pages2/http/www.babylon.com/
145,353410,379,500,682,http://emine.ncc.metu.edu.tr/survey/web/pages2/http/www.babylon.com/
146,353789,737,316,673,http://emine.ncc.metu.edu.tr/survey/web/pages2/http/www.babylon.com/
147,354527,439,386,669,http://emine.ncc.metu.edu.tr/survey/web/pages2/http/www.babylon.com/
148,354965,340,501,666,http://emine.ncc.metu.edu.tr/survey/web/pages2/http/www.babylon.com/
149,355305,299,569,659,http://emine.ncc.metu.edu.tr/survey/web/pages2/http/www.babylon.com/
150,355604,578,697,672,http://emine.ncc.metu.edu.tr/survey/web/pages2/http/www.babylon.com/
151,356182,419,745,683,http://emine.ncc.metu.edu.tr/survey/web/pages2/http/www.babylon.com/
152,356600,219,690,693,http://emine.ncc.metu.edu.tr/survey/web/pages2/http/www.babylon.com/
153,356820,219,729,722,http://emine.ncc.metu.edu.tr/survey/web/pages2/http/www.babylon.com/
154,357039,439,903,687,http://emine.ncc.metu.edu.tr/survey/web/pages2/http/www.babylon.com/
155,357478,219,956,694,http://emine.ncc.metu.edu.tr/survey/web/pages2/http/www.babylon.com/
156,357697,618,872,730,http://emine.ncc.metu.edu.tr/survey/web/pages2/http/www.babylon.com/
157,358315,259,898,696,http://emine.ncc.metu.edu.tr/survey/web/pages2/http/www.babylon.com/
158,358574,219,958,704,http://emine.ncc.metu.edu.tr/survey/web/pages2/http/www.babylon.com/
159,358793,319,1177,465,http://emine.ncc.metu.edu.tr/survey/web/pages2/http/www.babylon.com/
160,359113,339,902,303,http://emine.ncc.metu.edu.tr/survey/web/pages2/http/www.babylon.com/
161,359451,239,686,370,http://emine.ncc.metu.edu.tr/survey/web/pages2/http/www.babylon.com/
162,359691,359,982,168,http://emine.ncc.metu.edu.tr/survey/web/pages2/http/www.babylon.com/
163,360049,140,982,27,http://emine.ncc.metu.edu.tr/survey/web/pages2/http/www.babylon.com/
164,360189,179,963,62,http://emine.ncc.metu.edu.tr/survey/web/pages2/http/www.babylon.com/
165,360368,159,924,77,http://emine.ncc.metu.edu.tr/survey/web/pages2/http/www.babylon.com/
166,360528,359,632,46,http://emine.ncc.metu.edu.tr/survey/web/pages2/http/www.babylon.com/
167,360887,120,516,23,http://emine.ncc.metu.edu.tr/survey/web/pages2/http/www.babylon.com/
168,361724,279,547,771,http://emine.ncc.metu.edu.tr/survey/web/pages2/http/www.babylon.com/
169,362003,159,507,560,http://emine.ncc.metu.edu.tr/survey/web/pages2/http/www.babylon.com/
170,362163,179,271,469,http://emine.ncc.metu.edu.tr/survey/web/pages2/http/www.babylon.com/
171,362342,259,339,478,http://emine.ncc.metu.edu.tr/survey/web/pages2/http/www.babylon.com/
172,362601,419,253,485,http://emine.ncc.metu.edu.tr/survey/web/pages2/http/www.babylon.com/
173,363020,279,307,472,http://emine.ncc.metu.edu.tr/survey/web/pages2/http/www.babylon.com/
174,363299,219,248,489,http://emine.ncc.metu.edu.tr/survey/web/pages2/http/www.babylon.com/
175,363518,538,346,471,http://emine.ncc.metu.edu.tr/survey/web/pages2/http/www.babylon.com/
176,364057,359,344,573,http://emine.ncc.metu.edu.tr/survey/web/pages2/http/www.babylon.com/