FixationIndex,Timestamp,FixationDuration,MappedFixationPointX,MappedFixationPointY,StimuliName
1,69780,1196,620,364,http://emine.ncc.metu.edu.tr/survey/web/pages2/http/www.babylon.com/
2,70976,160,614,284,http://emine.ncc.metu.edu.tr/survey/web/pages2/http/www.babylon.com/
3,71136,259,478,76,http://emine.ncc.metu.edu.tr/survey/web/pages2/http/www.babylon.com/
4,71395,199,766,98,http://emine.ncc.metu.edu.tr/survey/web/pages2/http/www.babylon.com/
5,71595,239,239,49,http://emine.ncc.metu.edu.tr/survey/web/pages2/http/www.babylon.com/
6,71834,259,958,71,http://emine.ncc.metu.edu.tr/survey/web/pages2/http/www.babylon.com/
7,72193,359,561,268,http://emine.ncc.metu.edu.tr/survey/web/pages2/http/www.babylon.com/
8,72551,259,412,533,http://emine.ncc.metu.edu.tr/survey/web/pages2/http/www.babylon.com/
9,72811,259,579,310,http://emine.ncc.metu.edu.tr/survey/web/pages2/http/www.babylon.com/
10,73070,399,676,343,http://emine.ncc.metu.edu.tr/survey/web/pages2/http/www.babylon.com/
11,73469,179,865,575,http://emine.ncc.metu.edu.tr/survey/web/pages2/http/www.babylon.com/
12,73648,219,602,321,http://emine.ncc.metu.edu.tr/survey/web/pages2/http/www.babylon.com/
13,73867,279,373,593,http://emine.ncc.metu.edu.tr/survey/web/pages2/http/www.babylon.com/
14,74147,159,279,473,http://emine.ncc.metu.edu.tr/survey/web/pages2/http/www.babylon.com/
15,74306,259,545,615,http://emine.ncc.metu.edu.tr/survey/web/pages2/http/www.babylon.com/
16,74725,270,611,638,http://emine.ncc.metu.edu.tr/survey/web/pages2/http/www.babylon.com/
17,74994,269,355,670,http://emine.ncc.metu.edu.tr/survey/web/pages2/http/www.babylon.com/
18,75263,200,778,623,http://emine.ncc.metu.edu.tr/survey/web/pages2/http/www.babylon.com/
19,75463,598,363,672,http://emine.ncc.metu.edu.tr/survey/web/pages2/http/www.babylon.com/
20,76060,499,536,689,http://emine.ncc.metu.edu.tr/survey/web/pages2/http/www.babylon.com/
21,76559,239,773,685,http://emine.ncc.metu.edu.tr/survey/web/pages2/http/www.babylon.com/
22,76798,219,705,698,http://emine.ncc.metu.edu.tr/survey/web/pages2/http/www.babylon.com/
23,77018,159,908,698,http://emine.ncc.metu.edu.tr/survey/web/pages2/http/www.babylon.com/
24,77177,239,507,673,http://emine.ncc.metu.edu.tr/survey/web/pages2/http/www.babylon.com/
25,77416,239,555,664,http://emine.ncc.metu.edu.tr/survey/web/pages2/http/www.babylon.com/
26,77655,199,798,239,http://emine.ncc.metu.edu.tr/survey/web/pages2/http/www.babylon.com/
27,77855,160,905,221,http://emine.ncc.metu.edu.tr/survey/web/pages2/http/www.babylon.com/
28,78015,179,603,320,http://emine.ncc.metu.edu.tr/survey/web/pages2/http/www.babylon.com/
29,78194,299,666,334,http://emine.ncc.metu.edu.tr/survey/web/pages2/http/www.babylon.com/
30,78493,459,651,373,http://emine.ncc.metu.edu.tr/survey/web/pages2/http/www.babylon.com/
31,79470,100,669,419,http://emine.ncc.metu.edu.tr/survey/web/pages2/http/www.babylon.com/
32,79570,199,694,393,http://emine.ncc.metu.edu.tr/survey/web/pages2/http/www.babylon.com/
33,79769,199,304,691,http://emine.ncc.metu.edu.tr/survey/web/pages2/http/www.babylon.com/
34,79968,219,361,742,http://emine.ncc.metu.edu.tr/survey/web/pages2/http/www.babylon.com/
35,80187,319,672,379,http://emine.ncc.metu.edu.tr/survey/web/pages2/http/www.babylon.com/
36,80786,359,675,371,http://emine.ncc.metu.edu.tr/survey/web/pages2/http/www.babylon.com/
37,81144,319,718,352,http://emine.ncc.metu.edu.tr/survey/web/pages2/http/www.babylon.com/
38,81683,339,668,350,http://emine.ncc.metu.edu.tr/survey/web/pages2/http/www.babylon.com/
39,82161,738,680,355,http://emine.ncc.metu.edu.tr/survey/web/pages2/http/www.babylon.com/
40,83039,458,678,339,http://emine.ncc.metu.edu.tr/survey/web/pages2/http/www.babylon.com/
41,83497,199,720,702,http://emine.ncc.metu.edu.tr/survey/web/pages2/http/www.babylon.com/
42,83696,180,699,632,http://emine.ncc.metu.edu.tr/survey/web/pages2/http/www.babylon.com/
43,83876,259,359,667,http://emine.ncc.metu.edu.tr/survey/web/pages2/http/www.babylon.com/
44,84135,179,409,659,http://emine.ncc.metu.edu.tr/survey/web/pages2/http/www.babylon.com/
45,84315,219,542,663,http://emine.ncc.metu.edu.tr/survey/web/pages2/http/www.babylon.com/
46,84534,279,781,199,http://emine.ncc.metu.edu.tr/survey/web/pages2/http/www.babylon.com/
47,84813,219,583,180,http://emine.ncc.metu.edu.tr/survey/web/pages2/http/www.babylon.com/
48,85032,219,680,67,http://emine.ncc.metu.edu.tr/survey/web/pages2/http/www.babylon.com/
49,85251,140,596,35,http://emine.ncc.metu.edu.tr/survey/web/pages2/http/www.babylon.com/
50,85391,239,304,38,http://emine.ncc.metu.edu.tr/survey/web/pages2/http/www.babylon.com/
51,85630,179,420,39,http://emine.ncc.metu.edu.tr/survey/web/pages2/http/www.babylon.com/
52,85810,279,365,152,http://emine.ncc.metu.edu.tr/survey/web/pages2/http/www.babylon.com/
53,86089,279,770,155,http://emine.ncc.metu.edu.tr/survey/web/pages2/http/www.babylon.com/
54,86368,199,574,206,http://emine.ncc.metu.edu.tr/survey/web/pages2/http/www.babylon.com/
55,86567,179,367,156,http://emine.ncc.metu.edu.tr/survey/web/pages2/http/www.babylon.com/
56,86747,159,521,111,http://emine.ncc.metu.edu.tr/survey/web/pages2/http/www.babylon.com/
57,86906,160,393,182,http://emine.ncc.metu.edu.tr/survey/web/pages2/http/www.babylon.com/
58,87066,126,346,233,http://emine.ncc.metu.edu.tr/survey/web/pages2/http/www.babylon.com/
59,87192,232,640,255,http://emine.ncc.metu.edu.tr/survey/web/pages2/http/www.babylon.com/
60,87425,399,933,238,http://emine.ncc.metu.edu.tr/survey/web/pages2/http/www.babylon.com/
61,87823,200,809,839,http://emine.ncc.metu.edu.tr/survey/web/pages2/http/www.babylon.com/
62,88023,179,868,723,http://emine.ncc.metu.edu.tr/survey/web/pages2/http/www.babylon.com/
63,88202,319,899,689,http://emine.ncc.metu.edu.tr/survey/web/pages2/http/www.babylon.com/
64,88521,379,705,624,http://emine.ncc.metu.edu.tr/survey/web/pages2/http/www.babylon.com/
65,88900,140,726,685,http://emine.ncc.metu.edu.tr/survey/web/pages2/http/www.babylon.com/
66,89040,239,706,870,http://emine.ncc.metu.edu.tr/survey/web/pages2/http/www.babylon.com/
67,89279,219,576,976,http://emine.ncc.metu.edu.tr/survey/web/pages2/http/www.babylon.com/
68,89498,199,490,973,http://emine.ncc.metu.edu.tr/survey/web/pages2/http/www.babylon.com/
69,89697,140,557,964,http://emine.ncc.metu.edu.tr/survey/web/pages2/http/www.babylon.com/
70,89837,259,669,973,http://emine.ncc.metu.edu.tr/survey/web/pages2/http/www.babylon.com/
71,90096,259,712,877,http://emine.ncc.metu.edu.tr/survey/web/pages2/http/www.babylon.com/
72,90355,479,512,695,http://emine.ncc.metu.edu.tr/survey/web/pages2/http/www.babylon.com/
73,90834,439,340,683,http://emine.ncc.metu.edu.tr/survey/web/pages2/http/www.babylon.com/
74,91273,279,336,745,http://emine.ncc.metu.edu.tr/survey/web/pages2/http/www.babylon.com/
75,91552,299,403,749,http://emine.ncc.metu.edu.tr/survey/web/pages2/http/www.babylon.com/
76,91851,199,316,762,http://emine.ncc.metu.edu.tr/survey/web/pages2/http/www.babylon.com/
77,92050,219,364,762,http://emine.ncc.metu.edu.tr/survey/web/pages2/http/www.babylon.com/
78,92269,219,343,592,http://emine.ncc.metu.edu.tr/survey/web/pages2/http/www.babylon.com/
79,92489,558,330,697,http://emine.ncc.metu.edu.tr/survey/web/pages2/http/www.babylon.com/
80,93047,459,541,669,http://emine.ncc.metu.edu.tr/survey/web/pages2/http/www.babylon.com/
81,93505,279,339,682,http://emine.ncc.metu.edu.tr/survey/web/pages2/http/www.babylon.com/
82,93785,180,287,473,http://emine.ncc.metu.edu.tr/survey/web/pages2/http/www.babylon.com/
83,93964,638,535,670,http://emine.ncc.metu.edu.tr/survey/web/pages2/http/www.babylon.com/
84,94602,359,719,628,http://emine.ncc.metu.edu.tr/survey/web/pages2/http/www.babylon.com/
85,94961,299,733,558,http://emine.ncc.metu.edu.tr/survey/web/pages2/http/www.babylon.com/
86,95260,299,717,641,http://emine.ncc.metu.edu.tr/survey/web/pages2/http/www.babylon.com/
87,95559,299,754,697,http://emine.ncc.metu.edu.tr/survey/web/pages2/http/www.babylon.com/
88,95858,180,703,693,http://emine.ncc.metu.edu.tr/survey/web/pages2/http/www.babylon.com/
89,96038,538,928,673,http://emine.ncc.metu.edu.tr/survey/web/pages2/http/www.babylon.com/
90,96576,219,877,690,http://emine.ncc.metu.edu.tr/survey/web/pages2/http/www.babylon.com/
91,96795,359,913,661,http://emine.ncc.metu.edu.tr/survey/web/pages2/http/www.babylon.com/
92,97154,419,968,662,http://emine.ncc.metu.edu.tr/survey/web/pages2/http/www.babylon.com/
93,97573,498,673,517,http://emine.ncc.metu.edu.tr/survey/web/pages2/http/www.babylon.com/
94,98071,559,360,710,http://emine.ncc.metu.edu.tr/survey/web/pages2/http/www.babylon.com/
95,98630,737,669,342,http://emine.ncc.metu.edu.tr/survey/web/pages2/http/www.babylon.com/