FixationIndex,Timestamp,FixationDuration,MappedFixationPointX,MappedFixationPointY,StimuliName
1,241021,400,668,454,http://emine.ncc.metu.edu.tr/survey/web/pages2/http/www.babylon.com/
2,241421,233,644,406,http://emine.ncc.metu.edu.tr/survey/web/pages2/http/www.babylon.com/
3,241654,433,551,698,http://emine.ncc.metu.edu.tr/survey/web/pages2/http/www.babylon.com/
4,242087,233,492,691,http://emine.ncc.metu.edu.tr/survey/web/pages2/http/www.babylon.com/
5,242320,250,535,677,http://emine.ncc.metu.edu.tr/survey/web/pages2/http/www.babylon.com/
6,242570,400,700,711,http://emine.ncc.metu.edu.tr/survey/web/pages2/http/www.babylon.com/
7,242970,216,720,851,http://emine.ncc.metu.edu.tr/survey/web/pages2/http/www.babylon.com/
8,243186,233,781,699,http://emine.ncc.metu.edu.tr/survey/web/pages2/http/www.babylon.com/
9,243419,450,690,677,http://emine.ncc.metu.edu.tr/survey/web/pages2/http/www.babylon.com/
10,243869,200,727,395,http://emine.ncc.metu.edu.tr/survey/web/pages2/http/www.babylon.com/
11,244069,516,864,246,http://emine.ncc.metu.edu.tr/survey/web/pages2/http/www.babylon.com/
12,244585,167,681,293,http://emine.ncc.metu.edu.tr/survey/web/pages2/http/www.babylon.com/
13,244752,233,656,373,http://emine.ncc.metu.edu.tr/survey/web/pages2/http/www.babylon.com/
14,244985,466,632,426,http://emine.ncc.metu.edu.tr/survey/web/pages2/http/www.babylon.com/
15,245451,450,685,417,http://emine.ncc.metu.edu.tr/survey/web/pages2/http/www.babylon.com/
16,245901,483,644,444,http://emine.ncc.metu.edu.tr/survey/web/pages2/http/www.babylon.com/
17,246384,216,563,420,http://emine.ncc.metu.edu.tr/survey/web/pages2/http/www.babylon.com/
18,246600,583,648,423,http://emine.ncc.metu.edu.tr/survey/web/pages2/http/www.babylon.com/
19,247183,366,617,452,http://emine.ncc.metu.edu.tr/survey/web/pages2/http/www.babylon.com/
20,247550,300,676,441,http://emine.ncc.metu.edu.tr/survey/web/pages2/http/www.babylon.com/
21,247849,133,755,437,http://emine.ncc.metu.edu.tr/survey/web/pages2/http/www.babylon.com/
22,247983,167,590,420,http://emine.ncc.metu.edu.tr/survey/web/pages2/http/www.babylon.com/
23,248149,366,641,416,http://emine.ncc.metu.edu.tr/survey/web/pages2/http/www.babylon.com/
24,248516,266,684,435,http://emine.ncc.metu.edu.tr/survey/web/pages2/http/www.babylon.com/
25,248782,300,621,434,http://emine.ncc.metu.edu.tr/survey/web/pages2/http/www.babylon.com/
26,249082,550,656,445,http://emine.ncc.metu.edu.tr/survey/web/pages2/http/www.babylon.com/
27,249632,333,626,111,http://emine.ncc.metu.edu.tr/survey/web/pages2/http/www.babylon.com/
28,249965,183,900,85,http://emine.ncc.metu.edu.tr/survey/web/pages2/http/www.babylon.com/
29,250148,300,969,100,http://emine.ncc.metu.edu.tr/survey/web/pages2/http/www.babylon.com/
30,250448,283,996,342,http://emine.ncc.metu.edu.tr/survey/web/pages2/http/www.babylon.com/
31,250731,100,873,596,http://emine.ncc.metu.edu.tr/survey/web/pages2/http/www.babylon.com/
32,250831,716,667,430,http://emine.ncc.metu.edu.tr/survey/web/pages2/http/www.babylon.com/
33,251547,133,613,348,http://emine.ncc.metu.edu.tr/survey/web/pages2/http/www.babylon.com/
34,251680,150,619,383,http://emine.ncc.metu.edu.tr/survey/web/pages2/http/www.babylon.com/
35,251830,233,378,233,http://emine.ncc.metu.edu.tr/survey/web/pages2/http/www.babylon.com/
36,252063,133,332,244,http://emine.ncc.metu.edu.tr/survey/web/pages2/http/www.babylon.com/
37,252196,200,451,152,http://emine.ncc.metu.edu.tr/survey/web/pages2/http/www.babylon.com/
38,252396,233,780,164,http://emine.ncc.metu.edu.tr/survey/web/pages2/http/www.babylon.com/
39,252629,200,698,286,http://emine.ncc.metu.edu.tr/survey/web/pages2/http/www.babylon.com/
40,252829,117,926,253,http://emine.ncc.metu.edu.tr/survey/web/pages2/http/www.babylon.com/
41,252946,166,730,581,http://emine.ncc.metu.edu.tr/survey/web/pages2/http/www.babylon.com/
42,253112,150,725,677,http://emine.ncc.metu.edu.tr/survey/web/pages2/http/www.babylon.com/
43,253262,150,707,716,http://emine.ncc.metu.edu.tr/survey/web/pages2/http/www.babylon.com/
44,253412,167,672,694,http://emine.ncc.metu.edu.tr/survey/web/pages2/http/www.babylon.com/
45,253579,416,311,672,http://emine.ncc.metu.edu.tr/survey/web/pages2/http/www.babylon.com/
46,253995,183,559,656,http://emine.ncc.metu.edu.tr/survey/web/pages2/http/www.babylon.com/
47,254178,316,526,134,http://emine.ncc.metu.edu.tr/survey/web/pages2/http/www.babylon.com/
48,254495,150,530,99,http://emine.ncc.metu.edu.tr/survey/web/pages2/http/www.babylon.com/
49,254645,233,438,109,http://emine.ncc.metu.edu.tr/survey/web/pages2/http/www.babylon.com/
50,254878,700,614,249,http://emine.ncc.metu.edu.tr/survey/web/pages2/http/www.babylon.com/
51,255577,167,334,183,http://emine.ncc.metu.edu.tr/survey/web/pages2/http/www.babylon.com/
52,255744,250,482,603,http://emine.ncc.metu.edu.tr/survey/web/pages2/http/www.babylon.com/
53,255994,216,490,676,http://emine.ncc.metu.edu.tr/survey/web/pages2/http/www.babylon.com/
54,256210,200,311,652,http://emine.ncc.metu.edu.tr/survey/web/pages2/http/www.babylon.com/
55,256410,233,868,719,http://emine.ncc.metu.edu.tr/survey/web/pages2/http/www.babylon.com/
56,256643,266,832,884,http://emine.ncc.metu.edu.tr/survey/web/pages2/http/www.babylon.com/
57,256910,483,877,712,http://emine.ncc.metu.edu.tr/survey/web/pages2/http/www.babylon.com/
58,257393,266,702,679,http://emine.ncc.metu.edu.tr/survey/web/pages2/http/www.babylon.com/
59,257659,167,305,917,http://emine.ncc.metu.edu.tr/survey/web/pages2/http/www.babylon.com/
60,257826,166,310,838,http://emine.ncc.metu.edu.tr/survey/web/pages2/http/www.babylon.com/
61,257992,216,361,820,http://emine.ncc.metu.edu.tr/survey/web/pages2/http/www.babylon.com/
62,258209,167,361,882,http://emine.ncc.metu.edu.tr/survey/web/pages2/http/www.babylon.com/
63,258375,450,485,149,http://emine.ncc.metu.edu.tr/survey/web/pages2/http/www.babylon.com/
64,258825,117,502,105,http://emine.ncc.metu.edu.tr/survey/web/pages2/http/www.babylon.com/
65,258942,167,411,108,http://emine.ncc.metu.edu.tr/survey/web/pages2/http/www.babylon.com/
66,259108,316,317,104,http://emine.ncc.metu.edu.tr/survey/web/pages2/http/www.babylon.com/
67,259425,350,477,109,http://emine.ncc.metu.edu.tr/survey/web/pages2/http/www.babylon.com/
68,259774,217,560,120,http://emine.ncc.metu.edu.tr/survey/web/pages2/http/www.babylon.com/
69,259991,450,549,187,http://emine.ncc.metu.edu.tr/survey/web/pages2/http/www.babylon.com/
70,260440,500,602,265,http://emine.ncc.metu.edu.tr/survey/web/pages2/http/www.babylon.com/
71,260940,133,321,225,http://emine.ncc.metu.edu.tr/survey/web/pages2/http/www.babylon.com/
72,261073,200,258,207,http://emine.ncc.metu.edu.tr/survey/web/pages2/http/www.babylon.com/
73,261273,233,418,165,http://emine.ncc.metu.edu.tr/survey/web/pages2/http/www.babylon.com/
74,261506,250,268,162,http://emine.ncc.metu.edu.tr/survey/web/pages2/http/www.babylon.com/
75,261756,300,433,165,http://emine.ncc.metu.edu.tr/survey/web/pages2/http/www.babylon.com/
76,262056,216,423,88,http://emine.ncc.metu.edu.tr/survey/web/pages2/http/www.babylon.com/
77,262272,216,472,105,http://emine.ncc.metu.edu.tr/survey/web/pages2/http/www.babylon.com/
78,262489,167,546,106,http://emine.ncc.metu.edu.tr/survey/web/pages2/http/www.babylon.com/
79,262656,533,919,118,http://emine.ncc.metu.edu.tr/survey/web/pages2/http/www.babylon.com/
80,263189,216,962,183,http://emine.ncc.metu.edu.tr/survey/web/pages2/http/www.babylon.com/
81,263405,416,944,258,http://emine.ncc.metu.edu.tr/survey/web/pages2/http/www.babylon.com/
82,263821,400,893,280,http://emine.ncc.metu.edu.tr/survey/web/pages2/http/www.babylon.com/
83,264221,316,927,217,http://emine.ncc.metu.edu.tr/survey/web/pages2/http/www.babylon.com/
84,264538,300,594,232,http://emine.ncc.metu.edu.tr/survey/web/pages2/http/www.babylon.com/
85,264837,150,653,506,http://emine.ncc.metu.edu.tr/survey/web/pages2/http/www.babylon.com/
86,264987,250,661,643,http://emine.ncc.metu.edu.tr/survey/web/pages2/http/www.babylon.com/
87,265237,316,695,701,http://emine.ncc.metu.edu.tr/survey/web/pages2/http/www.babylon.com/
88,265553,250,888,694,http://emine.ncc.metu.edu.tr/survey/web/pages2/http/www.babylon.com/
89,265803,350,922,904,http://emine.ncc.metu.edu.tr/survey/web/pages2/http/www.babylon.com/
90,266153,233,836,901,http://emine.ncc.metu.edu.tr/survey/web/pages2/http/www.babylon.com/
91,266386,216,1148,971,http://emine.ncc.metu.edu.tr/survey/web/pages2/http/www.babylon.com/
92,266603,266,1201,411,http://emine.ncc.metu.edu.tr/survey/web/pages2/http/www.babylon.com/
93,266869,200,185,552,http://emine.ncc.metu.edu.tr/survey/web/pages2/http/www.babylon.com/
94,267069,167,278,650,http://emine.ncc.metu.edu.tr/survey/web/pages2/http/www.babylon.com/
95,267236,383,320,721,http://emine.ncc.metu.edu.tr/survey/web/pages2/http/www.babylon.com/
96,267619,316,354,854,http://emine.ncc.metu.edu.tr/survey/web/pages2/http/www.babylon.com/
97,267935,316,402,878,http://emine.ncc.metu.edu.tr/survey/web/pages2/http/www.babylon.com/
98,268252,300,604,349,http://emine.ncc.metu.edu.tr/survey/web/pages2/http/www.babylon.com/
99,268551,133,472,847,http://emine.ncc.metu.edu.tr/survey/web/pages2/http/www.babylon.com/
100,268684,183,424,867,http://emine.ncc.metu.edu.tr/survey/web/pages2/http/www.babylon.com/
101,268868,283,384,913,http://emine.ncc.metu.edu.tr/survey/web/pages2/http/www.babylon.com/
102,269151,250,372,845,http://emine.ncc.metu.edu.tr/survey/web/pages2/http/www.babylon.com/
103,269401,133,379,804,http://emine.ncc.metu.edu.tr/survey/web/pages2/http/www.babylon.com/
104,269534,150,516,860,http://emine.ncc.metu.edu.tr/survey/web/pages2/http/www.babylon.com/
105,269800,233,590,882,http://emine.ncc.metu.edu.tr/survey/web/pages2/http/www.babylon.com/
106,270033,183,480,135,http://emine.ncc.metu.edu.tr/survey/web/pages2/http/www.babylon.com/
107,270217,200,476,205,http://emine.ncc.metu.edu.tr/survey/web/pages2/http/www.babylon.com/
108,270417,316,466,98,http://emine.ncc.metu.edu.tr/survey/web/pages2/http/www.babylon.com/
109,270733,416,337,99,http://emine.ncc.metu.edu.tr/survey/web/pages2/http/www.babylon.com/
110,271149,133,505,102,http://emine.ncc.metu.edu.tr/survey/web/pages2/http/www.babylon.com/
111,271283,183,551,107,http://emine.ncc.metu.edu.tr/survey/web/pages2/http/www.babylon.com/
112,271466,266,652,131,http://emine.ncc.metu.edu.tr/survey/web/pages2/http/www.babylon.com/
113,271732,117,393,126,http://emine.ncc.metu.edu.tr/survey/web/pages2/http/www.babylon.com/
114,271849,133,319,96,http://emine.ncc.metu.edu.tr/survey/web/pages2/http/www.babylon.com/
115,271982,183,210,89,http://emine.ncc.metu.edu.tr/survey/web/pages2/http/www.babylon.com/
116,272165,183,452,121,http://emine.ncc.metu.edu.tr/survey/web/pages2/http/www.babylon.com/
117,272348,233,464,175,http://emine.ncc.metu.edu.tr/survey/web/pages2/http/www.babylon.com/
118,272582,133,521,381,http://emine.ncc.metu.edu.tr/survey/web/pages2/http/www.babylon.com/
119,272715,183,471,440,http://emine.ncc.metu.edu.tr/survey/web/pages2/http/www.babylon.com/
120,274280,400,435,100,http://emine.ncc.metu.edu.tr/survey/web/pages2/http/www.babylon.com/
121,274830,450,438,102,http://emine.ncc.metu.edu.tr/survey/web/pages2/http/www.babylon.com/
122,275413,150,550,667,http://emine.ncc.metu.edu.tr/survey/web/pages2/http/www.babylon.com/
123,275563,217,514,703,http://emine.ncc.metu.edu.tr/survey/web/pages2/http/www.babylon.com/
124,275779,166,739,297,http://emine.ncc.metu.edu.tr/survey/web/pages2/http/www.babylon.com/
125,275946,167,863,224,http://emine.ncc.metu.edu.tr/survey/web/pages2/http/www.babylon.com/
126,276112,166,667,411,http://emine.ncc.metu.edu.tr/survey/web/pages2/http/www.babylon.com/
127,276279,200,621,411,http://emine.ncc.metu.edu.tr/survey/web/pages2/http/www.babylon.com/
128,276479,183,621,290,http://emine.ncc.metu.edu.tr/survey/web/pages2/http/www.babylon.com/
129,276662,166,658,194,http://emine.ncc.metu.edu.tr/survey/web/pages2/http/www.babylon.com/
130,276828,167,628,224,http://emine.ncc.metu.edu.tr/survey/web/pages2/http/www.babylon.com/
131,276995,216,329,199,http://emine.ncc.metu.edu.tr/survey/web/pages2/http/www.babylon.com/
132,277212,450,930,113,http://emine.ncc.metu.edu.tr/survey/web/pages2/http/www.babylon.com/
133,277661,283,967,102,http://emine.ncc.metu.edu.tr/survey/web/pages2/http/www.babylon.com/
134,277944,233,342,82,http://emine.ncc.metu.edu.tr/survey/web/pages2/http/www.babylon.com/
135,278178,216,208,69,http://emine.ncc.metu.edu.tr/survey/web/pages2/http/www.babylon.com/
136,278394,433,331,84,http://emine.ncc.metu.edu.tr/survey/web/pages2/http/www.babylon.com/
137,278827,283,630,92,http://emine.ncc.metu.edu.tr/survey/web/pages2/http/www.babylon.com/
138,279110,166,563,92,http://emine.ncc.metu.edu.tr/survey/web/pages2/http/www.babylon.com/
139,279277,183,383,732,http://emine.ncc.metu.edu.tr/survey/web/pages2/http/www.babylon.com/
140,279460,400,290,658,http://emine.ncc.metu.edu.tr/survey/web/pages2/http/www.babylon.com/
141,279860,133,359,662,http://emine.ncc.metu.edu.tr/survey/web/pages2/http/www.babylon.com/
142,279993,216,515,658,http://emine.ncc.metu.edu.tr/survey/web/pages2/http/www.babylon.com/
143,280209,350,690,686,http://emine.ncc.metu.edu.tr/survey/web/pages2/http/www.babylon.com/
144,280559,583,870,712,http://emine.ncc.metu.edu.tr/survey/web/pages2/http/www.babylon.com/
145,281142,250,658,731,http://emine.ncc.metu.edu.tr/survey/web/pages2/http/www.babylon.com/
146,281392,400,576,891,http://emine.ncc.metu.edu.tr/survey/web/pages2/http/www.babylon.com/
147,281791,217,867,910,http://emine.ncc.metu.edu.tr/survey/web/pages2/http/www.babylon.com/
148,282008,183,823,911,http://emine.ncc.metu.edu.tr/survey/web/pages2/http/www.babylon.com/
149,282191,233,287,854,http://emine.ncc.metu.edu.tr/survey/web/pages2/http/www.babylon.com/
150,282424,216,750,884,http://emine.ncc.metu.edu.tr/survey/web/pages2/http/www.babylon.com/
151,282641,316,404,838,http://emine.ncc.metu.edu.tr/survey/web/pages2/http/www.babylon.com/
152,282957,283,534,866,http://emine.ncc.metu.edu.tr/survey/web/pages2/http/www.babylon.com/
153,283241,200,597,879,http://emine.ncc.metu.edu.tr/survey/web/pages2/http/www.babylon.com/
154,283440,283,659,886,http://emine.ncc.metu.edu.tr/survey/web/pages2/http/www.babylon.com/
155,283723,350,496,866,http://emine.ncc.metu.edu.tr/survey/web/pages2/http/www.babylon.com/
156,284073,250,501,905,http://emine.ncc.metu.edu.tr/survey/web/pages2/http/www.babylon.com/
157,284323,250,810,901,http://emine.ncc.metu.edu.tr/survey/web/pages2/http/www.babylon.com/
158,284573,250,763,890,http://emine.ncc.metu.edu.tr/survey/web/pages2/http/www.babylon.com/
159,284823,316,835,885,http://emine.ncc.metu.edu.tr/survey/web/pages2/http/www.babylon.com/
160,285139,150,870,890,http://emine.ncc.metu.edu.tr/survey/web/pages2/http/www.babylon.com/
161,285289,483,957,892,http://emine.ncc.metu.edu.tr/survey/web/pages2/http/www.babylon.com/
162,285772,683,666,882,http://emine.ncc.metu.edu.tr/survey/web/pages2/http/www.babylon.com/
163,286455,350,591,863,http://emine.ncc.metu.edu.tr/survey/web/pages2/http/www.babylon.com/
164,286805,500,505,857,http://emine.ncc.metu.edu.tr/survey/web/pages2/http/www.babylon.com/
165,287304,150,371,846,http://emine.ncc.metu.edu.tr/survey/web/pages2/http/www.babylon.com/
166,287454,100,381,796,http://emine.ncc.metu.edu.tr/survey/web/pages2/http/www.babylon.com/
167,287554,216,360,829,http://emine.ncc.metu.edu.tr/survey/web/pages2/http/www.babylon.com/
168,287771,433,287,839,http://emine.ncc.metu.edu.tr/survey/web/pages2/http/www.babylon.com/
169,288204,100,274,783,http://emine.ncc.metu.edu.tr/survey/web/pages2/http/www.babylon.com/
170,288304,250,355,865,http://emine.ncc.metu.edu.tr/survey/web/pages2/http/www.babylon.com/
171,288553,283,529,904,http://emine.ncc.metu.edu.tr/survey/web/pages2/http/www.babylon.com/
172,288837,216,824,922,http://emine.ncc.metu.edu.tr/survey/web/pages2/http/www.babylon.com/
173,289053,200,449,643,http://emine.ncc.metu.edu.tr/survey/web/pages2/http/www.babylon.com/
174,289253,200,470,675,http://emine.ncc.metu.edu.tr/survey/web/pages2/http/www.babylon.com/
175,289453,350,701,698,http://emine.ncc.metu.edu.tr/survey/web/pages2/http/www.babylon.com/
176,289802,266,861,684,http://emine.ncc.metu.edu.tr/survey/web/pages2/http/www.babylon.com/
177,290069,533,290,661,http://emine.ncc.metu.edu.tr/survey/web/pages2/http/www.babylon.com/
178,290602,250,355,647,http://emine.ncc.metu.edu.tr/survey/web/pages2/http/www.babylon.com/
179,290852,266,265,501,http://emine.ncc.metu.edu.tr/survey/web/pages2/http/www.babylon.com/
180,291118,233,608,400,http://emine.ncc.metu.edu.tr/survey/web/pages2/http/www.babylon.com/
181,291351,133,499,298,http://emine.ncc.metu.edu.tr/survey/web/pages2/http/www.babylon.com/
182,291485,166,284,534,http://emine.ncc.metu.edu.tr/survey/web/pages2/http/www.babylon.com/
183,291651,316,254,505,http://emine.ncc.metu.edu.tr/survey/web/pages2/http/www.babylon.com/
184,291968,250,308,498,http://emine.ncc.metu.edu.tr/survey/web/pages2/http/www.babylon.com/
185,292217,483,229,501,http://emine.ncc.metu.edu.tr/survey/web/pages2/http/www.babylon.com/
186,292700,233,309,518,http://emine.ncc.metu.edu.tr/survey/web/pages2/http/www.babylon.com/
187,292934,150,222,508,http://emine.ncc.metu.edu.tr/survey/web/pages2/http/www.babylon.com/
188,293083,100,195,464,http://emine.ncc.metu.edu.tr/survey/web/pages2/http/www.babylon.com/
189,293183,150,211,514,http://emine.ncc.metu.edu.tr/survey/web/pages2/http/www.babylon.com/
190,293333,117,279,510,http://emine.ncc.metu.edu.tr/survey/web/pages2/http/www.babylon.com/
191,293450,100,563,507,http://emine.ncc.metu.edu.tr/survey/web/pages2/http/www.babylon.com/
192,293766,216,1010,570,http://emine.ncc.metu.edu.tr/survey/web/pages2/http/www.babylon.com/
193,293983,233,1106,393,http://emine.ncc.metu.edu.tr/survey/web/pages2/http/www.babylon.com/
194,294216,250,957,312,http://emine.ncc.metu.edu.tr/survey/web/pages2/http/www.babylon.com/
195,294466,350,822,660,http://emine.ncc.metu.edu.tr/survey/web/pages2/http/www.babylon.com/
196,294816,183,770,599,http://emine.ncc.metu.edu.tr/survey/web/pages2/http/www.babylon.com/
197,294999,233,709,693,http://emine.ncc.metu.edu.tr/survey/web/pages2/http/www.babylon.com/
198,295232,383,369,506,http://emine.ncc.metu.edu.tr/survey/web/pages2/http/www.babylon.com/
199,295615,450,679,707,http://emine.ncc.metu.edu.tr/survey/web/pages2/http/www.babylon.com/
200,296065,167,375,696,http://emine.ncc.metu.edu.tr/survey/web/pages2/http/www.babylon.com/
201,296231,433,299,666,http://emine.ncc.metu.edu.tr/survey/web/pages2/http/www.babylon.com/
202,296664,383,267,490,http://emine.ncc.metu.edu.tr/survey/web/pages2/http/www.babylon.com/
203,297047,416,289,664,http://emine.ncc.metu.edu.tr/survey/web/pages2/http/www.babylon.com/
204,297464,200,319,684,http://emine.ncc.metu.edu.tr/survey/web/pages2/http/www.babylon.com/
205,297830,466,349,651,http://emine.ncc.metu.edu.tr/survey/web/pages2/http/www.babylon.com/
206,298296,183,386,663,http://emine.ncc.metu.edu.tr/survey/web/pages2/http/www.babylon.com/
207,298480,400,501,670,http://emine.ncc.metu.edu.tr/survey/web/pages2/http/www.babylon.com/
208,298879,416,556,673,http://emine.ncc.metu.edu.tr/survey/web/pages2/http/www.babylon.com/
209,299296,916,686,689,http://emine.ncc.metu.edu.tr/survey/web/pages2/http/www.babylon.com/
210,300212,283,757,690,http://emine.ncc.metu.edu.tr/survey/web/pages2/http/www.babylon.com/
211,300495,516,902,691,http://emine.ncc.metu.edu.tr/survey/web/pages2/http/www.babylon.com/
212,301011,566,949,701,http://emine.ncc.metu.edu.tr/survey/web/pages2/http/www.babylon.com/
213,301694,83,975,635,http://emine.ncc.metu.edu.tr/survey/web/pages2/http/www.babylon.com/
214,301944,416,949,709,http://emine.ncc.metu.edu.tr/survey/web/pages2/http/www.babylon.com/
215,302360,167,867,739,http://emine.ncc.metu.edu.tr/survey/web/pages2/http/www.babylon.com/
216,302527,183,350,356,http://emine.ncc.metu.edu.tr/survey/web/pages2/http/www.babylon.com/
217,302710,233,333,283,http://emine.ncc.metu.edu.tr/survey/web/pages2/http/www.babylon.com/
218,302943,233,453,192,http://emine.ncc.metu.edu.tr/survey/web/pages2/http/www.babylon.com/
219,303176,167,367,238,http://emine.ncc.metu.edu.tr/survey/web/pages2/http/www.babylon.com/
220,303493,150,809,274,http://emine.ncc.metu.edu.tr/survey/web/pages2/http/www.babylon.com/
221,303642,266,915,273,http://emine.ncc.metu.edu.tr/survey/web/pages2/http/www.babylon.com/
222,303909,266,659,402,http://emine.ncc.metu.edu.tr/survey/web/pages2/http/www.babylon.com/