FixationIndex,Timestamp,FixationDuration,MappedFixationPointX,MappedFixationPointY,StimuliName
1,1496,250,768,660,http://emine.ncc.metu.edu.tr/survey/web/pages2/http/www.babylon.com/
2,1746,383,608,424,http://emine.ncc.metu.edu.tr/survey/web/pages2/http/www.babylon.com/
3,2129,283,639,396,http://emine.ncc.metu.edu.tr/survey/web/pages2/http/www.babylon.com/
4,2412,316,156,448,http://emine.ncc.metu.edu.tr/survey/web/pages2/http/www.babylon.com/
5,2729,233,279,963,http://emine.ncc.metu.edu.tr/survey/web/pages2/http/www.babylon.com/
6,2962,183,978,931,http://emine.ncc.metu.edu.tr/survey/web/pages2/http/www.babylon.com/
7,3145,283,604,608,http://emine.ncc.metu.edu.tr/survey/web/pages2/http/www.babylon.com/
8,3428,899,651,360,http://emine.ncc.metu.edu.tr/survey/web/pages2/http/www.babylon.com/
9,4327,416,650,406,http://emine.ncc.metu.edu.tr/survey/web/pages2/http/www.babylon.com/
10,4744,166,671,439,http://emine.ncc.metu.edu.tr/survey/web/pages2/http/www.babylon.com/
11,4910,250,388,251,http://emine.ncc.metu.edu.tr/survey/web/pages2/http/www.babylon.com/
12,5160,583,363,135,http://emine.ncc.metu.edu.tr/survey/web/pages2/http/www.babylon.com/
13,5743,167,614,325,http://emine.ncc.metu.edu.tr/survey/web/pages2/http/www.babylon.com/
14,5910,366,650,395,http://emine.ncc.metu.edu.tr/survey/web/pages2/http/www.babylon.com/
15,6276,150,751,564,http://emine.ncc.metu.edu.tr/survey/web/pages2/http/www.babylon.com/
16,6426,250,633,440,http://emine.ncc.metu.edu.tr/survey/web/pages2/http/www.babylon.com/
17,6676,1316,648,394,http://emine.ncc.metu.edu.tr/survey/web/pages2/http/www.babylon.com/
18,7992,117,617,423,http://emine.ncc.metu.edu.tr/survey/web/pages2/http/www.babylon.com/
19,8108,100,617,380,http://emine.ncc.metu.edu.tr/survey/web/pages2/http/www.babylon.com/
20,8208,2581,653,418,http://emine.ncc.metu.edu.tr/survey/web/pages2/http/www.babylon.com/
21,10790,183,588,421,http://emine.ncc.metu.edu.tr/survey/web/pages2/http/www.babylon.com/
22,10973,217,282,463,http://emine.ncc.metu.edu.tr/survey/web/pages2/http/www.babylon.com/
23,11189,516,681,396,http://emine.ncc.metu.edu.tr/survey/web/pages2/http/www.babylon.com/
24,11955,100,653,357,http://emine.ncc.metu.edu.tr/survey/web/pages2/http/www.babylon.com/
25,12055,1949,649,394,http://emine.ncc.metu.edu.tr/survey/web/pages2/http/www.babylon.com/
26,14004,650,693,396,http://emine.ncc.metu.edu.tr/survey/web/pages2/http/www.babylon.com/
27,14903,83,503,632,http://emine.ncc.metu.edu.tr/survey/web/pages2/http/www.babylon.com/
28,14986,316,639,384,http://emine.ncc.metu.edu.tr/survey/web/pages2/http/www.babylon.com/
29,15303,316,675,400,http://emine.ncc.metu.edu.tr/survey/web/pages2/http/www.babylon.com/
30,15619,100,668,357,http://emine.ncc.metu.edu.tr/survey/web/pages2/http/www.babylon.com/
31,15719,250,627,425,http://emine.ncc.metu.edu.tr/survey/web/pages2/http/www.babylon.com/
32,15969,233,672,421,http://emine.ncc.metu.edu.tr/survey/web/pages2/http/www.babylon.com/
33,16202,383,621,280,http://emine.ncc.metu.edu.tr/survey/web/pages2/http/www.babylon.com/
34,16585,166,371,264,http://emine.ncc.metu.edu.tr/survey/web/pages2/http/www.babylon.com/
35,16752,183,324,284,http://emine.ncc.metu.edu.tr/survey/web/pages2/http/www.babylon.com/
36,16935,383,640,452,http://emine.ncc.metu.edu.tr/survey/web/pages2/http/www.babylon.com/
37,17318,150,668,653,http://emine.ncc.metu.edu.tr/survey/web/pages2/http/www.babylon.com/
38,17468,150,722,669,http://emine.ncc.metu.edu.tr/survey/web/pages2/http/www.babylon.com/
39,17618,167,680,398,http://emine.ncc.metu.edu.tr/survey/web/pages2/http/www.babylon.com/
40,17784,166,677,361,http://emine.ncc.metu.edu.tr/survey/web/pages2/http/www.babylon.com/
41,17951,333,646,408,http://emine.ncc.metu.edu.tr/survey/web/pages2/http/www.babylon.com/
42,18284,166,656,211,http://emine.ncc.metu.edu.tr/survey/web/pages2/http/www.babylon.com/
43,18450,233,422,136,http://emine.ncc.metu.edu.tr/survey/web/pages2/http/www.babylon.com/
44,18684,183,609,117,http://emine.ncc.metu.edu.tr/survey/web/pages2/http/www.babylon.com/
45,18867,166,977,160,http://emine.ncc.metu.edu.tr/survey/web/pages2/http/www.babylon.com/
46,19033,283,972,196,http://emine.ncc.metu.edu.tr/survey/web/pages2/http/www.babylon.com/
47,19317,233,709,193,http://emine.ncc.metu.edu.tr/survey/web/pages2/http/www.babylon.com/
48,19550,150,331,116,http://emine.ncc.metu.edu.tr/survey/web/pages2/http/www.babylon.com/
49,19700,200,302,37,http://emine.ncc.metu.edu.tr/survey/web/pages2/http/www.babylon.com/
50,19899,166,339,46,http://emine.ncc.metu.edu.tr/survey/web/pages2/http/www.babylon.com/
51,20066,300,240,26,http://emine.ncc.metu.edu.tr/survey/web/pages2/http/www.babylon.com/
52,20366,266,284,792,http://emine.ncc.metu.edu.tr/survey/web/pages2/http/www.babylon.com/
53,20632,366,286,673,http://emine.ncc.metu.edu.tr/survey/web/pages2/http/www.babylon.com/
54,20999,166,541,699,http://emine.ncc.metu.edu.tr/survey/web/pages2/http/www.babylon.com/
55,21165,250,492,709,http://emine.ncc.metu.edu.tr/survey/web/pages2/http/www.babylon.com/
56,21415,167,556,706,http://emine.ncc.metu.edu.tr/survey/web/pages2/http/www.babylon.com/
57,21582,416,712,696,http://emine.ncc.metu.edu.tr/survey/web/pages2/http/www.babylon.com/
58,21998,183,529,667,http://emine.ncc.metu.edu.tr/survey/web/pages2/http/www.babylon.com/
59,22181,200,312,506,http://emine.ncc.metu.edu.tr/survey/web/pages2/http/www.babylon.com/
60,22381,100,246,435,http://emine.ncc.metu.edu.tr/survey/web/pages2/http/www.babylon.com/
61,22481,183,255,483,http://emine.ncc.metu.edu.tr/survey/web/pages2/http/www.babylon.com/
62,22664,183,403,638,http://emine.ncc.metu.edu.tr/survey/web/pages2/http/www.babylon.com/
63,22847,100,544,709,http://emine.ncc.metu.edu.tr/survey/web/pages2/http/www.babylon.com/
64,22947,283,494,708,http://emine.ncc.metu.edu.tr/survey/web/pages2/http/www.babylon.com/
65,23230,166,553,708,http://emine.ncc.metu.edu.tr/survey/web/pages2/http/www.babylon.com/
66,23397,266,293,732,http://emine.ncc.metu.edu.tr/survey/web/pages2/http/www.babylon.com/
67,23663,300,288,675,http://emine.ncc.metu.edu.tr/survey/web/pages2/http/www.babylon.com/
68,23963,583,319,724,http://emine.ncc.metu.edu.tr/survey/web/pages2/http/www.babylon.com/
69,24546,117,535,734,http://emine.ncc.metu.edu.tr/survey/web/pages2/http/www.babylon.com/
70,24663,266,498,728,http://emine.ncc.metu.edu.tr/survey/web/pages2/http/www.babylon.com/
71,24929,266,558,711,http://emine.ncc.metu.edu.tr/survey/web/pages2/http/www.babylon.com/
72,25196,183,570,669,http://emine.ncc.metu.edu.tr/survey/web/pages2/http/www.babylon.com/
73,25379,450,679,707,http://emine.ncc.metu.edu.tr/survey/web/pages2/http/www.babylon.com/
74,25828,383,716,698,http://emine.ncc.metu.edu.tr/survey/web/pages2/http/www.babylon.com/
75,26211,666,900,695,http://emine.ncc.metu.edu.tr/survey/web/pages2/http/www.babylon.com/
76,26878,250,973,683,http://emine.ncc.metu.edu.tr/survey/web/pages2/http/www.babylon.com/
77,27460,133,983,692,http://emine.ncc.metu.edu.tr/survey/web/pages2/http/www.babylon.com/
78,27594,233,864,703,http://emine.ncc.metu.edu.tr/survey/web/pages2/http/www.babylon.com/
79,27827,166,338,684,http://emine.ncc.metu.edu.tr/survey/web/pages2/http/www.babylon.com/
80,27993,250,272,481,http://emine.ncc.metu.edu.tr/survey/web/pages2/http/www.babylon.com/
81,28243,116,304,458,http://emine.ncc.metu.edu.tr/survey/web/pages2/http/www.babylon.com/
82,28360,217,657,397,http://emine.ncc.metu.edu.tr/survey/web/pages2/http/www.babylon.com/
83,28576,216,343,560,http://emine.ncc.metu.edu.tr/survey/web/pages2/http/www.babylon.com/
84,28793,366,668,396,http://emine.ncc.metu.edu.tr/survey/web/pages2/http/www.babylon.com/
85,29159,100,699,377,http://emine.ncc.metu.edu.tr/survey/web/pages2/http/www.babylon.com/
86,29259,716,662,398,http://emine.ncc.metu.edu.tr/survey/web/pages2/http/www.babylon.com/