FixationIndex,Timestamp,FixationDuration,MappedFixationPointX,MappedFixationPointY,StimuliName
1,392053,183,292,489,http://emine.ncc.metu.edu.tr/survey/web/pages2/http/www.babylon.com/
2,392236,183,517,264,http://emine.ncc.metu.edu.tr/survey/web/pages2/http/www.babylon.com/
3,392419,200,383,171,http://emine.ncc.metu.edu.tr/survey/web/pages2/http/www.babylon.com/
4,392619,166,542,78,http://emine.ncc.metu.edu.tr/survey/web/pages2/http/www.babylon.com/
5,392786,250,636,390,http://emine.ncc.metu.edu.tr/survey/web/pages2/http/www.babylon.com/
6,393202,100,606,457,http://emine.ncc.metu.edu.tr/survey/web/pages2/http/www.babylon.com/
7,393302,166,472,278,http://emine.ncc.metu.edu.tr/survey/web/pages2/http/www.babylon.com/
8,393469,200,356,270,http://emine.ncc.metu.edu.tr/survey/web/pages2/http/www.babylon.com/
9,393669,283,632,394,http://emine.ncc.metu.edu.tr/survey/web/pages2/http/www.babylon.com/
10,393952,283,640,276,http://emine.ncc.metu.edu.tr/survey/web/pages2/http/www.babylon.com/
11,394235,133,666,388,http://emine.ncc.metu.edu.tr/survey/web/pages2/http/www.babylon.com/
12,394368,200,378,552,http://emine.ncc.metu.edu.tr/survey/web/pages2/http/www.babylon.com/
13,394568,400,682,416,http://emine.ncc.metu.edu.tr/survey/web/pages2/http/www.babylon.com/
14,394968,316,923,271,http://emine.ncc.metu.edu.tr/survey/web/pages2/http/www.babylon.com/
15,395284,266,641,273,http://emine.ncc.metu.edu.tr/survey/web/pages2/http/www.babylon.com/
16,395734,133,654,379,http://emine.ncc.metu.edu.tr/survey/web/pages2/http/www.babylon.com/
17,395867,966,636,433,http://emine.ncc.metu.edu.tr/survey/web/pages2/http/www.babylon.com/
18,396833,416,672,443,http://emine.ncc.metu.edu.tr/survey/web/pages2/http/www.babylon.com/
19,397249,533,634,445,http://emine.ncc.metu.edu.tr/survey/web/pages2/http/www.babylon.com/
20,397782,117,682,443,http://emine.ncc.metu.edu.tr/survey/web/pages2/http/www.babylon.com/
21,397899,200,643,306,http://emine.ncc.metu.edu.tr/survey/web/pages2/http/www.babylon.com/
22,398099,300,656,380,http://emine.ncc.metu.edu.tr/survey/web/pages2/http/www.babylon.com/
23,398398,100,911,34,http://emine.ncc.metu.edu.tr/survey/web/pages2/http/www.babylon.com/
24,398498,100,912,77,http://emine.ncc.metu.edu.tr/survey/web/pages2/http/www.babylon.com/
25,398598,150,948,39,http://emine.ncc.metu.edu.tr/survey/web/pages2/http/www.babylon.com/
26,398748,133,667,57,http://emine.ncc.metu.edu.tr/survey/web/pages2/http/www.babylon.com/
27,398881,266,623,350,http://emine.ncc.metu.edu.tr/survey/web/pages2/http/www.babylon.com/
28,399148,233,647,426,http://emine.ncc.metu.edu.tr/survey/web/pages2/http/www.babylon.com/
29,399381,250,328,542,http://emine.ncc.metu.edu.tr/survey/web/pages2/http/www.babylon.com/
30,399631,633,630,416,http://emine.ncc.metu.edu.tr/survey/web/pages2/http/www.babylon.com/
31,400264,283,666,421,http://emine.ncc.metu.edu.tr/survey/web/pages2/http/www.babylon.com/
32,400547,183,860,667,http://emine.ncc.metu.edu.tr/survey/web/pages2/http/www.babylon.com/
33,400730,150,718,643,http://emine.ncc.metu.edu.tr/survey/web/pages2/http/www.babylon.com/
34,400880,133,651,678,http://emine.ncc.metu.edu.tr/survey/web/pages2/http/www.babylon.com/
35,401013,116,470,684,http://emine.ncc.metu.edu.tr/survey/web/pages2/http/www.babylon.com/
36,401130,167,349,678,http://emine.ncc.metu.edu.tr/survey/web/pages2/http/www.babylon.com/
37,401296,150,312,680,http://emine.ncc.metu.edu.tr/survey/web/pages2/http/www.babylon.com/
38,401446,483,628,452,http://emine.ncc.metu.edu.tr/survey/web/pages2/http/www.babylon.com/
39,402079,117,680,411,http://emine.ncc.metu.edu.tr/survey/web/pages2/http/www.babylon.com/
40,402196,200,643,355,http://emine.ncc.metu.edu.tr/survey/web/pages2/http/www.babylon.com/
41,402395,133,594,164,http://emine.ncc.metu.edu.tr/survey/web/pages2/http/www.babylon.com/
42,402529,133,547,88,http://emine.ncc.metu.edu.tr/survey/web/pages2/http/www.babylon.com/
43,402662,183,335,120,http://emine.ncc.metu.edu.tr/survey/web/pages2/http/www.babylon.com/
44,402845,266,605,365,http://emine.ncc.metu.edu.tr/survey/web/pages2/http/www.babylon.com/
45,403112,116,474,89,http://emine.ncc.metu.edu.tr/survey/web/pages2/http/www.babylon.com/
46,403228,133,441,52,http://emine.ncc.metu.edu.tr/survey/web/pages2/http/www.babylon.com/
47,403361,233,580,375,http://emine.ncc.metu.edu.tr/survey/web/pages2/http/www.babylon.com/
48,403595,200,544,394,http://emine.ncc.metu.edu.tr/survey/web/pages2/http/www.babylon.com/
49,403795,266,367,264,http://emine.ncc.metu.edu.tr/survey/web/pages2/http/www.babylon.com/
50,404061,233,322,126,http://emine.ncc.metu.edu.tr/survey/web/pages2/http/www.babylon.com/
51,404294,167,441,142,http://emine.ncc.metu.edu.tr/survey/web/pages2/http/www.babylon.com/
52,404461,233,355,276,http://emine.ncc.metu.edu.tr/survey/web/pages2/http/www.babylon.com/
53,404694,283,633,260,http://emine.ncc.metu.edu.tr/survey/web/pages2/http/www.babylon.com/
54,404977,366,351,521,http://emine.ncc.metu.edu.tr/survey/web/pages2/http/www.babylon.com/
55,405343,183,522,612,http://emine.ncc.metu.edu.tr/survey/web/pages2/http/www.babylon.com/
56,405527,200,530,694,http://emine.ncc.metu.edu.tr/survey/web/pages2/http/www.babylon.com/
57,405726,133,495,698,http://emine.ncc.metu.edu.tr/survey/web/pages2/http/www.babylon.com/
58,405860,266,331,676,http://emine.ncc.metu.edu.tr/survey/web/pages2/http/www.babylon.com/
59,406126,516,308,519,http://emine.ncc.metu.edu.tr/survey/web/pages2/http/www.babylon.com/
60,406642,1349,300,686,http://emine.ncc.metu.edu.tr/survey/web/pages2/http/www.babylon.com/
61,407991,250,338,687,http://emine.ncc.metu.edu.tr/survey/web/pages2/http/www.babylon.com/
62,408241,550,382,688,http://emine.ncc.metu.edu.tr/survey/web/pages2/http/www.babylon.com/
63,408791,616,496,683,http://emine.ncc.metu.edu.tr/survey/web/pages2/http/www.babylon.com/
64,409407,483,552,683,http://emine.ncc.metu.edu.tr/survey/web/pages2/http/www.babylon.com/
65,409890,616,683,683,http://emine.ncc.metu.edu.tr/survey/web/pages2/http/www.babylon.com/
66,410506,366,733,682,http://emine.ncc.metu.edu.tr/survey/web/pages2/http/www.babylon.com/
67,410873,766,871,681,http://emine.ncc.metu.edu.tr/survey/web/pages2/http/www.babylon.com/
68,411639,383,947,682,http://emine.ncc.metu.edu.tr/survey/web/pages2/http/www.babylon.com/
69,412022,133,326,503,http://emine.ncc.metu.edu.tr/survey/web/pages2/http/www.babylon.com/
70,412322,83,223,437,http://emine.ncc.metu.edu.tr/survey/web/pages2/http/www.babylon.com/
71,412405,133,402,257,http://emine.ncc.metu.edu.tr/survey/web/pages2/http/www.babylon.com/
72,412538,233,420,192,http://emine.ncc.metu.edu.tr/survey/web/pages2/http/www.babylon.com/
73,412771,183,293,30,http://emine.ncc.metu.edu.tr/survey/web/pages2/http/www.babylon.com/
74,413138,183,661,291,http://emine.ncc.metu.edu.tr/survey/web/pages2/http/www.babylon.com/