FixationIndex,Timestamp,FixationDuration,MappedFixationPointX,MappedFixationPointY,StimuliName
1,214230,166,670,768,http://emine.ncc.metu.edu.tr/survey/web/pages2/http/www.babylon.com/
2,214580,216,653,423,http://emine.ncc.metu.edu.tr/survey/web/pages2/http/www.babylon.com/
3,214796,166,489,158,http://emine.ncc.metu.edu.tr/survey/web/pages2/http/www.babylon.com/
4,214963,217,303,117,http://emine.ncc.metu.edu.tr/survey/web/pages2/http/www.babylon.com/
5,215179,200,226,55,http://emine.ncc.metu.edu.tr/survey/web/pages2/http/www.babylon.com/
6,215379,216,824,71,http://emine.ncc.metu.edu.tr/survey/web/pages2/http/www.babylon.com/
7,215596,250,932,149,http://emine.ncc.metu.edu.tr/survey/web/pages2/http/www.babylon.com/
8,215845,233,973,190,http://emine.ncc.metu.edu.tr/survey/web/pages2/http/www.babylon.com/
9,216078,183,421,171,http://emine.ncc.metu.edu.tr/survey/web/pages2/http/www.babylon.com/
10,216262,183,321,143,http://emine.ncc.metu.edu.tr/survey/web/pages2/http/www.babylon.com/
11,216445,183,683,72,http://emine.ncc.metu.edu.tr/survey/web/pages2/http/www.babylon.com/
12,216628,233,903,59,http://emine.ncc.metu.edu.tr/survey/web/pages2/http/www.babylon.com/
13,216861,166,750,283,http://emine.ncc.metu.edu.tr/survey/web/pages2/http/www.babylon.com/
14,217028,183,750,406,http://emine.ncc.metu.edu.tr/survey/web/pages2/http/www.babylon.com/
15,217211,200,631,252,http://emine.ncc.metu.edu.tr/survey/web/pages2/http/www.babylon.com/
16,217411,283,518,142,http://emine.ncc.metu.edu.tr/survey/web/pages2/http/www.babylon.com/
17,217694,183,382,432,http://emine.ncc.metu.edu.tr/survey/web/pages2/http/www.babylon.com/
18,217877,216,357,829,http://emine.ncc.metu.edu.tr/survey/web/pages2/http/www.babylon.com/
19,218094,233,407,913,http://emine.ncc.metu.edu.tr/survey/web/pages2/http/www.babylon.com/
20,218327,200,596,891,http://emine.ncc.metu.edu.tr/survey/web/pages2/http/www.babylon.com/
21,218527,250,801,918,http://emine.ncc.metu.edu.tr/survey/web/pages2/http/www.babylon.com/
22,218777,233,532,711,http://emine.ncc.metu.edu.tr/survey/web/pages2/http/www.babylon.com/
23,219010,216,602,423,http://emine.ncc.metu.edu.tr/survey/web/pages2/http/www.babylon.com/
24,219226,500,630,400,http://emine.ncc.metu.edu.tr/survey/web/pages2/http/www.babylon.com/
25,219726,250,680,427,http://emine.ncc.metu.edu.tr/survey/web/pages2/http/www.babylon.com/
26,219976,316,568,424,http://emine.ncc.metu.edu.tr/survey/web/pages2/http/www.babylon.com/
27,220292,183,654,407,http://emine.ncc.metu.edu.tr/survey/web/pages2/http/www.babylon.com/
28,220475,483,704,403,http://emine.ncc.metu.edu.tr/survey/web/pages2/http/www.babylon.com/
29,220958,650,631,427,http://emine.ncc.metu.edu.tr/survey/web/pages2/http/www.babylon.com/
30,221608,216,590,269,http://emine.ncc.metu.edu.tr/survey/web/pages2/http/www.babylon.com/
31,221824,233,326,253,http://emine.ncc.metu.edu.tr/survey/web/pages2/http/www.babylon.com/
32,222057,133,325,187,http://emine.ncc.metu.edu.tr/survey/web/pages2/http/www.babylon.com/
33,222191,450,628,383,http://emine.ncc.metu.edu.tr/survey/web/pages2/http/www.babylon.com/
34,222640,166,735,402,http://emine.ncc.metu.edu.tr/survey/web/pages2/http/www.babylon.com/
35,222807,250,1146,424,http://emine.ncc.metu.edu.tr/survey/web/pages2/http/www.babylon.com/
36,223057,283,959,793,http://emine.ncc.metu.edu.tr/survey/web/pages2/http/www.babylon.com/
37,223340,216,695,372,http://emine.ncc.metu.edu.tr/survey/web/pages2/http/www.babylon.com/
38,223556,316,635,377,http://emine.ncc.metu.edu.tr/survey/web/pages2/http/www.babylon.com/
39,223873,1382,656,419,http://emine.ncc.metu.edu.tr/survey/web/pages2/http/www.babylon.com/
40,225255,483,699,430,http://emine.ncc.metu.edu.tr/survey/web/pages2/http/www.babylon.com/
41,225738,200,787,526,http://emine.ncc.metu.edu.tr/survey/web/pages2/http/www.babylon.com/
42,225938,266,716,575,http://emine.ncc.metu.edu.tr/survey/web/pages2/http/www.babylon.com/
43,226205,383,688,350,http://emine.ncc.metu.edu.tr/survey/web/pages2/http/www.babylon.com/
44,226588,216,844,299,http://emine.ncc.metu.edu.tr/survey/web/pages2/http/www.babylon.com/
45,226804,250,637,261,http://emine.ncc.metu.edu.tr/survey/web/pages2/http/www.babylon.com/
46,227054,233,748,552,http://emine.ncc.metu.edu.tr/survey/web/pages2/http/www.babylon.com/
47,227287,200,882,588,http://emine.ncc.metu.edu.tr/survey/web/pages2/http/www.babylon.com/
48,227487,316,891,258,http://emine.ncc.metu.edu.tr/survey/web/pages2/http/www.babylon.com/
49,227803,200,646,258,http://emine.ncc.metu.edu.tr/survey/web/pages2/http/www.babylon.com/
50,228003,183,882,187,http://emine.ncc.metu.edu.tr/survey/web/pages2/http/www.babylon.com/
51,228186,400,968,192,http://emine.ncc.metu.edu.tr/survey/web/pages2/http/www.babylon.com/
52,228586,200,688,144,http://emine.ncc.metu.edu.tr/survey/web/pages2/http/www.babylon.com/
53,228786,216,567,140,http://emine.ncc.metu.edu.tr/survey/web/pages2/http/www.babylon.com/
54,229002,166,398,146,http://emine.ncc.metu.edu.tr/survey/web/pages2/http/www.babylon.com/
55,229169,266,278,142,http://emine.ncc.metu.edu.tr/survey/web/pages2/http/www.babylon.com/
56,229435,233,259,206,http://emine.ncc.metu.edu.tr/survey/web/pages2/http/www.babylon.com/
57,229669,216,295,265,http://emine.ncc.metu.edu.tr/survey/web/pages2/http/www.babylon.com/
58,229885,283,320,521,http://emine.ncc.metu.edu.tr/survey/web/pages2/http/www.babylon.com/
59,230168,200,526,715,http://emine.ncc.metu.edu.tr/survey/web/pages2/http/www.babylon.com/
60,230368,200,786,664,http://emine.ncc.metu.edu.tr/survey/web/pages2/http/www.babylon.com/
61,230568,250,895,685,http://emine.ncc.metu.edu.tr/survey/web/pages2/http/www.babylon.com/
62,230818,200,726,825,http://emine.ncc.metu.edu.tr/survey/web/pages2/http/www.babylon.com/
63,231018,250,867,253,http://emine.ncc.metu.edu.tr/survey/web/pages2/http/www.babylon.com/
64,231267,250,877,168,http://emine.ncc.metu.edu.tr/survey/web/pages2/http/www.babylon.com/
65,231517,216,624,243,http://emine.ncc.metu.edu.tr/survey/web/pages2/http/www.babylon.com/
66,231734,300,332,263,http://emine.ncc.metu.edu.tr/survey/web/pages2/http/www.babylon.com/
67,232034,283,347,692,http://emine.ncc.metu.edu.tr/survey/web/pages2/http/www.babylon.com/
68,232317,216,651,700,http://emine.ncc.metu.edu.tr/survey/web/pages2/http/www.babylon.com/
69,232533,183,873,672,http://emine.ncc.metu.edu.tr/survey/web/pages2/http/www.babylon.com/
70,232716,166,309,587,http://emine.ncc.metu.edu.tr/survey/web/pages2/http/www.babylon.com/
71,232883,216,257,506,http://emine.ncc.metu.edu.tr/survey/web/pages2/http/www.babylon.com/
72,233099,217,484,206,http://emine.ncc.metu.edu.tr/survey/web/pages2/http/www.babylon.com/
73,233316,216,655,239,http://emine.ncc.metu.edu.tr/survey/web/pages2/http/www.babylon.com/
74,233533,216,620,154,http://emine.ncc.metu.edu.tr/survey/web/pages2/http/www.babylon.com/
75,233749,150,584,76,http://emine.ncc.metu.edu.tr/survey/web/pages2/http/www.babylon.com/
76,233899,183,540,64,http://emine.ncc.metu.edu.tr/survey/web/pages2/http/www.babylon.com/
77,234082,216,405,67,http://emine.ncc.metu.edu.tr/survey/web/pages2/http/www.babylon.com/
78,234299,250,318,60,http://emine.ncc.metu.edu.tr/survey/web/pages2/http/www.babylon.com/
79,234548,200,195,52,http://emine.ncc.metu.edu.tr/survey/web/pages2/http/www.babylon.com/
80,234748,233,835,170,http://emine.ncc.metu.edu.tr/survey/web/pages2/http/www.babylon.com/
81,234981,300,903,239,http://emine.ncc.metu.edu.tr/survey/web/pages2/http/www.babylon.com/
82,235281,283,581,808,http://emine.ncc.metu.edu.tr/survey/web/pages2/http/www.babylon.com/
83,235564,200,514,762,http://emine.ncc.metu.edu.tr/survey/web/pages2/http/www.babylon.com/
84,235764,183,475,703,http://emine.ncc.metu.edu.tr/survey/web/pages2/http/www.babylon.com/
85,235947,200,324,713,http://emine.ncc.metu.edu.tr/survey/web/pages2/http/www.babylon.com/
86,236147,233,294,689,http://emine.ncc.metu.edu.tr/survey/web/pages2/http/www.babylon.com/
87,236380,167,343,695,http://emine.ncc.metu.edu.tr/survey/web/pages2/http/www.babylon.com/
88,236547,233,944,707,http://emine.ncc.metu.edu.tr/survey/web/pages2/http/www.babylon.com/
89,236780,216,877,688,http://emine.ncc.metu.edu.tr/survey/web/pages2/http/www.babylon.com/
90,236997,216,722,861,http://emine.ncc.metu.edu.tr/survey/web/pages2/http/www.babylon.com/
91,237213,150,320,575,http://emine.ncc.metu.edu.tr/survey/web/pages2/http/www.babylon.com/
92,237363,233,263,521,http://emine.ncc.metu.edu.tr/survey/web/pages2/http/www.babylon.com/
93,237596,183,304,513,http://emine.ncc.metu.edu.tr/survey/web/pages2/http/www.babylon.com/
94,237779,233,227,503,http://emine.ncc.metu.edu.tr/survey/web/pages2/http/www.babylon.com/
95,238013,200,287,737,http://emine.ncc.metu.edu.tr/survey/web/pages2/http/www.babylon.com/
96,238212,350,298,692,http://emine.ncc.metu.edu.tr/survey/web/pages2/http/www.babylon.com/
97,238562,316,358,683,http://emine.ncc.metu.edu.tr/survey/web/pages2/http/www.babylon.com/
98,238879,216,394,688,http://emine.ncc.metu.edu.tr/survey/web/pages2/http/www.babylon.com/
99,239095,466,497,684,http://emine.ncc.metu.edu.tr/survey/web/pages2/http/www.babylon.com/
100,239561,500,555,678,http://emine.ncc.metu.edu.tr/survey/web/pages2/http/www.babylon.com/
101,240061,749,710,687,http://emine.ncc.metu.edu.tr/survey/web/pages2/http/www.babylon.com/
102,240811,350,752,686,http://emine.ncc.metu.edu.tr/survey/web/pages2/http/www.babylon.com/
103,241160,383,888,688,http://emine.ncc.metu.edu.tr/survey/web/pages2/http/www.babylon.com/
104,241543,183,929,687,http://emine.ncc.metu.edu.tr/survey/web/pages2/http/www.babylon.com/
105,241727,616,967,684,http://emine.ncc.metu.edu.tr/survey/web/pages2/http/www.babylon.com/
106,242343,316,713,411,http://emine.ncc.metu.edu.tr/survey/web/pages2/http/www.babylon.com/
107,242659,416,744,371,http://emine.ncc.metu.edu.tr/survey/web/pages2/http/www.babylon.com/
108,243076,400,965,676,http://emine.ncc.metu.edu.tr/survey/web/pages2/http/www.babylon.com/
109,243475,316,897,681,http://emine.ncc.metu.edu.tr/survey/web/pages2/http/www.babylon.com/
110,243792,516,752,410,http://emine.ncc.metu.edu.tr/survey/web/pages2/http/www.babylon.com/
111,244308,266,740,364,http://emine.ncc.metu.edu.tr/survey/web/pages2/http/www.babylon.com/
112,244574,333,911,304,http://emine.ncc.metu.edu.tr/survey/web/pages2/http/www.babylon.com/
113,244908,200,1134,400,http://emine.ncc.metu.edu.tr/survey/web/pages2/http/www.babylon.com/
114,245107,166,338,511,http://emine.ncc.metu.edu.tr/survey/web/pages2/http/www.babylon.com/
115,245274,416,256,499,http://emine.ncc.metu.edu.tr/survey/web/pages2/http/www.babylon.com/