FixationIndex,Timestamp,FixationDuration,MappedFixationPointX,MappedFixationPointY,StimuliName
1,60763,566,621,762,http://emine.ncc.metu.edu.tr/survey/web/pages2/http/www.babylon.com/
2,61330,266,420,390,http://emine.ncc.metu.edu.tr/survey/web/pages2/http/www.babylon.com/
3,61596,333,578,397,http://emine.ncc.metu.edu.tr/survey/web/pages2/http/www.babylon.com/
4,61929,233,384,148,http://emine.ncc.metu.edu.tr/survey/web/pages2/http/www.babylon.com/
5,62162,183,345,158,http://emine.ncc.metu.edu.tr/survey/web/pages2/http/www.babylon.com/
6,62346,416,550,419,http://emine.ncc.metu.edu.tr/survey/web/pages2/http/www.babylon.com/
7,62762,233,658,598,http://emine.ncc.metu.edu.tr/survey/web/pages2/http/www.babylon.com/
8,62995,333,523,626,http://emine.ncc.metu.edu.tr/survey/web/pages2/http/www.babylon.com/
9,63445,266,518,620,http://emine.ncc.metu.edu.tr/survey/web/pages2/http/www.babylon.com/
10,63711,466,711,380,http://emine.ncc.metu.edu.tr/survey/web/pages2/http/www.babylon.com/
11,64177,416,572,400,http://emine.ncc.metu.edu.tr/survey/web/pages2/http/www.babylon.com/
12,64594,383,515,163,http://emine.ncc.metu.edu.tr/survey/web/pages2/http/www.babylon.com/
13,64977,533,682,413,http://emine.ncc.metu.edu.tr/survey/web/pages2/http/www.babylon.com/
14,65510,200,718,406,http://emine.ncc.metu.edu.tr/survey/web/pages2/http/www.babylon.com/
15,65710,550,612,419,http://emine.ncc.metu.edu.tr/survey/web/pages2/http/www.babylon.com/
16,66392,616,637,428,http://emine.ncc.metu.edu.tr/survey/web/pages2/http/www.babylon.com/
17,67009,616,680,428,http://emine.ncc.metu.edu.tr/survey/web/pages2/http/www.babylon.com/
18,67625,583,638,414,http://emine.ncc.metu.edu.tr/survey/web/pages2/http/www.babylon.com/
19,68208,466,539,417,http://emine.ncc.metu.edu.tr/survey/web/pages2/http/www.babylon.com/
20,68674,600,640,406,http://emine.ncc.metu.edu.tr/survey/web/pages2/http/www.babylon.com/
21,69274,516,545,425,http://emine.ncc.metu.edu.tr/survey/web/pages2/http/www.babylon.com/
22,69790,600,633,443,http://emine.ncc.metu.edu.tr/survey/web/pages2/http/www.babylon.com/
23,70523,300,636,435,http://emine.ncc.metu.edu.tr/survey/web/pages2/http/www.babylon.com/
24,70823,200,551,562,http://emine.ncc.metu.edu.tr/survey/web/pages2/http/www.babylon.com/
25,71022,333,635,418,http://emine.ncc.metu.edu.tr/survey/web/pages2/http/www.babylon.com/
26,71489,766,633,406,http://emine.ncc.metu.edu.tr/survey/web/pages2/http/www.babylon.com/
27,72388,400,661,419,http://emine.ncc.metu.edu.tr/survey/web/pages2/http/www.babylon.com/
28,72788,583,605,423,http://emine.ncc.metu.edu.tr/survey/web/pages2/http/www.babylon.com/
29,73371,300,648,411,http://emine.ncc.metu.edu.tr/survey/web/pages2/http/www.babylon.com/
30,73670,216,574,540,http://emine.ncc.metu.edu.tr/survey/web/pages2/http/www.babylon.com/
31,73887,350,651,404,http://emine.ncc.metu.edu.tr/survey/web/pages2/http/www.babylon.com/
32,74237,133,603,449,http://emine.ncc.metu.edu.tr/survey/web/pages2/http/www.babylon.com/
33,74370,250,538,630,http://emine.ncc.metu.edu.tr/survey/web/pages2/http/www.babylon.com/
34,74620,150,520,692,http://emine.ncc.metu.edu.tr/survey/web/pages2/http/www.babylon.com/
35,74770,283,492,715,http://emine.ncc.metu.edu.tr/survey/web/pages2/http/www.babylon.com/
36,75053,2332,337,721,http://emine.ncc.metu.edu.tr/survey/web/pages2/http/www.babylon.com/
37,77384,1216,418,729,http://emine.ncc.metu.edu.tr/survey/web/pages2/http/www.babylon.com/
38,78600,400,531,733,http://emine.ncc.metu.edu.tr/survey/web/pages2/http/www.babylon.com/
39,79000,683,585,716,http://emine.ncc.metu.edu.tr/survey/web/pages2/http/www.babylon.com/
40,79683,516,685,722,http://emine.ncc.metu.edu.tr/survey/web/pages2/http/www.babylon.com/
41,80199,550,731,714,http://emine.ncc.metu.edu.tr/survey/web/pages2/http/www.babylon.com/
42,80748,999,888,714,http://emine.ncc.metu.edu.tr/survey/web/pages2/http/www.babylon.com/
43,81748,749,957,719,http://emine.ncc.metu.edu.tr/survey/web/pages2/http/www.babylon.com/
44,82497,100,823,680,http://emine.ncc.metu.edu.tr/survey/web/pages2/http/www.babylon.com/
45,82730,83,368,532,http://emine.ncc.metu.edu.tr/survey/web/pages2/http/www.babylon.com/
46,82814,533,282,532,http://emine.ncc.metu.edu.tr/survey/web/pages2/http/www.babylon.com/
47,83346,233,678,473,http://emine.ncc.metu.edu.tr/survey/web/pages2/http/www.babylon.com/
48,83580,250,691,408,http://emine.ncc.metu.edu.tr/survey/web/pages2/http/www.babylon.com/
49,83829,283,876,292,http://emine.ncc.metu.edu.tr/survey/web/pages2/http/www.babylon.com/
50,84113,616,721,453,http://emine.ncc.metu.edu.tr/survey/web/pages2/http/www.babylon.com/