FixationIndex,Timestamp,FixationDuration,MappedFixationPointX,MappedFixationPointY,StimuliName
1,131601,117,528,533,http://emine.ncc.metu.edu.tr/survey/web/pages2/http/www.babylon.com/
2,131718,150,551,494,http://emine.ncc.metu.edu.tr/survey/web/pages2/http/www.babylon.com/
3,131868,166,565,420,http://emine.ncc.metu.edu.tr/survey/web/pages2/http/www.babylon.com/
4,132034,366,646,417,http://emine.ncc.metu.edu.tr/survey/web/pages2/http/www.babylon.com/
5,132567,1716,642,420,http://emine.ncc.metu.edu.tr/survey/web/pages2/http/www.babylon.com/
6,134283,266,748,447,http://emine.ncc.metu.edu.tr/survey/web/pages2/http/www.babylon.com/
7,134549,400,637,441,http://emine.ncc.metu.edu.tr/survey/web/pages2/http/www.babylon.com/
8,135082,250,601,406,http://emine.ncc.metu.edu.tr/survey/web/pages2/http/www.babylon.com/
9,135332,400,628,429,http://emine.ncc.metu.edu.tr/survey/web/pages2/http/www.babylon.com/
10,135732,200,682,404,http://emine.ncc.metu.edu.tr/survey/web/pages2/http/www.babylon.com/
11,135931,500,623,431,http://emine.ncc.metu.edu.tr/survey/web/pages2/http/www.babylon.com/
12,136581,116,576,410,http://emine.ncc.metu.edu.tr/survey/web/pages2/http/www.babylon.com/
13,136697,283,531,416,http://emine.ncc.metu.edu.tr/survey/web/pages2/http/www.babylon.com/
14,136981,183,663,433,http://emine.ncc.metu.edu.tr/survey/web/pages2/http/www.babylon.com/
15,137164,300,623,453,http://emine.ncc.metu.edu.tr/survey/web/pages2/http/www.babylon.com/
16,137464,266,663,451,http://emine.ncc.metu.edu.tr/survey/web/pages2/http/www.babylon.com/
17,137730,233,520,435,http://emine.ncc.metu.edu.tr/survey/web/pages2/http/www.babylon.com/
18,137963,216,675,416,http://emine.ncc.metu.edu.tr/survey/web/pages2/http/www.babylon.com/
19,138180,183,638,429,http://emine.ncc.metu.edu.tr/survey/web/pages2/http/www.babylon.com/
20,138546,100,578,406,http://emine.ncc.metu.edu.tr/survey/web/pages2/http/www.babylon.com/
21,138646,233,539,432,http://emine.ncc.metu.edu.tr/survey/web/pages2/http/www.babylon.com/
22,138879,416,648,409,http://emine.ncc.metu.edu.tr/survey/web/pages2/http/www.babylon.com/
23,139296,300,786,438,http://emine.ncc.metu.edu.tr/survey/web/pages2/http/www.babylon.com/
24,139595,383,912,617,http://emine.ncc.metu.edu.tr/survey/web/pages2/http/www.babylon.com/
25,139979,333,684,430,http://emine.ncc.metu.edu.tr/survey/web/pages2/http/www.babylon.com/
26,140312,250,541,643,http://emine.ncc.metu.edu.tr/survey/web/pages2/http/www.babylon.com/
27,140561,183,751,605,http://emine.ncc.metu.edu.tr/survey/web/pages2/http/www.babylon.com/
28,140745,200,832,319,http://emine.ncc.metu.edu.tr/survey/web/pages2/http/www.babylon.com/
29,140944,416,906,295,http://emine.ncc.metu.edu.tr/survey/web/pages2/http/www.babylon.com/
30,141361,550,624,285,http://emine.ncc.metu.edu.tr/survey/web/pages2/http/www.babylon.com/
31,142027,366,958,175,http://emine.ncc.metu.edu.tr/survey/web/pages2/http/www.babylon.com/
32,142393,333,1036,174,http://emine.ncc.metu.edu.tr/survey/web/pages2/http/www.babylon.com/
33,142726,200,963,263,http://emine.ncc.metu.edu.tr/survey/web/pages2/http/www.babylon.com/
34,142926,233,897,282,http://emine.ncc.metu.edu.tr/survey/web/pages2/http/www.babylon.com/
35,143276,117,773,254,http://emine.ncc.metu.edu.tr/survey/web/pages2/http/www.babylon.com/
36,143393,183,636,298,http://emine.ncc.metu.edu.tr/survey/web/pages2/http/www.babylon.com/
37,143576,200,305,250,http://emine.ncc.metu.edu.tr/survey/web/pages2/http/www.babylon.com/
38,143776,133,304,201,http://emine.ncc.metu.edu.tr/survey/web/pages2/http/www.babylon.com/
39,143909,366,496,144,http://emine.ncc.metu.edu.tr/survey/web/pages2/http/www.babylon.com/
40,144275,200,718,482,http://emine.ncc.metu.edu.tr/survey/web/pages2/http/www.babylon.com/
41,144475,233,740,629,http://emine.ncc.metu.edu.tr/survey/web/pages2/http/www.babylon.com/
42,144708,233,701,689,http://emine.ncc.metu.edu.tr/survey/web/pages2/http/www.babylon.com/
43,144942,233,694,399,http://emine.ncc.metu.edu.tr/survey/web/pages2/http/www.babylon.com/
44,145175,350,895,298,http://emine.ncc.metu.edu.tr/survey/web/pages2/http/www.babylon.com/
45,145524,300,1013,179,http://emine.ncc.metu.edu.tr/survey/web/pages2/http/www.babylon.com/
46,145824,167,878,83,http://emine.ncc.metu.edu.tr/survey/web/pages2/http/www.babylon.com/
47,145991,200,554,168,http://emine.ncc.metu.edu.tr/survey/web/pages2/http/www.babylon.com/
48,146191,150,490,641,http://emine.ncc.metu.edu.tr/survey/web/pages2/http/www.babylon.com/
49,146341,433,486,718,http://emine.ncc.metu.edu.tr/survey/web/pages2/http/www.babylon.com/
50,146774,300,679,709,http://emine.ncc.metu.edu.tr/survey/web/pages2/http/www.babylon.com/
51,147073,333,852,703,http://emine.ncc.metu.edu.tr/survey/web/pages2/http/www.babylon.com/
52,147406,200,918,713,http://emine.ncc.metu.edu.tr/survey/web/pages2/http/www.babylon.com/
53,147606,300,290,655,http://emine.ncc.metu.edu.tr/survey/web/pages2/http/www.babylon.com/
54,147906,100,292,583,http://emine.ncc.metu.edu.tr/survey/web/pages2/http/www.babylon.com/
55,148006,167,316,641,http://emine.ncc.metu.edu.tr/survey/web/pages2/http/www.babylon.com/
56,148173,183,284,869,http://emine.ncc.metu.edu.tr/survey/web/pages2/http/www.babylon.com/
57,148356,100,346,844,http://emine.ncc.metu.edu.tr/survey/web/pages2/http/www.babylon.com/
58,148572,383,685,869,http://emine.ncc.metu.edu.tr/survey/web/pages2/http/www.babylon.com/
59,148955,117,308,854,http://emine.ncc.metu.edu.tr/survey/web/pages2/http/www.babylon.com/
60,149072,117,263,822,http://emine.ncc.metu.edu.tr/survey/web/pages2/http/www.babylon.com/
61,149188,133,309,887,http://emine.ncc.metu.edu.tr/survey/web/pages2/http/www.babylon.com/
62,149322,233,541,338,http://emine.ncc.metu.edu.tr/survey/web/pages2/http/www.babylon.com/
63,149555,450,659,418,http://emine.ncc.metu.edu.tr/survey/web/pages2/http/www.babylon.com/
64,150005,183,484,295,http://emine.ncc.metu.edu.tr/survey/web/pages2/http/www.babylon.com/
65,150188,400,606,304,http://emine.ncc.metu.edu.tr/survey/web/pages2/http/www.babylon.com/
66,150587,117,315,239,http://emine.ncc.metu.edu.tr/survey/web/pages2/http/www.babylon.com/
67,150704,316,265,194,http://emine.ncc.metu.edu.tr/survey/web/pages2/http/www.babylon.com/
68,151020,316,651,244,http://emine.ncc.metu.edu.tr/survey/web/pages2/http/www.babylon.com/
69,151337,266,721,230,http://emine.ncc.metu.edu.tr/survey/web/pages2/http/www.babylon.com/
70,151603,283,859,201,http://emine.ncc.metu.edu.tr/survey/web/pages2/http/www.babylon.com/
71,151887,316,983,214,http://emine.ncc.metu.edu.tr/survey/web/pages2/http/www.babylon.com/
72,152203,233,1090,185,http://emine.ncc.metu.edu.tr/survey/web/pages2/http/www.babylon.com/
73,152436,216,314,243,http://emine.ncc.metu.edu.tr/survey/web/pages2/http/www.babylon.com/
74,152653,350,357,271,http://emine.ncc.metu.edu.tr/survey/web/pages2/http/www.babylon.com/
75,153002,133,302,279,http://emine.ncc.metu.edu.tr/survey/web/pages2/http/www.babylon.com/
76,153136,200,409,126,http://emine.ncc.metu.edu.tr/survey/web/pages2/http/www.babylon.com/
77,153335,283,799,117,http://emine.ncc.metu.edu.tr/survey/web/pages2/http/www.babylon.com/
78,153619,183,578,135,http://emine.ncc.metu.edu.tr/survey/web/pages2/http/www.babylon.com/
79,153802,133,546,154,http://emine.ncc.metu.edu.tr/survey/web/pages2/http/www.babylon.com/
80,153935,166,823,43,http://emine.ncc.metu.edu.tr/survey/web/pages2/http/www.babylon.com/
81,154101,133,917,16,http://emine.ncc.metu.edu.tr/survey/web/pages2/http/www.babylon.com/
82,154235,250,669,38,http://emine.ncc.metu.edu.tr/survey/web/pages2/http/www.babylon.com/
83,154485,266,350,43,http://emine.ncc.metu.edu.tr/survey/web/pages2/http/www.babylon.com/
84,154751,216,338,213,http://emine.ncc.metu.edu.tr/survey/web/pages2/http/www.babylon.com/
85,154968,216,525,225,http://emine.ncc.metu.edu.tr/survey/web/pages2/http/www.babylon.com/
86,155184,600,618,422,http://emine.ncc.metu.edu.tr/survey/web/pages2/http/www.babylon.com/
87,155784,200,217,487,http://emine.ncc.metu.edu.tr/survey/web/pages2/http/www.babylon.com/
88,155983,400,303,518,http://emine.ncc.metu.edu.tr/survey/web/pages2/http/www.babylon.com/
89,156383,133,260,507,http://emine.ncc.metu.edu.tr/survey/web/pages2/http/www.babylon.com/
90,156516,183,395,607,http://emine.ncc.metu.edu.tr/survey/web/pages2/http/www.babylon.com/
91,156700,166,343,635,http://emine.ncc.metu.edu.tr/survey/web/pages2/http/www.babylon.com/
92,156866,300,302,637,http://emine.ncc.metu.edu.tr/survey/web/pages2/http/www.babylon.com/
93,157166,183,289,510,http://emine.ncc.metu.edu.tr/survey/web/pages2/http/www.babylon.com/
94,157349,433,339,494,http://emine.ncc.metu.edu.tr/survey/web/pages2/http/www.babylon.com/
95,157782,383,263,513,http://emine.ncc.metu.edu.tr/survey/web/pages2/http/www.babylon.com/
96,158165,266,342,490,http://emine.ncc.metu.edu.tr/survey/web/pages2/http/www.babylon.com/
97,158432,416,737,608,http://emine.ncc.metu.edu.tr/survey/web/pages2/http/www.babylon.com/
98,158848,250,287,536,http://emine.ncc.metu.edu.tr/survey/web/pages2/http/www.babylon.com/
99,159098,200,253,520,http://emine.ncc.metu.edu.tr/survey/web/pages2/http/www.babylon.com/
100,159298,383,333,626,http://emine.ncc.metu.edu.tr/survey/web/pages2/http/www.babylon.com/
101,159681,350,313,535,http://emine.ncc.metu.edu.tr/survey/web/pages2/http/www.babylon.com/
102,160031,383,354,514,http://emine.ncc.metu.edu.tr/survey/web/pages2/http/www.babylon.com/
103,160414,166,617,616,http://emine.ncc.metu.edu.tr/survey/web/pages2/http/www.babylon.com/
104,160580,316,537,632,http://emine.ncc.metu.edu.tr/survey/web/pages2/http/www.babylon.com/
105,160897,350,504,669,http://emine.ncc.metu.edu.tr/survey/web/pages2/http/www.babylon.com/
106,161246,1332,316,651,http://emine.ncc.metu.edu.tr/survey/web/pages2/http/www.babylon.com/
107,162579,350,396,654,http://emine.ncc.metu.edu.tr/survey/web/pages2/http/www.babylon.com/
108,162929,649,524,673,http://emine.ncc.metu.edu.tr/survey/web/pages2/http/www.babylon.com/
109,163578,233,585,688,http://emine.ncc.metu.edu.tr/survey/web/pages2/http/www.babylon.com/
110,163811,999,702,695,http://emine.ncc.metu.edu.tr/survey/web/pages2/http/www.babylon.com/
111,164810,100,645,705,http://emine.ncc.metu.edu.tr/survey/web/pages2/http/www.babylon.com/
112,164910,300,706,683,http://emine.ncc.metu.edu.tr/survey/web/pages2/http/www.babylon.com/
113,165210,450,755,694,http://emine.ncc.metu.edu.tr/survey/web/pages2/http/www.babylon.com/
114,165660,533,894,701,http://emine.ncc.metu.edu.tr/survey/web/pages2/http/www.babylon.com/
115,166193,516,965,680,http://emine.ncc.metu.edu.tr/survey/web/pages2/http/www.babylon.com/
116,166709,166,893,649,http://emine.ncc.metu.edu.tr/survey/web/pages2/http/www.babylon.com/
117,166876,383,984,689,http://emine.ncc.metu.edu.tr/survey/web/pages2/http/www.babylon.com/
118,167259,250,1250,383,http://emine.ncc.metu.edu.tr/survey/web/pages2/http/www.babylon.com/
119,167508,316,755,410,http://emine.ncc.metu.edu.tr/survey/web/pages2/http/www.babylon.com/
120,168041,117,346,563,http://emine.ncc.metu.edu.tr/survey/web/pages2/http/www.babylon.com/
121,168158,366,530,592,http://emine.ncc.metu.edu.tr/survey/web/pages2/http/www.babylon.com/
122,168524,566,304,643,http://emine.ncc.metu.edu.tr/survey/web/pages2/http/www.babylon.com/