FixationIndex,Timestamp,FixationDuration,MappedFixationPointX,MappedFixationPointY,StimuliName
1,421942,166,557,539,http://emine.ncc.metu.edu.tr/survey/web/pages2/http/www.babylon.com/
2,422108,200,587,444,http://emine.ncc.metu.edu.tr/survey/web/pages2/http/www.babylon.com/
3,422308,200,663,427,http://emine.ncc.metu.edu.tr/survey/web/pages2/http/www.babylon.com/
4,422508,200,452,197,http://emine.ncc.metu.edu.tr/survey/web/pages2/http/www.babylon.com/
5,422708,183,352,183,http://emine.ncc.metu.edu.tr/survey/web/pages2/http/www.babylon.com/
6,422891,233,465,183,http://emine.ncc.metu.edu.tr/survey/web/pages2/http/www.babylon.com/
7,423124,166,566,150,http://emine.ncc.metu.edu.tr/survey/web/pages2/http/www.babylon.com/
8,423291,217,721,123,http://emine.ncc.metu.edu.tr/survey/web/pages2/http/www.babylon.com/
9,423507,649,988,107,http://emine.ncc.metu.edu.tr/survey/web/pages2/http/www.babylon.com/
10,424157,200,946,247,http://emine.ncc.metu.edu.tr/survey/web/pages2/http/www.babylon.com/
11,424357,216,911,260,http://emine.ncc.metu.edu.tr/survey/web/pages2/http/www.babylon.com/
12,424573,250,989,217,http://emine.ncc.metu.edu.tr/survey/web/pages2/http/www.babylon.com/
13,424823,400,651,272,http://emine.ncc.metu.edu.tr/survey/web/pages2/http/www.babylon.com/
14,425223,167,645,183,http://emine.ncc.metu.edu.tr/survey/web/pages2/http/www.babylon.com/
15,425389,166,620,49,http://emine.ncc.metu.edu.tr/survey/web/pages2/http/www.babylon.com/
16,425556,217,939,28,http://emine.ncc.metu.edu.tr/survey/web/pages2/http/www.babylon.com/
17,425772,266,1004,30,http://emine.ncc.metu.edu.tr/survey/web/pages2/http/www.babylon.com/
18,426039,533,920,34,http://emine.ncc.metu.edu.tr/survey/web/pages2/http/www.babylon.com/
19,426572,267,641,89,http://emine.ncc.metu.edu.tr/survey/web/pages2/http/www.babylon.com/
20,426838,166,725,354,http://emine.ncc.metu.edu.tr/survey/web/pages2/http/www.babylon.com/
21,427005,1233,673,428,http://emine.ncc.metu.edu.tr/survey/web/pages2/http/www.babylon.com/
22,428237,949,647,454,http://emine.ncc.metu.edu.tr/survey/web/pages2/http/www.babylon.com/
23,429186,483,674,412,http://emine.ncc.metu.edu.tr/survey/web/pages2/http/www.babylon.com/
24,429669,333,603,427,http://emine.ncc.metu.edu.tr/survey/web/pages2/http/www.babylon.com/
25,430003,166,650,435,http://emine.ncc.metu.edu.tr/survey/web/pages2/http/www.babylon.com/
26,430169,233,588,437,http://emine.ncc.metu.edu.tr/survey/web/pages2/http/www.babylon.com/
27,430402,216,646,406,http://emine.ncc.metu.edu.tr/survey/web/pages2/http/www.babylon.com/
28,430619,250,566,410,http://emine.ncc.metu.edu.tr/survey/web/pages2/http/www.babylon.com/
29,430868,783,672,423,http://emine.ncc.metu.edu.tr/survey/web/pages2/http/www.babylon.com/
30,431651,166,776,624,http://emine.ncc.metu.edu.tr/survey/web/pages2/http/www.babylon.com/
31,431818,150,732,646,http://emine.ncc.metu.edu.tr/survey/web/pages2/http/www.babylon.com/
32,431968,200,726,706,http://emine.ncc.metu.edu.tr/survey/web/pages2/http/www.babylon.com/
33,432168,116,688,745,http://emine.ncc.metu.edu.tr/survey/web/pages2/http/www.babylon.com/
34,432284,133,363,706,http://emine.ncc.metu.edu.tr/survey/web/pages2/http/www.babylon.com/
35,432417,583,321,680,http://emine.ncc.metu.edu.tr/survey/web/pages2/http/www.babylon.com/
36,433000,166,391,691,http://emine.ncc.metu.edu.tr/survey/web/pages2/http/www.babylon.com/
37,433167,217,510,677,http://emine.ncc.metu.edu.tr/survey/web/pages2/http/www.babylon.com/
38,433383,150,725,312,http://emine.ncc.metu.edu.tr/survey/web/pages2/http/www.babylon.com/
39,433533,350,902,289,http://emine.ncc.metu.edu.tr/survey/web/pages2/http/www.babylon.com/
40,433883,183,682,257,http://emine.ncc.metu.edu.tr/survey/web/pages2/http/www.babylon.com/
41,434066,200,918,215,http://emine.ncc.metu.edu.tr/survey/web/pages2/http/www.babylon.com/
42,434266,183,1000,215,http://emine.ncc.metu.edu.tr/survey/web/pages2/http/www.babylon.com/
43,434449,316,655,331,http://emine.ncc.metu.edu.tr/survey/web/pages2/http/www.babylon.com/
44,434766,450,364,312,http://emine.ncc.metu.edu.tr/survey/web/pages2/http/www.babylon.com/
45,435215,233,640,310,http://emine.ncc.metu.edu.tr/survey/web/pages2/http/www.babylon.com/
46,435449,233,902,295,http://emine.ncc.metu.edu.tr/survey/web/pages2/http/www.babylon.com/
47,435682,266,721,390,http://emine.ncc.metu.edu.tr/survey/web/pages2/http/www.babylon.com/
48,435948,183,673,259,http://emine.ncc.metu.edu.tr/survey/web/pages2/http/www.babylon.com/
49,436131,200,802,222,http://emine.ncc.metu.edu.tr/survey/web/pages2/http/www.babylon.com/
50,436331,350,972,204,http://emine.ncc.metu.edu.tr/survey/web/pages2/http/www.babylon.com/
51,436681,183,728,663,http://emine.ncc.metu.edu.tr/survey/web/pages2/http/www.babylon.com/
52,436864,200,774,707,http://emine.ncc.metu.edu.tr/survey/web/pages2/http/www.babylon.com/
53,437064,183,735,711,http://emine.ncc.metu.edu.tr/survey/web/pages2/http/www.babylon.com/
54,437247,216,340,695,http://emine.ncc.metu.edu.tr/survey/web/pages2/http/www.babylon.com/
55,437464,150,305,709,http://emine.ncc.metu.edu.tr/survey/web/pages2/http/www.babylon.com/
56,437614,167,371,701,http://emine.ncc.metu.edu.tr/survey/web/pages2/http/www.babylon.com/
57,437780,383,268,513,http://emine.ncc.metu.edu.tr/survey/web/pages2/http/www.babylon.com/
58,438163,383,321,517,http://emine.ncc.metu.edu.tr/survey/web/pages2/http/www.babylon.com/
59,438546,233,320,683,http://emine.ncc.metu.edu.tr/survey/web/pages2/http/www.babylon.com/
60,438779,200,567,717,http://emine.ncc.metu.edu.tr/survey/web/pages2/http/www.babylon.com/
61,438979,117,464,727,http://emine.ncc.metu.edu.tr/survey/web/pages2/http/www.babylon.com/
62,439096,616,292,707,http://emine.ncc.metu.edu.tr/survey/web/pages2/http/www.babylon.com/
63,439712,533,365,704,http://emine.ncc.metu.edu.tr/survey/web/pages2/http/www.babylon.com/
64,440245,350,491,715,http://emine.ncc.metu.edu.tr/survey/web/pages2/http/www.babylon.com/
65,440595,516,555,713,http://emine.ncc.metu.edu.tr/survey/web/pages2/http/www.babylon.com/
66,441111,683,682,709,http://emine.ncc.metu.edu.tr/survey/web/pages2/http/www.babylon.com/
67,442077,83,693,680,http://emine.ncc.metu.edu.tr/survey/web/pages2/http/www.babylon.com/
68,442160,183,747,685,http://emine.ncc.metu.edu.tr/survey/web/pages2/http/www.babylon.com/
69,442344,966,895,694,http://emine.ncc.metu.edu.tr/survey/web/pages2/http/www.babylon.com/
70,443309,700,972,696,http://emine.ncc.metu.edu.tr/survey/web/pages2/http/www.babylon.com/
71,444009,350,342,754,http://emine.ncc.metu.edu.tr/survey/web/pages2/http/www.babylon.com/
72,444359,300,375,696,http://emine.ncc.metu.edu.tr/survey/web/pages2/http/www.babylon.com/
73,444659,100,686,667,http://emine.ncc.metu.edu.tr/survey/web/pages2/http/www.babylon.com/
74,444892,300,934,690,http://emine.ncc.metu.edu.tr/survey/web/pages2/http/www.babylon.com/
75,445191,350,718,689,http://emine.ncc.metu.edu.tr/survey/web/pages2/http/www.babylon.com/