FixationIndex,Timestamp,FixationDuration,MappedFixationPointX,MappedFixationPointY,StimuliName
1,309474,159,546,529,http://emine.ncc.metu.edu.tr/survey/web/pages2/http/www.babylon.com/
2,309633,279,672,355,http://emine.ncc.metu.edu.tr/survey/web/pages2/http/www.babylon.com/
3,309912,179,825,795,http://emine.ncc.metu.edu.tr/survey/web/pages2/http/www.babylon.com/
4,310091,120,809,643,http://emine.ncc.metu.edu.tr/survey/web/pages2/http/www.babylon.com/
5,310211,279,719,621,http://emine.ncc.metu.edu.tr/survey/web/pages2/http/www.babylon.com/
6,310490,239,929,597,http://emine.ncc.metu.edu.tr/survey/web/pages2/http/www.babylon.com/
7,310729,199,372,597,http://emine.ncc.metu.edu.tr/survey/web/pages2/http/www.babylon.com/
8,310929,259,302,697,http://emine.ncc.metu.edu.tr/survey/web/pages2/http/www.babylon.com/
9,311188,299,542,343,http://emine.ncc.metu.edu.tr/survey/web/pages2/http/www.babylon.com/
10,311487,259,720,348,http://emine.ncc.metu.edu.tr/survey/web/pages2/http/www.babylon.com/
11,311746,319,935,245,http://emine.ncc.metu.edu.tr/survey/web/pages2/http/www.babylon.com/
12,312065,219,659,223,http://emine.ncc.metu.edu.tr/survey/web/pages2/http/www.babylon.com/
13,312285,179,931,38,http://emine.ncc.metu.edu.tr/survey/web/pages2/http/www.babylon.com/
14,312464,339,643,214,http://emine.ncc.metu.edu.tr/survey/web/pages2/http/www.babylon.com/
15,312803,458,644,303,http://emine.ncc.metu.edu.tr/survey/web/pages2/http/www.babylon.com/
16,313262,1057,653,385,http://emine.ncc.metu.edu.tr/survey/web/pages2/http/www.babylon.com/
17,314318,219,651,343,http://emine.ncc.metu.edu.tr/survey/web/pages2/http/www.babylon.com/
18,314538,1316,648,386,http://emine.ncc.metu.edu.tr/survey/web/pages2/http/www.babylon.com/
19,315853,219,545,370,http://emine.ncc.metu.edu.tr/survey/web/pages2/http/www.babylon.com/
20,316073,259,692,359,http://emine.ncc.metu.edu.tr/survey/web/pages2/http/www.babylon.com/
21,316332,279,617,237,http://emine.ncc.metu.edu.tr/survey/web/pages2/http/www.babylon.com/
22,316611,239,536,130,http://emine.ncc.metu.edu.tr/survey/web/pages2/http/www.babylon.com/
23,316850,219,878,130,http://emine.ncc.metu.edu.tr/survey/web/pages2/http/www.babylon.com/
24,317069,359,638,333,http://emine.ncc.metu.edu.tr/survey/web/pages2/http/www.babylon.com/
25,317428,279,603,374,http://emine.ncc.metu.edu.tr/survey/web/pages2/http/www.babylon.com/
26,317708,259,528,348,http://emine.ncc.metu.edu.tr/survey/web/pages2/http/www.babylon.com/
27,317967,299,687,343,http://emine.ncc.metu.edu.tr/survey/web/pages2/http/www.babylon.com/
28,318266,279,751,614,http://emine.ncc.metu.edu.tr/survey/web/pages2/http/www.babylon.com/
29,318545,199,688,514,http://emine.ncc.metu.edu.tr/survey/web/pages2/http/www.babylon.com/
30,318744,199,732,348,http://emine.ncc.metu.edu.tr/survey/web/pages2/http/www.babylon.com/
31,318944,120,649,363,http://emine.ncc.metu.edu.tr/survey/web/pages2/http/www.babylon.com/
32,319183,319,659,394,http://emine.ncc.metu.edu.tr/survey/web/pages2/http/www.babylon.com/
33,319921,179,623,514,http://emine.ncc.metu.edu.tr/survey/web/pages2/http/www.babylon.com/
34,320100,160,541,594,http://emine.ncc.metu.edu.tr/survey/web/pages2/http/www.babylon.com/
35,320259,299,686,323,http://emine.ncc.metu.edu.tr/survey/web/pages2/http/www.babylon.com/
36,320558,319,893,234,http://emine.ncc.metu.edu.tr/survey/web/pages2/http/www.babylon.com/
37,320877,199,698,317,http://emine.ncc.metu.edu.tr/survey/web/pages2/http/www.babylon.com/
38,321077,200,695,96,http://emine.ncc.metu.edu.tr/survey/web/pages2/http/www.babylon.com/
39,321276,219,954,47,http://emine.ncc.metu.edu.tr/survey/web/pages2/http/www.babylon.com/
40,321496,319,898,54,http://emine.ncc.metu.edu.tr/survey/web/pages2/http/www.babylon.com/
41,321815,299,645,324,http://emine.ncc.metu.edu.tr/survey/web/pages2/http/www.babylon.com/
42,322114,259,632,374,http://emine.ncc.metu.edu.tr/survey/web/pages2/http/www.babylon.com/
43,322373,199,559,217,http://emine.ncc.metu.edu.tr/survey/web/pages2/http/www.babylon.com/
44,322572,219,360,115,http://emine.ncc.metu.edu.tr/survey/web/pages2/http/www.babylon.com/
45,322792,379,713,588,http://emine.ncc.metu.edu.tr/survey/web/pages2/http/www.babylon.com/
46,323170,259,683,652,http://emine.ncc.metu.edu.tr/survey/web/pages2/http/www.babylon.com/
47,323429,359,694,351,http://emine.ncc.metu.edu.tr/survey/web/pages2/http/www.babylon.com/
48,323789,199,406,617,http://emine.ncc.metu.edu.tr/survey/web/pages2/http/www.babylon.com/
49,323988,578,308,690,http://emine.ncc.metu.edu.tr/survey/web/pages2/http/www.babylon.com/
50,324566,199,563,653,http://emine.ncc.metu.edu.tr/survey/web/pages2/http/www.babylon.com/
51,324765,139,510,676,http://emine.ncc.metu.edu.tr/survey/web/pages2/http/www.babylon.com/
52,324905,299,295,679,http://emine.ncc.metu.edu.tr/survey/web/pages2/http/www.babylon.com/
53,325204,339,349,675,http://emine.ncc.metu.edu.tr/survey/web/pages2/http/www.babylon.com/
54,325543,299,394,676,http://emine.ncc.metu.edu.tr/survey/web/pages2/http/www.babylon.com/
55,325842,239,313,666,http://emine.ncc.metu.edu.tr/survey/web/pages2/http/www.babylon.com/
56,326081,259,395,682,http://emine.ncc.metu.edu.tr/survey/web/pages2/http/www.babylon.com/
57,326340,419,506,667,http://emine.ncc.metu.edu.tr/survey/web/pages2/http/www.babylon.com/
58,326759,299,553,663,http://emine.ncc.metu.edu.tr/survey/web/pages2/http/www.babylon.com/
59,327058,140,498,662,http://emine.ncc.metu.edu.tr/survey/web/pages2/http/www.babylon.com/
60,327198,140,561,662,http://emine.ncc.metu.edu.tr/survey/web/pages2/http/www.babylon.com/
61,327337,857,491,693,http://emine.ncc.metu.edu.tr/survey/web/pages2/http/www.babylon.com/
62,328195,139,689,689,http://emine.ncc.metu.edu.tr/survey/web/pages2/http/www.babylon.com/
63,328334,319,690,639,http://emine.ncc.metu.edu.tr/survey/web/pages2/http/www.babylon.com/
64,328653,359,742,641,http://emine.ncc.metu.edu.tr/survey/web/pages2/http/www.babylon.com/
65,329012,159,722,552,http://emine.ncc.metu.edu.tr/survey/web/pages2/http/www.babylon.com/
66,329171,419,903,668,http://emine.ncc.metu.edu.tr/survey/web/pages2/http/www.babylon.com/
67,329730,299,901,686,http://emine.ncc.metu.edu.tr/survey/web/pages2/http/www.babylon.com/
68,330029,259,925,589,http://emine.ncc.metu.edu.tr/survey/web/pages2/http/www.babylon.com/
69,330288,299,943,697,http://emine.ncc.metu.edu.tr/survey/web/pages2/http/www.babylon.com/
70,330587,239,722,371,http://emine.ncc.metu.edu.tr/survey/web/pages2/http/www.babylon.com/
71,330826,179,627,330,http://emine.ncc.metu.edu.tr/survey/web/pages2/http/www.babylon.com/
72,331006,399,592,143,http://emine.ncc.metu.edu.tr/survey/web/pages2/http/www.babylon.com/
73,331405,119,555,111,http://emine.ncc.metu.edu.tr/survey/web/pages2/http/www.babylon.com/
74,331703,179,727,87,http://emine.ncc.metu.edu.tr/survey/web/pages2/http/www.babylon.com/
75,331883,160,901,60,http://emine.ncc.metu.edu.tr/survey/web/pages2/http/www.babylon.com/
76,332042,299,971,57,http://emine.ncc.metu.edu.tr/survey/web/pages2/http/www.babylon.com/