FixationIndex,Timestamp,FixationDuration,MappedFixationPointX,MappedFixationPointY,StimuliName
1,306820,1482,100,678,http://emine.ncc.metu.edu.tr/survey/web/pages2/http/www.babylon.com/
2,308302,100,188,880,http://emine.ncc.metu.edu.tr/survey/web/pages2/http/www.babylon.com/
3,308402,167,404,522,http://emine.ncc.metu.edu.tr/survey/web/pages2/http/www.babylon.com/
4,308569,166,573,383,http://emine.ncc.metu.edu.tr/survey/web/pages2/http/www.babylon.com/
5,308735,216,470,173,http://emine.ncc.metu.edu.tr/survey/web/pages2/http/www.babylon.com/
6,308952,167,575,245,http://emine.ncc.metu.edu.tr/survey/web/pages2/http/www.babylon.com/
7,309118,166,639,358,http://emine.ncc.metu.edu.tr/survey/web/pages2/http/www.babylon.com/
8,309285,200,691,384,http://emine.ncc.metu.edu.tr/survey/web/pages2/http/www.babylon.com/
9,309485,200,651,351,http://emine.ncc.metu.edu.tr/survey/web/pages2/http/www.babylon.com/
10,309684,350,652,407,http://emine.ncc.metu.edu.tr/survey/web/pages2/http/www.babylon.com/
11,310034,183,611,333,http://emine.ncc.metu.edu.tr/survey/web/pages2/http/www.babylon.com/
12,310217,283,628,292,http://emine.ncc.metu.edu.tr/survey/web/pages2/http/www.babylon.com/
13,310501,1316,661,408,http://emine.ncc.metu.edu.tr/survey/web/pages2/http/www.babylon.com/
14,311816,183,645,457,http://emine.ncc.metu.edu.tr/survey/web/pages2/http/www.babylon.com/
15,311999,100,672,612,http://emine.ncc.metu.edu.tr/survey/web/pages2/http/www.babylon.com/
16,312099,233,311,540,http://emine.ncc.metu.edu.tr/survey/web/pages2/http/www.babylon.com/
17,312333,200,549,307,http://emine.ncc.metu.edu.tr/survey/web/pages2/http/www.babylon.com/
18,312532,150,626,287,http://emine.ncc.metu.edu.tr/survey/web/pages2/http/www.babylon.com/
19,312682,1033,652,422,http://emine.ncc.metu.edu.tr/survey/web/pages2/http/www.babylon.com/
20,313715,583,623,394,http://emine.ncc.metu.edu.tr/survey/web/pages2/http/www.babylon.com/
21,314298,333,673,388,http://emine.ncc.metu.edu.tr/survey/web/pages2/http/www.babylon.com/
22,314631,233,824,284,http://emine.ncc.metu.edu.tr/survey/web/pages2/http/www.babylon.com/
23,314864,233,676,409,http://emine.ncc.metu.edu.tr/survey/web/pages2/http/www.babylon.com/
24,315097,250,635,405,http://emine.ncc.metu.edu.tr/survey/web/pages2/http/www.babylon.com/
25,315347,200,492,279,http://emine.ncc.metu.edu.tr/survey/web/pages2/http/www.babylon.com/
26,315547,266,592,256,http://emine.ncc.metu.edu.tr/survey/web/pages2/http/www.babylon.com/
27,315963,250,620,263,http://emine.ncc.metu.edu.tr/survey/web/pages2/http/www.babylon.com/
28,316213,150,623,467,http://emine.ncc.metu.edu.tr/survey/web/pages2/http/www.babylon.com/
29,316363,166,660,589,http://emine.ncc.metu.edu.tr/survey/web/pages2/http/www.babylon.com/
30,316530,167,722,629,http://emine.ncc.metu.edu.tr/survey/web/pages2/http/www.babylon.com/
31,316696,150,726,681,http://emine.ncc.metu.edu.tr/survey/web/pages2/http/www.babylon.com/
32,316846,166,339,607,http://emine.ncc.metu.edu.tr/survey/web/pages2/http/www.babylon.com/
33,317012,216,276,490,http://emine.ncc.metu.edu.tr/survey/web/pages2/http/www.babylon.com/
34,317229,167,350,581,http://emine.ncc.metu.edu.tr/survey/web/pages2/http/www.babylon.com/
35,317396,167,359,662,http://emine.ncc.metu.edu.tr/survey/web/pages2/http/www.babylon.com/
36,317562,217,312,663,http://emine.ncc.metu.edu.tr/survey/web/pages2/http/www.babylon.com/
37,317779,383,514,687,http://emine.ncc.metu.edu.tr/survey/web/pages2/http/www.babylon.com/
38,318162,216,743,678,http://emine.ncc.metu.edu.tr/survey/web/pages2/http/www.babylon.com/
39,318378,283,703,691,http://emine.ncc.metu.edu.tr/survey/web/pages2/http/www.babylon.com/
40,318661,200,648,230,http://emine.ncc.metu.edu.tr/survey/web/pages2/http/www.babylon.com/
41,318861,116,692,115,http://emine.ncc.metu.edu.tr/survey/web/pages2/http/www.babylon.com/
42,318978,150,684,39,http://emine.ncc.metu.edu.tr/survey/web/pages2/http/www.babylon.com/
43,319128,150,648,57,http://emine.ncc.metu.edu.tr/survey/web/pages2/http/www.babylon.com/
44,319278,183,518,63,http://emine.ncc.metu.edu.tr/survey/web/pages2/http/www.babylon.com/
45,319461,133,434,63,http://emine.ncc.metu.edu.tr/survey/web/pages2/http/www.babylon.com/
46,319594,117,541,683,http://emine.ncc.metu.edu.tr/survey/web/pages2/http/www.babylon.com/
47,319711,117,377,653,http://emine.ncc.metu.edu.tr/survey/web/pages2/http/www.babylon.com/
48,319827,216,297,569,http://emine.ncc.metu.edu.tr/survey/web/pages2/http/www.babylon.com/
49,320327,216,307,677,http://emine.ncc.metu.edu.tr/survey/web/pages2/http/www.babylon.com/
50,320543,183,320,191,http://emine.ncc.metu.edu.tr/survey/web/pages2/http/www.babylon.com/
51,320726,183,348,252,http://emine.ncc.metu.edu.tr/survey/web/pages2/http/www.babylon.com/
52,320910,216,293,94,http://emine.ncc.metu.edu.tr/survey/web/pages2/http/www.babylon.com/
53,321126,166,248,63,http://emine.ncc.metu.edu.tr/survey/web/pages2/http/www.babylon.com/
54,321293,150,266,555,http://emine.ncc.metu.edu.tr/survey/web/pages2/http/www.babylon.com/
55,321443,133,273,514,http://emine.ncc.metu.edu.tr/survey/web/pages2/http/www.babylon.com/
56,321576,216,312,513,http://emine.ncc.metu.edu.tr/survey/web/pages2/http/www.babylon.com/
57,321792,150,327,107,http://emine.ncc.metu.edu.tr/survey/web/pages2/http/www.babylon.com/
58,321942,616,340,60,http://emine.ncc.metu.edu.tr/survey/web/pages2/http/www.babylon.com/
59,322558,183,326,655,http://emine.ncc.metu.edu.tr/survey/web/pages2/http/www.babylon.com/
60,322742,483,308,708,http://emine.ncc.metu.edu.tr/survey/web/pages2/http/www.babylon.com/
61,323225,433,371,707,http://emine.ncc.metu.edu.tr/survey/web/pages2/http/www.babylon.com/
62,323658,1133,531,704,http://emine.ncc.metu.edu.tr/survey/web/pages2/http/www.babylon.com/
63,324790,416,697,702,http://emine.ncc.metu.edu.tr/survey/web/pages2/http/www.babylon.com/
64,325207,216,738,711,http://emine.ncc.metu.edu.tr/survey/web/pages2/http/www.babylon.com/
65,325423,216,704,701,http://emine.ncc.metu.edu.tr/survey/web/pages2/http/www.babylon.com/
66,325640,233,763,698,http://emine.ncc.metu.edu.tr/survey/web/pages2/http/www.babylon.com/
67,325873,450,896,706,http://emine.ncc.metu.edu.tr/survey/web/pages2/http/www.babylon.com/
68,326322,633,981,709,http://emine.ncc.metu.edu.tr/survey/web/pages2/http/www.babylon.com/
69,326955,200,932,635,http://emine.ncc.metu.edu.tr/survey/web/pages2/http/www.babylon.com/
70,327155,200,773,502,http://emine.ncc.metu.edu.tr/survey/web/pages2/http/www.babylon.com/
71,327355,200,871,636,http://emine.ncc.metu.edu.tr/survey/web/pages2/http/www.babylon.com/
72,327555,233,910,695,http://emine.ncc.metu.edu.tr/survey/web/pages2/http/www.babylon.com/