FixationIndex,Timestamp,FixationDuration,MappedFixationPointX,MappedFixationPointY,StimuliName
1,31611,216,244,905,http://emine.ncc.metu.edu.tr/survey/web/pages2/http/www.babylon.com/
2,31827,216,516,551,http://emine.ncc.metu.edu.tr/survey/web/pages2/http/www.babylon.com/
3,32043,150,483,444,http://emine.ncc.metu.edu.tr/survey/web/pages2/http/www.babylon.com/
4,32193,167,578,399,http://emine.ncc.metu.edu.tr/survey/web/pages2/http/www.babylon.com/
5,32360,283,638,390,http://emine.ncc.metu.edu.tr/survey/web/pages2/http/www.babylon.com/
6,32643,233,268,191,http://emine.ncc.metu.edu.tr/survey/web/pages2/http/www.babylon.com/
7,32876,150,283,154,http://emine.ncc.metu.edu.tr/survey/web/pages2/http/www.babylon.com/
8,33026,233,386,149,http://emine.ncc.metu.edu.tr/survey/web/pages2/http/www.babylon.com/
9,33509,183,444,271,http://emine.ncc.metu.edu.tr/survey/web/pages2/http/www.babylon.com/
10,34192,133,599,389,http://emine.ncc.metu.edu.tr/survey/web/pages2/http/www.babylon.com/
11,34325,350,474,689,http://emine.ncc.metu.edu.tr/survey/web/pages2/http/www.babylon.com/
12,34675,133,718,478,http://emine.ncc.metu.edu.tr/survey/web/pages2/http/www.babylon.com/
13,34808,133,745,442,http://emine.ncc.metu.edu.tr/survey/web/pages2/http/www.babylon.com/
14,34942,633,661,382,http://emine.ncc.metu.edu.tr/survey/web/pages2/http/www.babylon.com/
15,35574,216,895,264,http://emine.ncc.metu.edu.tr/survey/web/pages2/http/www.babylon.com/
16,35924,167,956,268,http://emine.ncc.metu.edu.tr/survey/web/pages2/http/www.babylon.com/
17,36091,166,710,404,http://emine.ncc.metu.edu.tr/survey/web/pages2/http/www.babylon.com/
18,36257,2831,623,443,http://emine.ncc.metu.edu.tr/survey/web/pages2/http/www.babylon.com/
19,39338,100,663,404,http://emine.ncc.metu.edu.tr/survey/web/pages2/http/www.babylon.com/
20,39438,250,775,676,http://emine.ncc.metu.edu.tr/survey/web/pages2/http/www.babylon.com/
21,39688,100,731,648,http://emine.ncc.metu.edu.tr/survey/web/pages2/http/www.babylon.com/
22,39788,216,681,704,http://emine.ncc.metu.edu.tr/survey/web/pages2/http/www.babylon.com/
23,40004,133,294,685,http://emine.ncc.metu.edu.tr/survey/web/pages2/http/www.babylon.com/
24,40138,366,285,242,http://emine.ncc.metu.edu.tr/survey/web/pages2/http/www.babylon.com/
25,40504,500,334,275,http://emine.ncc.metu.edu.tr/survey/web/pages2/http/www.babylon.com/
26,41004,616,649,281,http://emine.ncc.metu.edu.tr/survey/web/pages2/http/www.babylon.com/
27,41620,300,930,286,http://emine.ncc.metu.edu.tr/survey/web/pages2/http/www.babylon.com/
28,41920,400,270,522,http://emine.ncc.metu.edu.tr/survey/web/pages2/http/www.babylon.com/
29,42320,516,292,681,http://emine.ncc.metu.edu.tr/survey/web/pages2/http/www.babylon.com/
30,43002,283,498,683,http://emine.ncc.metu.edu.tr/survey/web/pages2/http/www.babylon.com/
31,43286,250,679,700,http://emine.ncc.metu.edu.tr/survey/web/pages2/http/www.babylon.com/
32,43535,333,888,703,http://emine.ncc.metu.edu.tr/survey/web/pages2/http/www.babylon.com/
33,43868,233,671,695,http://emine.ncc.metu.edu.tr/survey/web/pages2/http/www.babylon.com/
34,44102,233,640,206,http://emine.ncc.metu.edu.tr/survey/web/pages2/http/www.babylon.com/
35,44335,216,642,245,http://emine.ncc.metu.edu.tr/survey/web/pages2/http/www.babylon.com/
36,44551,400,580,37,http://emine.ncc.metu.edu.tr/survey/web/pages2/http/www.babylon.com/
37,44951,117,648,19,http://emine.ncc.metu.edu.tr/survey/web/pages2/http/www.babylon.com/
38,45068,683,326,264,http://emine.ncc.metu.edu.tr/survey/web/pages2/http/www.babylon.com/
39,45750,383,265,204,http://emine.ncc.metu.edu.tr/survey/web/pages2/http/www.babylon.com/
40,46134,166,289,534,http://emine.ncc.metu.edu.tr/survey/web/pages2/http/www.babylon.com/
41,46300,216,249,539,http://emine.ncc.metu.edu.tr/survey/web/pages2/http/www.babylon.com/
42,46650,117,294,515,http://emine.ncc.metu.edu.tr/survey/web/pages2/http/www.babylon.com/
43,46766,533,284,688,http://emine.ncc.metu.edu.tr/survey/web/pages2/http/www.babylon.com/
44,47299,283,331,680,http://emine.ncc.metu.edu.tr/survey/web/pages2/http/www.babylon.com/
45,47582,283,282,691,http://emine.ncc.metu.edu.tr/survey/web/pages2/http/www.babylon.com/
46,47866,516,343,678,http://emine.ncc.metu.edu.tr/survey/web/pages2/http/www.babylon.com/
47,48382,333,491,679,http://emine.ncc.metu.edu.tr/survey/web/pages2/http/www.babylon.com/
48,48715,533,545,679,http://emine.ncc.metu.edu.tr/survey/web/pages2/http/www.babylon.com/
49,49248,366,686,689,http://emine.ncc.metu.edu.tr/survey/web/pages2/http/www.babylon.com/
50,49798,83,734,629,http://emine.ncc.metu.edu.tr/survey/web/pages2/http/www.babylon.com/
51,49881,117,721,698,http://emine.ncc.metu.edu.tr/survey/web/pages2/http/www.babylon.com/
52,49997,516,876,696,http://emine.ncc.metu.edu.tr/survey/web/pages2/http/www.babylon.com/
53,50514,516,950,696,http://emine.ncc.metu.edu.tr/survey/web/pages2/http/www.babylon.com/
54,51030,416,919,622,http://emine.ncc.metu.edu.tr/survey/web/pages2/http/www.babylon.com/
55,51446,167,472,636,http://emine.ncc.metu.edu.tr/survey/web/pages2/http/www.babylon.com/
56,51830,250,263,520,http://emine.ncc.metu.edu.tr/survey/web/pages2/http/www.babylon.com/