FixationIndex,Timestamp,FixationDuration,MappedFixationPointX,MappedFixationPointY,StimuliName
1,297881,266,352,842,http://emine.ncc.metu.edu.tr/survey/web/pages2/http/www.babylon.com/
2,298147,217,540,393,http://emine.ncc.metu.edu.tr/survey/web/pages2/http/www.babylon.com/
3,298364,216,475,636,http://emine.ncc.metu.edu.tr/survey/web/pages2/http/www.babylon.com/
4,298580,166,392,128,http://emine.ncc.metu.edu.tr/survey/web/pages2/http/www.babylon.com/
5,298747,167,313,65,http://emine.ncc.metu.edu.tr/survey/web/pages2/http/www.babylon.com/
6,298913,216,254,24,http://emine.ncc.metu.edu.tr/survey/web/pages2/http/www.babylon.com/
7,299130,216,450,79,http://emine.ncc.metu.edu.tr/survey/web/pages2/http/www.babylon.com/
8,299346,117,352,102,http://emine.ncc.metu.edu.tr/survey/web/pages2/http/www.babylon.com/
9,299463,166,312,95,http://emine.ncc.metu.edu.tr/survey/web/pages2/http/www.babylon.com/
10,299629,283,614,356,http://emine.ncc.metu.edu.tr/survey/web/pages2/http/www.babylon.com/
11,299913,217,625,300,http://emine.ncc.metu.edu.tr/survey/web/pages2/http/www.babylon.com/
12,300129,250,650,64,http://emine.ncc.metu.edu.tr/survey/web/pages2/http/www.babylon.com/
13,300695,233,755,194,http://emine.ncc.metu.edu.tr/survey/web/pages2/http/www.babylon.com/
14,300929,200,614,89,http://emine.ncc.metu.edu.tr/survey/web/pages2/http/www.babylon.com/
15,301128,200,628,292,http://emine.ncc.metu.edu.tr/survey/web/pages2/http/www.babylon.com/
16,301328,250,588,361,http://emine.ncc.metu.edu.tr/survey/web/pages2/http/www.babylon.com/
17,301578,233,313,151,http://emine.ncc.metu.edu.tr/survey/web/pages2/http/www.babylon.com/
18,301811,216,316,228,http://emine.ncc.metu.edu.tr/survey/web/pages2/http/www.babylon.com/
19,302028,366,615,257,http://emine.ncc.metu.edu.tr/survey/web/pages2/http/www.babylon.com/
20,302394,233,484,87,http://emine.ncc.metu.edu.tr/survey/web/pages2/http/www.babylon.com/
21,302627,216,535,78,http://emine.ncc.metu.edu.tr/survey/web/pages2/http/www.babylon.com/
22,302844,216,696,89,http://emine.ncc.metu.edu.tr/survey/web/pages2/http/www.babylon.com/
23,303393,216,341,51,http://emine.ncc.metu.edu.tr/survey/web/pages2/http/www.babylon.com/
24,303610,167,540,593,http://emine.ncc.metu.edu.tr/survey/web/pages2/http/www.babylon.com/
25,303777,116,401,336,http://emine.ncc.metu.edu.tr/survey/web/pages2/http/www.babylon.com/
26,303893,167,328,211,http://emine.ncc.metu.edu.tr/survey/web/pages2/http/www.babylon.com/
27,304060,383,275,63,http://emine.ncc.metu.edu.tr/survey/web/pages2/http/www.babylon.com/
28,305042,183,797,530,http://emine.ncc.metu.edu.tr/survey/web/pages2/http/www.babylon.com/
29,305225,117,763,550,http://emine.ncc.metu.edu.tr/survey/web/pages2/http/www.babylon.com/
30,305342,133,711,326,http://emine.ncc.metu.edu.tr/survey/web/pages2/http/www.babylon.com/
31,305475,200,834,204,http://emine.ncc.metu.edu.tr/survey/web/pages2/http/www.babylon.com/
32,305675,250,934,214,http://emine.ncc.metu.edu.tr/survey/web/pages2/http/www.babylon.com/
33,305925,117,970,179,http://emine.ncc.metu.edu.tr/survey/web/pages2/http/www.babylon.com/
34,306042,150,941,224,http://emine.ncc.metu.edu.tr/survey/web/pages2/http/www.babylon.com/
35,306191,233,663,257,http://emine.ncc.metu.edu.tr/survey/web/pages2/http/www.babylon.com/
36,306425,150,318,247,http://emine.ncc.metu.edu.tr/survey/web/pages2/http/www.babylon.com/
37,306575,166,356,118,http://emine.ncc.metu.edu.tr/survey/web/pages2/http/www.babylon.com/
38,306741,233,529,51,http://emine.ncc.metu.edu.tr/survey/web/pages2/http/www.babylon.com/
39,306974,133,732,36,http://emine.ncc.metu.edu.tr/survey/web/pages2/http/www.babylon.com/
40,307307,116,650,55,http://emine.ncc.metu.edu.tr/survey/web/pages2/http/www.babylon.com/
41,307424,300,408,85,http://emine.ncc.metu.edu.tr/survey/web/pages2/http/www.babylon.com/
42,307724,150,570,87,http://emine.ncc.metu.edu.tr/survey/web/pages2/http/www.babylon.com/
43,307874,200,885,97,http://emine.ncc.metu.edu.tr/survey/web/pages2/http/www.babylon.com/
44,308673,316,957,195,http://emine.ncc.metu.edu.tr/survey/web/pages2/http/www.babylon.com/
45,308990,200,798,656,http://emine.ncc.metu.edu.tr/survey/web/pages2/http/www.babylon.com/
46,309189,200,730,689,http://emine.ncc.metu.edu.tr/survey/web/pages2/http/www.babylon.com/
47,309389,133,669,681,http://emine.ncc.metu.edu.tr/survey/web/pages2/http/www.babylon.com/
48,309522,200,511,680,http://emine.ncc.metu.edu.tr/survey/web/pages2/http/www.babylon.com/
49,309722,183,304,666,http://emine.ncc.metu.edu.tr/survey/web/pages2/http/www.babylon.com/
50,309905,167,387,668,http://emine.ncc.metu.edu.tr/survey/web/pages2/http/www.babylon.com/
51,310072,166,998,668,http://emine.ncc.metu.edu.tr/survey/web/pages2/http/www.babylon.com/
52,310239,167,935,685,http://emine.ncc.metu.edu.tr/survey/web/pages2/http/www.babylon.com/
53,310405,450,359,668,http://emine.ncc.metu.edu.tr/survey/web/pages2/http/www.babylon.com/
54,310855,200,301,662,http://emine.ncc.metu.edu.tr/survey/web/pages2/http/www.babylon.com/
55,311055,250,397,682,http://emine.ncc.metu.edu.tr/survey/web/pages2/http/www.babylon.com/
56,311304,466,687,881,http://emine.ncc.metu.edu.tr/survey/web/pages2/http/www.babylon.com/
57,311771,766,879,875,http://emine.ncc.metu.edu.tr/survey/web/pages2/http/www.babylon.com/
58,312537,200,988,870,http://emine.ncc.metu.edu.tr/survey/web/pages2/http/www.babylon.com/
59,312737,150,943,907,http://emine.ncc.metu.edu.tr/survey/web/pages2/http/www.babylon.com/
60,312887,133,900,909,http://emine.ncc.metu.edu.tr/survey/web/pages2/http/www.babylon.com/
61,313020,250,373,845,http://emine.ncc.metu.edu.tr/survey/web/pages2/http/www.babylon.com/
62,313270,200,791,354,http://emine.ncc.metu.edu.tr/survey/web/pages2/http/www.babylon.com/
63,313470,283,932,267,http://emine.ncc.metu.edu.tr/survey/web/pages2/http/www.babylon.com/
64,313753,166,726,377,http://emine.ncc.metu.edu.tr/survey/web/pages2/http/www.babylon.com/
65,313919,350,665,378,http://emine.ncc.metu.edu.tr/survey/web/pages2/http/www.babylon.com/
66,314269,233,708,174,http://emine.ncc.metu.edu.tr/survey/web/pages2/http/www.babylon.com/
67,314502,183,667,231,http://emine.ncc.metu.edu.tr/survey/web/pages2/http/www.babylon.com/
68,314685,216,632,375,http://emine.ncc.metu.edu.tr/survey/web/pages2/http/www.babylon.com/
69,314902,200,886,22,http://emine.ncc.metu.edu.tr/survey/web/pages2/http/www.babylon.com/
70,315818,217,483,133,http://emine.ncc.metu.edu.tr/survey/web/pages2/http/www.babylon.com/
71,316034,133,456,165,http://emine.ncc.metu.edu.tr/survey/web/pages2/http/www.babylon.com/
72,316168,266,322,158,http://emine.ncc.metu.edu.tr/survey/web/pages2/http/www.babylon.com/
73,316434,183,503,143,http://emine.ncc.metu.edu.tr/survey/web/pages2/http/www.babylon.com/
74,316617,200,544,159,http://emine.ncc.metu.edu.tr/survey/web/pages2/http/www.babylon.com/
75,316817,183,813,74,http://emine.ncc.metu.edu.tr/survey/web/pages2/http/www.babylon.com/
76,317000,466,1033,148,http://emine.ncc.metu.edu.tr/survey/web/pages2/http/www.babylon.com/
77,317467,150,976,166,http://emine.ncc.metu.edu.tr/survey/web/pages2/http/www.babylon.com/
78,317617,233,948,220,http://emine.ncc.metu.edu.tr/survey/web/pages2/http/www.babylon.com/
79,317850,200,427,14,http://emine.ncc.metu.edu.tr/survey/web/pages2/http/www.babylon.com/
80,318050,233,346,66,http://emine.ncc.metu.edu.tr/survey/web/pages2/http/www.babylon.com/
81,318283,283,789,320,http://emine.ncc.metu.edu.tr/survey/web/pages2/http/www.babylon.com/
82,318566,1749,663,382,http://emine.ncc.metu.edu.tr/survey/web/pages2/http/www.babylon.com/
83,320315,233,570,369,http://emine.ncc.metu.edu.tr/survey/web/pages2/http/www.babylon.com/
84,320781,300,550,265,http://emine.ncc.metu.edu.tr/survey/web/pages2/http/www.babylon.com/
85,323029,216,580,341,http://emine.ncc.metu.edu.tr/survey/web/pages2/http/www.babylon.com/
86,324761,167,638,389,http://emine.ncc.metu.edu.tr/survey/web/pages2/http/www.babylon.com/
87,324928,333,749,597,http://emine.ncc.metu.edu.tr/survey/web/pages2/http/www.babylon.com/
88,325261,250,595,363,http://emine.ncc.metu.edu.tr/survey/web/pages2/http/www.babylon.com/
89,325511,216,326,82,http://emine.ncc.metu.edu.tr/survey/web/pages2/http/www.babylon.com/
90,326144,283,673,356,http://emine.ncc.metu.edu.tr/survey/web/pages2/http/www.babylon.com/
91,326427,466,651,412,http://emine.ncc.metu.edu.tr/survey/web/pages2/http/www.babylon.com/
92,326893,166,778,594,http://emine.ncc.metu.edu.tr/survey/web/pages2/http/www.babylon.com/
93,327060,233,601,628,http://emine.ncc.metu.edu.tr/survey/web/pages2/http/www.babylon.com/
94,327293,166,473,642,http://emine.ncc.metu.edu.tr/survey/web/pages2/http/www.babylon.com/
95,327459,117,368,690,http://emine.ncc.metu.edu.tr/survey/web/pages2/http/www.babylon.com/
96,327576,200,309,678,http://emine.ncc.metu.edu.tr/survey/web/pages2/http/www.babylon.com/
97,327776,266,287,507,http://emine.ncc.metu.edu.tr/survey/web/pages2/http/www.babylon.com/
98,328042,166,367,181,http://emine.ncc.metu.edu.tr/survey/web/pages2/http/www.babylon.com/
99,328209,200,321,557,http://emine.ncc.metu.edu.tr/survey/web/pages2/http/www.babylon.com/
100,328409,217,283,508,http://emine.ncc.metu.edu.tr/survey/web/pages2/http/www.babylon.com/
101,328625,233,322,506,http://emine.ncc.metu.edu.tr/survey/web/pages2/http/www.babylon.com/
102,328858,133,340,645,http://emine.ncc.metu.edu.tr/survey/web/pages2/http/www.babylon.com/
103,328992,283,311,686,http://emine.ncc.metu.edu.tr/survey/web/pages2/http/www.babylon.com/
104,329275,300,265,506,http://emine.ncc.metu.edu.tr/survey/web/pages2/http/www.babylon.com/
105,329575,166,357,629,http://emine.ncc.metu.edu.tr/survey/web/pages2/http/www.babylon.com/
106,329741,650,303,685,http://emine.ncc.metu.edu.tr/survey/web/pages2/http/www.babylon.com/
107,330391,816,379,683,http://emine.ncc.metu.edu.tr/survey/web/pages2/http/www.babylon.com/
108,331207,416,514,689,http://emine.ncc.metu.edu.tr/survey/web/pages2/http/www.babylon.com/
109,331623,633,562,691,http://emine.ncc.metu.edu.tr/survey/web/pages2/http/www.babylon.com/
110,332256,150,600,675,http://emine.ncc.metu.edu.tr/survey/web/pages2/http/www.babylon.com/
111,332406,599,699,683,http://emine.ncc.metu.edu.tr/survey/web/pages2/http/www.babylon.com/
112,333005,300,771,682,http://emine.ncc.metu.edu.tr/survey/web/pages2/http/www.babylon.com/
113,333305,150,788,633,http://emine.ncc.metu.edu.tr/survey/web/pages2/http/www.babylon.com/
114,333455,266,896,650,http://emine.ncc.metu.edu.tr/survey/web/pages2/http/www.babylon.com/
115,333722,632,909,690,http://emine.ncc.metu.edu.tr/survey/web/pages2/http/www.babylon.com/
116,334354,583,961,679,http://emine.ncc.metu.edu.tr/survey/web/pages2/http/www.babylon.com/
117,335054,266,645,707,http://emine.ncc.metu.edu.tr/survey/web/pages2/http/www.babylon.com/
118,335320,100,155,640,http://emine.ncc.metu.edu.tr/survey/web/pages2/http/www.babylon.com/
119,335420,266,341,659,http://emine.ncc.metu.edu.tr/survey/web/pages2/http/www.babylon.com/
120,335687,250,290,464,http://emine.ncc.metu.edu.tr/survey/web/pages2/http/www.babylon.com/
121,335937,283,331,140,http://emine.ncc.metu.edu.tr/survey/web/pages2/http/www.babylon.com/
122,336220,383,261,59,http://emine.ncc.metu.edu.tr/survey/web/pages2/http/www.babylon.com/
123,336603,266,622,480,http://emine.ncc.metu.edu.tr/survey/web/pages2/http/www.babylon.com/
124,336869,167,689,387,http://emine.ncc.metu.edu.tr/survey/web/pages2/http/www.babylon.com/
125,337036,233,898,278,http://emine.ncc.metu.edu.tr/survey/web/pages2/http/www.babylon.com/
126,337269,216,955,72,http://emine.ncc.metu.edu.tr/survey/web/pages2/http/www.babylon.com/