FixationIndex,Timestamp,FixationDuration,MappedFixationPointX,MappedFixationPointY,StimuliName
1,64605,233,468,457,http://emine.ncc.metu.edu.tr/survey/web/pages2/http/www.babylon.com/
2,64838,216,659,396,http://emine.ncc.metu.edu.tr/survey/web/pages2/http/www.babylon.com/
3,65055,316,576,416,http://emine.ncc.metu.edu.tr/survey/web/pages2/http/www.babylon.com/
4,65371,350,645,706,http://emine.ncc.metu.edu.tr/survey/web/pages2/http/www.babylon.com/
5,65721,266,315,695,http://emine.ncc.metu.edu.tr/survey/web/pages2/http/www.babylon.com/
6,66137,150,352,103,http://emine.ncc.metu.edu.tr/survey/web/pages2/http/www.babylon.com/
7,66287,217,594,561,http://emine.ncc.metu.edu.tr/survey/web/pages2/http/www.babylon.com/
8,66504,200,471,675,http://emine.ncc.metu.edu.tr/survey/web/pages2/http/www.babylon.com/
9,66704,183,430,710,http://emine.ncc.metu.edu.tr/survey/web/pages2/http/www.babylon.com/
10,66887,666,663,476,http://emine.ncc.metu.edu.tr/survey/web/pages2/http/www.babylon.com/
11,67553,300,631,782,http://emine.ncc.metu.edu.tr/survey/web/pages2/http/www.babylon.com/
12,67853,183,254,881,http://emine.ncc.metu.edu.tr/survey/web/pages2/http/www.babylon.com/
13,68036,283,270,945,http://emine.ncc.metu.edu.tr/survey/web/pages2/http/www.babylon.com/
14,68319,600,725,923,http://emine.ncc.metu.edu.tr/survey/web/pages2/http/www.babylon.com/
15,68918,583,264,912,http://emine.ncc.metu.edu.tr/survey/web/pages2/http/www.babylon.com/
16,69501,216,411,543,http://emine.ncc.metu.edu.tr/survey/web/pages2/http/www.babylon.com/
17,69718,433,653,437,http://emine.ncc.metu.edu.tr/survey/web/pages2/http/www.babylon.com/
18,70151,266,468,73,http://emine.ncc.metu.edu.tr/survey/web/pages2/http/www.babylon.com/
19,70417,150,899,63,http://emine.ncc.metu.edu.tr/survey/web/pages2/http/www.babylon.com/
20,70567,849,651,447,http://emine.ncc.metu.edu.tr/survey/web/pages2/http/www.babylon.com/
21,71417,216,535,439,http://emine.ncc.metu.edu.tr/survey/web/pages2/http/www.babylon.com/
22,71633,1166,657,449,http://emine.ncc.metu.edu.tr/survey/web/pages2/http/www.babylon.com/
23,72799,250,699,447,http://emine.ncc.metu.edu.tr/survey/web/pages2/http/www.babylon.com/
24,73049,266,616,431,http://emine.ncc.metu.edu.tr/survey/web/pages2/http/www.babylon.com/
25,73315,600,541,427,http://emine.ncc.metu.edu.tr/survey/web/pages2/http/www.babylon.com/
26,73915,550,666,445,http://emine.ncc.metu.edu.tr/survey/web/pages2/http/www.babylon.com/
27,74464,267,647,411,http://emine.ncc.metu.edu.tr/survey/web/pages2/http/www.babylon.com/
28,74731,250,712,438,http://emine.ncc.metu.edu.tr/survey/web/pages2/http/www.babylon.com/
29,74981,483,615,446,http://emine.ncc.metu.edu.tr/survey/web/pages2/http/www.babylon.com/
30,75464,250,630,704,http://emine.ncc.metu.edu.tr/survey/web/pages2/http/www.babylon.com/
31,75713,167,703,711,http://emine.ncc.metu.edu.tr/survey/web/pages2/http/www.babylon.com/
32,75880,816,616,420,http://emine.ncc.metu.edu.tr/survey/web/pages2/http/www.babylon.com/
33,76813,566,652,430,http://emine.ncc.metu.edu.tr/survey/web/pages2/http/www.babylon.com/
34,77379,350,612,424,http://emine.ncc.metu.edu.tr/survey/web/pages2/http/www.babylon.com/
35,77729,250,652,431,http://emine.ncc.metu.edu.tr/survey/web/pages2/http/www.babylon.com/
36,77979,366,623,356,http://emine.ncc.metu.edu.tr/survey/web/pages2/http/www.babylon.com/
37,78345,366,666,410,http://emine.ncc.metu.edu.tr/survey/web/pages2/http/www.babylon.com/
38,78711,250,654,137,http://emine.ncc.metu.edu.tr/survey/web/pages2/http/www.babylon.com/
39,78961,300,288,169,http://emine.ncc.metu.edu.tr/survey/web/pages2/http/www.babylon.com/
40,79261,283,301,264,http://emine.ncc.metu.edu.tr/survey/web/pages2/http/www.babylon.com/
41,79544,166,644,245,http://emine.ncc.metu.edu.tr/survey/web/pages2/http/www.babylon.com/
42,79711,266,682,418,http://emine.ncc.metu.edu.tr/survey/web/pages2/http/www.babylon.com/
43,79977,433,534,728,http://emine.ncc.metu.edu.tr/survey/web/pages2/http/www.babylon.com/
44,80410,250,624,462,http://emine.ncc.metu.edu.tr/survey/web/pages2/http/www.babylon.com/
45,80660,400,714,260,http://emine.ncc.metu.edu.tr/survey/web/pages2/http/www.babylon.com/
46,81060,216,592,160,http://emine.ncc.metu.edu.tr/survey/web/pages2/http/www.babylon.com/
47,81276,183,265,128,http://emine.ncc.metu.edu.tr/survey/web/pages2/http/www.babylon.com/
48,81459,250,216,21,http://emine.ncc.metu.edu.tr/survey/web/pages2/http/www.babylon.com/
49,81709,200,516,15,http://emine.ncc.metu.edu.tr/survey/web/pages2/http/www.babylon.com/
50,81909,166,392,2,http://emine.ncc.metu.edu.tr/survey/web/pages2/http/www.babylon.com/
51,82076,300,333,9,http://emine.ncc.metu.edu.tr/survey/web/pages2/http/www.babylon.com/
52,82375,266,213,20,http://emine.ncc.metu.edu.tr/survey/web/pages2/http/www.babylon.com/
53,82642,216,408,12,http://emine.ncc.metu.edu.tr/survey/web/pages2/http/www.babylon.com/
54,82858,416,322,15,http://emine.ncc.metu.edu.tr/survey/web/pages2/http/www.babylon.com/
55,83275,250,459,40,http://emine.ncc.metu.edu.tr/survey/web/pages2/http/www.babylon.com/
56,83525,216,560,49,http://emine.ncc.metu.edu.tr/survey/web/pages2/http/www.babylon.com/
57,83741,216,432,23,http://emine.ncc.metu.edu.tr/survey/web/pages2/http/www.babylon.com/
58,83958,266,390,253,http://emine.ncc.metu.edu.tr/survey/web/pages2/http/www.babylon.com/
59,84224,233,548,153,http://emine.ncc.metu.edu.tr/survey/web/pages2/http/www.babylon.com/
60,84457,200,519,18,http://emine.ncc.metu.edu.tr/survey/web/pages2/http/www.babylon.com/
61,84657,250,533,299,http://emine.ncc.metu.edu.tr/survey/web/pages2/http/www.babylon.com/
62,84907,283,294,279,http://emine.ncc.metu.edu.tr/survey/web/pages2/http/www.babylon.com/
63,85190,233,303,148,http://emine.ncc.metu.edu.tr/survey/web/pages2/http/www.babylon.com/
64,85423,150,495,111,http://emine.ncc.metu.edu.tr/survey/web/pages2/http/www.babylon.com/
65,85573,200,523,38,http://emine.ncc.metu.edu.tr/survey/web/pages2/http/www.babylon.com/
66,85773,216,609,38,http://emine.ncc.metu.edu.tr/survey/web/pages2/http/www.babylon.com/
67,85989,150,695,47,http://emine.ncc.metu.edu.tr/survey/web/pages2/http/www.babylon.com/
68,86139,183,688,185,http://emine.ncc.metu.edu.tr/survey/web/pages2/http/www.babylon.com/
69,86323,166,705,260,http://emine.ncc.metu.edu.tr/survey/web/pages2/http/www.babylon.com/
70,86489,200,664,304,http://emine.ncc.metu.edu.tr/survey/web/pages2/http/www.babylon.com/
71,86689,200,948,273,http://emine.ncc.metu.edu.tr/survey/web/pages2/http/www.babylon.com/
72,86889,266,959,124,http://emine.ncc.metu.edu.tr/survey/web/pages2/http/www.babylon.com/
73,87155,250,540,751,http://emine.ncc.metu.edu.tr/survey/web/pages2/http/www.babylon.com/
74,87405,350,494,711,http://emine.ncc.metu.edu.tr/survey/web/pages2/http/www.babylon.com/
75,87755,600,300,703,http://emine.ncc.metu.edu.tr/survey/web/pages2/http/www.babylon.com/
76,88354,466,375,713,http://emine.ncc.metu.edu.tr/survey/web/pages2/http/www.babylon.com/
77,88821,350,263,528,http://emine.ncc.metu.edu.tr/survey/web/pages2/http/www.babylon.com/
78,89170,183,312,527,http://emine.ncc.metu.edu.tr/survey/web/pages2/http/www.babylon.com/
79,89354,100,236,530,http://emine.ncc.metu.edu.tr/survey/web/pages2/http/www.babylon.com/
80,89454,483,291,712,http://emine.ncc.metu.edu.tr/survey/web/pages2/http/www.babylon.com/
81,89937,100,260,553,http://emine.ncc.metu.edu.tr/survey/web/pages2/http/www.babylon.com/
82,90037,383,282,697,http://emine.ncc.metu.edu.tr/survey/web/pages2/http/www.babylon.com/
83,90420,150,321,702,http://emine.ncc.metu.edu.tr/survey/web/pages2/http/www.babylon.com/
84,90569,466,363,709,http://emine.ncc.metu.edu.tr/survey/web/pages2/http/www.babylon.com/
85,91036,200,511,715,http://emine.ncc.metu.edu.tr/survey/web/pages2/http/www.babylon.com/
86,91236,283,472,713,http://emine.ncc.metu.edu.tr/survey/web/pages2/http/www.babylon.com/
87,91519,416,541,720,http://emine.ncc.metu.edu.tr/survey/web/pages2/http/www.babylon.com/
88,91935,949,668,718,http://emine.ncc.metu.edu.tr/survey/web/pages2/http/www.babylon.com/
89,92884,283,743,714,http://emine.ncc.metu.edu.tr/survey/web/pages2/http/www.babylon.com/
90,93168,217,922,709,http://emine.ncc.metu.edu.tr/survey/web/pages2/http/www.babylon.com/
91,93384,883,876,714,http://emine.ncc.metu.edu.tr/survey/web/pages2/http/www.babylon.com/
92,94267,583,952,710,http://emine.ncc.metu.edu.tr/survey/web/pages2/http/www.babylon.com/
93,94850,266,737,406,http://emine.ncc.metu.edu.tr/survey/web/pages2/http/www.babylon.com/
94,95316,300,947,720,http://emine.ncc.metu.edu.tr/survey/web/pages2/http/www.babylon.com/
95,95616,716,298,702,http://emine.ncc.metu.edu.tr/survey/web/pages2/http/www.babylon.com/
96,96332,300,838,737,http://emine.ncc.metu.edu.tr/survey/web/pages2/http/www.babylon.com/