FixationIndex,Timestamp,FixationDuration,MappedFixationPointX,MappedFixationPointY,StimuliName
1,228323,217,709,419,http://emine.ncc.metu.edu.tr/survey/web/pages2/http/www.babylon.com/
2,228539,216,621,389,http://emine.ncc.metu.edu.tr/survey/web/pages2/http/www.babylon.com/
3,228756,200,528,132,http://emine.ncc.metu.edu.tr/survey/web/pages2/http/www.babylon.com/
4,228956,216,334,117,http://emine.ncc.metu.edu.tr/survey/web/pages2/http/www.babylon.com/
5,229172,216,643,371,http://emine.ncc.metu.edu.tr/survey/web/pages2/http/www.babylon.com/
6,229389,183,694,376,http://emine.ncc.metu.edu.tr/survey/web/pages2/http/www.babylon.com/
7,229572,233,609,153,http://emine.ncc.metu.edu.tr/survey/web/pages2/http/www.babylon.com/
8,229805,217,387,135,http://emine.ncc.metu.edu.tr/survey/web/pages2/http/www.babylon.com/
9,230022,166,291,127,http://emine.ncc.metu.edu.tr/survey/web/pages2/http/www.babylon.com/
10,230188,283,666,347,http://emine.ncc.metu.edu.tr/survey/web/pages2/http/www.babylon.com/
11,230471,200,754,376,http://emine.ncc.metu.edu.tr/survey/web/pages2/http/www.babylon.com/
12,230671,216,667,373,http://emine.ncc.metu.edu.tr/survey/web/pages2/http/www.babylon.com/
13,230888,250,597,141,http://emine.ncc.metu.edu.tr/survey/web/pages2/http/www.babylon.com/
14,231137,266,371,138,http://emine.ncc.metu.edu.tr/survey/web/pages2/http/www.babylon.com/
15,231404,266,463,595,http://emine.ncc.metu.edu.tr/survey/web/pages2/http/www.babylon.com/
16,231670,200,758,620,http://emine.ncc.metu.edu.tr/survey/web/pages2/http/www.babylon.com/
17,231870,366,692,369,http://emine.ncc.metu.edu.tr/survey/web/pages2/http/www.babylon.com/
18,232237,383,654,397,http://emine.ncc.metu.edu.tr/survey/web/pages2/http/www.babylon.com/
19,232620,350,689,417,http://emine.ncc.metu.edu.tr/survey/web/pages2/http/www.babylon.com/
20,232969,1332,658,439,http://emine.ncc.metu.edu.tr/survey/web/pages2/http/www.babylon.com/
21,234302,400,642,289,http://emine.ncc.metu.edu.tr/survey/web/pages2/http/www.babylon.com/
22,234701,650,660,424,http://emine.ncc.metu.edu.tr/survey/web/pages2/http/www.babylon.com/
23,235351,183,298,505,http://emine.ncc.metu.edu.tr/survey/web/pages2/http/www.babylon.com/
24,235534,283,646,414,http://emine.ncc.metu.edu.tr/survey/web/pages2/http/www.babylon.com/
25,235951,150,589,487,http://emine.ncc.metu.edu.tr/survey/web/pages2/http/www.babylon.com/
26,236100,250,633,417,http://emine.ncc.metu.edu.tr/survey/web/pages2/http/www.babylon.com/
27,236350,216,550,413,http://emine.ncc.metu.edu.tr/survey/web/pages2/http/www.babylon.com/
28,236567,383,680,415,http://emine.ncc.metu.edu.tr/survey/web/pages2/http/www.babylon.com/
29,236950,666,642,399,http://emine.ncc.metu.edu.tr/survey/web/pages2/http/www.babylon.com/
30,237616,266,732,607,http://emine.ncc.metu.edu.tr/survey/web/pages2/http/www.babylon.com/
31,237882,266,533,647,http://emine.ncc.metu.edu.tr/survey/web/pages2/http/www.babylon.com/
32,238149,183,461,688,http://emine.ncc.metu.edu.tr/survey/web/pages2/http/www.babylon.com/
33,238332,250,313,675,http://emine.ncc.metu.edu.tr/survey/web/pages2/http/www.babylon.com/
34,238582,233,870,695,http://emine.ncc.metu.edu.tr/survey/web/pages2/http/www.babylon.com/
35,238815,250,853,280,http://emine.ncc.metu.edu.tr/survey/web/pages2/http/www.babylon.com/
36,239065,216,640,265,http://emine.ncc.metu.edu.tr/survey/web/pages2/http/www.babylon.com/
37,239281,300,347,257,http://emine.ncc.metu.edu.tr/survey/web/pages2/http/www.babylon.com/
38,239581,167,587,230,http://emine.ncc.metu.edu.tr/survey/web/pages2/http/www.babylon.com/
39,239748,216,591,153,http://emine.ncc.metu.edu.tr/survey/web/pages2/http/www.babylon.com/
40,239964,266,337,129,http://emine.ncc.metu.edu.tr/survey/web/pages2/http/www.babylon.com/
41,240231,416,623,438,http://emine.ncc.metu.edu.tr/survey/web/pages2/http/www.babylon.com/
42,240647,200,717,650,http://emine.ncc.metu.edu.tr/survey/web/pages2/http/www.babylon.com/
43,240847,200,723,701,http://emine.ncc.metu.edu.tr/survey/web/pages2/http/www.babylon.com/
44,241047,200,429,694,http://emine.ncc.metu.edu.tr/survey/web/pages2/http/www.babylon.com/
45,241247,166,321,652,http://emine.ncc.metu.edu.tr/survey/web/pages2/http/www.babylon.com/
46,241413,200,847,236,http://emine.ncc.metu.edu.tr/survey/web/pages2/http/www.babylon.com/
47,241613,167,936,250,http://emine.ncc.metu.edu.tr/survey/web/pages2/http/www.babylon.com/
48,241780,250,655,247,http://emine.ncc.metu.edu.tr/survey/web/pages2/http/www.babylon.com/
49,242029,266,356,262,http://emine.ncc.metu.edu.tr/survey/web/pages2/http/www.babylon.com/
50,242296,300,905,160,http://emine.ncc.metu.edu.tr/survey/web/pages2/http/www.babylon.com/
51,242596,233,580,135,http://emine.ncc.metu.edu.tr/survey/web/pages2/http/www.babylon.com/
52,242829,300,969,186,http://emine.ncc.metu.edu.tr/survey/web/pages2/http/www.babylon.com/
53,243129,333,627,271,http://emine.ncc.metu.edu.tr/survey/web/pages2/http/www.babylon.com/
54,243462,266,946,267,http://emine.ncc.metu.edu.tr/survey/web/pages2/http/www.babylon.com/
55,243728,316,470,564,http://emine.ncc.metu.edu.tr/survey/web/pages2/http/www.babylon.com/
56,244045,250,860,35,http://emine.ncc.metu.edu.tr/survey/web/pages2/http/www.babylon.com/
57,244294,200,597,43,http://emine.ncc.metu.edu.tr/survey/web/pages2/http/www.babylon.com/
58,244494,250,356,30,http://emine.ncc.metu.edu.tr/survey/web/pages2/http/www.babylon.com/
59,244744,283,505,43,http://emine.ncc.metu.edu.tr/survey/web/pages2/http/www.babylon.com/
60,245027,566,464,57,http://emine.ncc.metu.edu.tr/survey/web/pages2/http/www.babylon.com/
61,245593,333,407,154,http://emine.ncc.metu.edu.tr/survey/web/pages2/http/www.babylon.com/
62,245927,250,792,198,http://emine.ncc.metu.edu.tr/survey/web/pages2/http/www.babylon.com/
63,246176,300,686,173,http://emine.ncc.metu.edu.tr/survey/web/pages2/http/www.babylon.com/
64,246476,233,656,286,http://emine.ncc.metu.edu.tr/survey/web/pages2/http/www.babylon.com/
65,246709,683,334,267,http://emine.ncc.metu.edu.tr/survey/web/pages2/http/www.babylon.com/
66,247392,216,317,298,http://emine.ncc.metu.edu.tr/survey/web/pages2/http/www.babylon.com/
67,247759,83,555,276,http://emine.ncc.metu.edu.tr/survey/web/pages2/http/www.babylon.com/
68,247842,300,341,283,http://emine.ncc.metu.edu.tr/survey/web/pages2/http/www.babylon.com/
69,248142,316,635,273,http://emine.ncc.metu.edu.tr/survey/web/pages2/http/www.babylon.com/
70,248458,250,280,268,http://emine.ncc.metu.edu.tr/survey/web/pages2/http/www.babylon.com/
71,248708,216,600,278,http://emine.ncc.metu.edu.tr/survey/web/pages2/http/www.babylon.com/
72,248924,366,672,368,http://emine.ncc.metu.edu.tr/survey/web/pages2/http/www.babylon.com/
73,249291,266,295,662,http://emine.ncc.metu.edu.tr/survey/web/pages2/http/www.babylon.com/
74,249557,217,331,687,http://emine.ncc.metu.edu.tr/survey/web/pages2/http/www.babylon.com/
75,249774,283,658,690,http://emine.ncc.metu.edu.tr/survey/web/pages2/http/www.babylon.com/
76,250057,200,505,694,http://emine.ncc.metu.edu.tr/survey/web/pages2/http/www.babylon.com/
77,250257,216,296,517,http://emine.ncc.metu.edu.tr/survey/web/pages2/http/www.babylon.com/
78,250473,266,891,197,http://emine.ncc.metu.edu.tr/survey/web/pages2/http/www.babylon.com/
79,250740,150,265,551,http://emine.ncc.metu.edu.tr/survey/web/pages2/http/www.babylon.com/
80,250890,250,258,516,http://emine.ncc.metu.edu.tr/survey/web/pages2/http/www.babylon.com/
81,251140,616,309,691,http://emine.ncc.metu.edu.tr/survey/web/pages2/http/www.babylon.com/
82,251756,550,374,692,http://emine.ncc.metu.edu.tr/survey/web/pages2/http/www.babylon.com/
83,252305,400,499,706,http://emine.ncc.metu.edu.tr/survey/web/pages2/http/www.babylon.com/
84,252705,266,557,698,http://emine.ncc.metu.edu.tr/survey/web/pages2/http/www.babylon.com/
85,252972,183,535,653,http://emine.ncc.metu.edu.tr/survey/web/pages2/http/www.babylon.com/
86,253155,233,494,679,http://emine.ncc.metu.edu.tr/survey/web/pages2/http/www.babylon.com/
87,253388,483,559,692,http://emine.ncc.metu.edu.tr/survey/web/pages2/http/www.babylon.com/
88,253871,500,692,704,http://emine.ncc.metu.edu.tr/survey/web/pages2/http/www.babylon.com/
89,254370,333,747,695,http://emine.ncc.metu.edu.tr/survey/web/pages2/http/www.babylon.com/
90,254704,666,899,694,http://emine.ncc.metu.edu.tr/survey/web/pages2/http/www.babylon.com/
91,255369,516,971,693,http://emine.ncc.metu.edu.tr/survey/web/pages2/http/www.babylon.com/
92,255886,183,878,703,http://emine.ncc.metu.edu.tr/survey/web/pages2/http/www.babylon.com/
93,256069,450,974,700,http://emine.ncc.metu.edu.tr/survey/web/pages2/http/www.babylon.com/
94,256519,266,946,640,http://emine.ncc.metu.edu.tr/survey/web/pages2/http/www.babylon.com/
95,256785,216,962,697,http://emine.ncc.metu.edu.tr/survey/web/pages2/http/www.babylon.com/
96,257002,233,914,599,http://emine.ncc.metu.edu.tr/survey/web/pages2/http/www.babylon.com/
97,257235,200,949,609,http://emine.ncc.metu.edu.tr/survey/web/pages2/http/www.babylon.com/
98,257435,416,767,438,http://emine.ncc.metu.edu.tr/survey/web/pages2/http/www.babylon.com/
99,257851,200,915,626,http://emine.ncc.metu.edu.tr/survey/web/pages2/http/www.babylon.com/
100,258051,366,272,517,http://emine.ncc.metu.edu.tr/survey/web/pages2/http/www.babylon.com/
101,258417,366,314,512,http://emine.ncc.metu.edu.tr/survey/web/pages2/http/www.babylon.com/