FixationIndex,Timestamp,FixationDuration,MappedFixationPointX,MappedFixationPointY,StimuliName
1,942,300,956,960,http://emine.ncc.metu.edu.tr/survey/web/pages2/http/www.babylon.com/
2,1242,266,654,552,http://emine.ncc.metu.edu.tr/survey/web/pages2/http/www.babylon.com/
3,1508,100,627,462,http://emine.ncc.metu.edu.tr/survey/web/pages2/http/www.babylon.com/
4,1608,117,625,423,http://emine.ncc.metu.edu.tr/survey/web/pages2/http/www.babylon.com/
5,1725,167,531,225,http://emine.ncc.metu.edu.tr/survey/web/pages2/http/www.babylon.com/
6,1892,283,310,148,http://emine.ncc.metu.edu.tr/survey/web/pages2/http/www.babylon.com/
7,2175,183,380,161,http://emine.ncc.metu.edu.tr/survey/web/pages2/http/www.babylon.com/
8,2358,267,609,398,http://emine.ncc.metu.edu.tr/survey/web/pages2/http/www.babylon.com/
9,2625,266,601,677,http://emine.ncc.metu.edu.tr/survey/web/pages2/http/www.babylon.com/
10,2891,216,468,715,http://emine.ncc.metu.edu.tr/survey/web/pages2/http/www.babylon.com/
11,3107,200,258,686,http://emine.ncc.metu.edu.tr/survey/web/pages2/http/www.babylon.com/
12,3307,250,338,203,http://emine.ncc.metu.edu.tr/survey/web/pages2/http/www.babylon.com/
13,3556,217,273,157,http://emine.ncc.metu.edu.tr/survey/web/pages2/http/www.babylon.com/
14,3773,166,688,422,http://emine.ncc.metu.edu.tr/survey/web/pages2/http/www.babylon.com/
15,3940,450,747,477,http://emine.ncc.metu.edu.tr/survey/web/pages2/http/www.babylon.com/
16,4389,166,753,662,http://emine.ncc.metu.edu.tr/survey/web/pages2/http/www.babylon.com/
17,4772,216,667,765,http://emine.ncc.metu.edu.tr/survey/web/pages2/http/www.babylon.com/
18,4989,167,665,703,http://emine.ncc.metu.edu.tr/survey/web/pages2/http/www.babylon.com/
19,5155,117,274,584,http://emine.ncc.metu.edu.tr/survey/web/pages2/http/www.babylon.com/
20,5272,183,252,549,http://emine.ncc.metu.edu.tr/survey/web/pages2/http/www.babylon.com/
21,5455,216,678,412,http://emine.ncc.metu.edu.tr/survey/web/pages2/http/www.babylon.com/
22,5671,4297,640,447,http://emine.ncc.metu.edu.tr/survey/web/pages2/http/www.babylon.com/
23,9968,133,682,466,http://emine.ncc.metu.edu.tr/survey/web/pages2/http/www.babylon.com/
24,10102,400,631,305,http://emine.ncc.metu.edu.tr/survey/web/pages2/http/www.babylon.com/
25,10501,183,723,622,http://emine.ncc.metu.edu.tr/survey/web/pages2/http/www.babylon.com/
26,10868,250,973,314,http://emine.ncc.metu.edu.tr/survey/web/pages2/http/www.babylon.com/
27,11118,200,992,242,http://emine.ncc.metu.edu.tr/survey/web/pages2/http/www.babylon.com/
28,11318,150,779,259,http://emine.ncc.metu.edu.tr/survey/web/pages2/http/www.babylon.com/
29,11467,216,832,106,http://emine.ncc.metu.edu.tr/survey/web/pages2/http/www.babylon.com/
30,11684,216,631,66,http://emine.ncc.metu.edu.tr/survey/web/pages2/http/www.babylon.com/
31,11900,233,680,410,http://emine.ncc.metu.edu.tr/survey/web/pages2/http/www.babylon.com/
32,12134,1116,642,457,http://emine.ncc.metu.edu.tr/survey/web/pages2/http/www.babylon.com/
33,13249,400,523,443,http://emine.ncc.metu.edu.tr/survey/web/pages2/http/www.babylon.com/
34,13649,516,681,455,http://emine.ncc.metu.edu.tr/survey/web/pages2/http/www.babylon.com/
35,14165,649,729,449,http://emine.ncc.metu.edu.tr/survey/web/pages2/http/www.babylon.com/
36,15048,1033,657,435,http://emine.ncc.metu.edu.tr/survey/web/pages2/http/www.babylon.com/
37,16081,200,749,449,http://emine.ncc.metu.edu.tr/survey/web/pages2/http/www.babylon.com/
38,16281,1099,633,436,http://emine.ncc.metu.edu.tr/survey/web/pages2/http/www.babylon.com/
39,17380,633,718,436,http://emine.ncc.metu.edu.tr/survey/web/pages2/http/www.babylon.com/
40,18013,366,675,445,http://emine.ncc.metu.edu.tr/survey/web/pages2/http/www.babylon.com/
41,18379,316,875,342,http://emine.ncc.metu.edu.tr/survey/web/pages2/http/www.babylon.com/
42,18695,500,689,382,http://emine.ncc.metu.edu.tr/survey/web/pages2/http/www.babylon.com/
43,19195,183,679,436,http://emine.ncc.metu.edu.tr/survey/web/pages2/http/www.babylon.com/
44,19611,300,655,454,http://emine.ncc.metu.edu.tr/survey/web/pages2/http/www.babylon.com/
45,19911,550,708,432,http://emine.ncc.metu.edu.tr/survey/web/pages2/http/www.babylon.com/
46,20461,217,646,454,http://emine.ncc.metu.edu.tr/survey/web/pages2/http/www.babylon.com/
47,20677,200,676,609,http://emine.ncc.metu.edu.tr/survey/web/pages2/http/www.babylon.com/
48,20877,216,550,631,http://emine.ncc.metu.edu.tr/survey/web/pages2/http/www.babylon.com/
49,21094,333,245,519,http://emine.ncc.metu.edu.tr/survey/web/pages2/http/www.babylon.com/
50,21427,150,309,665,http://emine.ncc.metu.edu.tr/survey/web/pages2/http/www.babylon.com/
51,21577,233,301,702,http://emine.ncc.metu.edu.tr/survey/web/pages2/http/www.babylon.com/
52,21810,167,516,683,http://emine.ncc.metu.edu.tr/survey/web/pages2/http/www.babylon.com/
53,21976,200,466,255,http://emine.ncc.metu.edu.tr/survey/web/pages2/http/www.babylon.com/
54,22176,166,481,217,http://emine.ncc.metu.edu.tr/survey/web/pages2/http/www.babylon.com/
55,22343,167,341,282,http://emine.ncc.metu.edu.tr/survey/web/pages2/http/www.babylon.com/
56,22509,250,303,293,http://emine.ncc.metu.edu.tr/survey/web/pages2/http/www.babylon.com/
57,22759,233,289,182,http://emine.ncc.metu.edu.tr/survey/web/pages2/http/www.babylon.com/
58,22992,200,478,176,http://emine.ncc.metu.edu.tr/survey/web/pages2/http/www.babylon.com/
59,23192,133,685,177,http://emine.ncc.metu.edu.tr/survey/web/pages2/http/www.babylon.com/
60,23325,266,657,78,http://emine.ncc.metu.edu.tr/survey/web/pages2/http/www.babylon.com/
61,23592,250,198,97,http://emine.ncc.metu.edu.tr/survey/web/pages2/http/www.babylon.com/
62,24025,183,367,759,http://emine.ncc.metu.edu.tr/survey/web/pages2/http/www.babylon.com/
63,24208,1532,284,722,http://emine.ncc.metu.edu.tr/survey/web/pages2/http/www.babylon.com/
64,25740,583,355,736,http://emine.ncc.metu.edu.tr/survey/web/pages2/http/www.babylon.com/
65,26323,583,476,742,http://emine.ncc.metu.edu.tr/survey/web/pages2/http/www.babylon.com/
66,26906,583,537,745,http://emine.ncc.metu.edu.tr/survey/web/pages2/http/www.babylon.com/
67,27489,350,663,721,http://emine.ncc.metu.edu.tr/survey/web/pages2/http/www.babylon.com/
68,27839,200,703,732,http://emine.ncc.metu.edu.tr/survey/web/pages2/http/www.babylon.com/
69,28238,283,760,706,http://emine.ncc.metu.edu.tr/survey/web/pages2/http/www.babylon.com/
70,28522,633,892,703,http://emine.ncc.metu.edu.tr/survey/web/pages2/http/www.babylon.com/
71,29154,466,963,698,http://emine.ncc.metu.edu.tr/survey/web/pages2/http/www.babylon.com/
72,29621,300,927,622,http://emine.ncc.metu.edu.tr/survey/web/pages2/http/www.babylon.com/
73,29921,166,208,575,http://emine.ncc.metu.edu.tr/survey/web/pages2/http/www.babylon.com/
74,30087,250,232,524,http://emine.ncc.metu.edu.tr/survey/web/pages2/http/www.babylon.com/
75,30337,600,293,525,http://emine.ncc.metu.edu.tr/survey/web/pages2/http/www.babylon.com/
76,31103,100,789,344,http://emine.ncc.metu.edu.tr/survey/web/pages2/http/www.babylon.com/
77,31203,300,740,408,http://emine.ncc.metu.edu.tr/survey/web/pages2/http/www.babylon.com/
78,31503,333,925,286,http://emine.ncc.metu.edu.tr/survey/web/pages2/http/www.babylon.com/