FixationIndex,Timestamp,FixationDuration,MappedFixationPointX,MappedFixationPointY,StimuliName
1,238755,100,703,309,http://emine.ncc.metu.edu.tr/survey/web/pages2/http/www.babylon.com/
2,238855,150,706,88,http://emine.ncc.metu.edu.tr/survey/web/pages2/http/www.babylon.com/
3,239005,216,585,481,http://emine.ncc.metu.edu.tr/survey/web/pages2/http/www.babylon.com/
4,239221,200,597,385,http://emine.ncc.metu.edu.tr/survey/web/pages2/http/www.babylon.com/
5,239421,416,687,367,http://emine.ncc.metu.edu.tr/survey/web/pages2/http/www.babylon.com/
6,239838,433,633,377,http://emine.ncc.metu.edu.tr/survey/web/pages2/http/www.babylon.com/
7,240271,433,679,362,http://emine.ncc.metu.edu.tr/survey/web/pages2/http/www.babylon.com/
8,240704,200,633,373,http://emine.ncc.metu.edu.tr/survey/web/pages2/http/www.babylon.com/
9,240904,167,544,360,http://emine.ncc.metu.edu.tr/survey/web/pages2/http/www.babylon.com/
10,241070,266,738,352,http://emine.ncc.metu.edu.tr/survey/web/pages2/http/www.babylon.com/
11,241337,233,861,607,http://emine.ncc.metu.edu.tr/survey/web/pages2/http/www.babylon.com/
12,241570,883,768,400,http://emine.ncc.metu.edu.tr/survey/web/pages2/http/www.babylon.com/
13,242452,783,766,353,http://emine.ncc.metu.edu.tr/survey/web/pages2/http/www.babylon.com/
14,243235,666,669,391,http://emine.ncc.metu.edu.tr/survey/web/pages2/http/www.babylon.com/
15,243901,250,619,392,http://emine.ncc.metu.edu.tr/survey/web/pages2/http/www.babylon.com/
16,245700,216,647,378,http://emine.ncc.metu.edu.tr/survey/web/pages2/http/www.babylon.com/
17,245917,366,617,421,http://emine.ncc.metu.edu.tr/survey/web/pages2/http/www.babylon.com/
18,246283,133,659,413,http://emine.ncc.metu.edu.tr/survey/web/pages2/http/www.babylon.com/
19,246416,266,658,337,http://emine.ncc.metu.edu.tr/survey/web/pages2/http/www.babylon.com/
20,246683,233,709,397,http://emine.ncc.metu.edu.tr/survey/web/pages2/http/www.babylon.com/
21,246916,100,709,331,http://emine.ncc.metu.edu.tr/survey/web/pages2/http/www.babylon.com/
22,247016,250,750,360,http://emine.ncc.metu.edu.tr/survey/web/pages2/http/www.babylon.com/
23,254411,150,659,346,http://emine.ncc.metu.edu.tr/survey/web/pages2/http/www.babylon.com/
24,254561,450,624,219,http://emine.ncc.metu.edu.tr/survey/web/pages2/http/www.babylon.com/
25,255010,299,319,227,http://emine.ncc.metu.edu.tr/survey/web/pages2/http/www.babylon.com/
26,255309,283,316,139,http://emine.ncc.metu.edu.tr/survey/web/pages2/http/www.babylon.com/
27,255592,216,441,114,http://emine.ncc.metu.edu.tr/survey/web/pages2/http/www.babylon.com/
28,255809,250,569,106,http://emine.ncc.metu.edu.tr/survey/web/pages2/http/www.babylon.com/
29,256059,250,930,105,http://emine.ncc.metu.edu.tr/survey/web/pages2/http/www.babylon.com/
30,256308,216,802,682,http://emine.ncc.metu.edu.tr/survey/web/pages2/http/www.babylon.com/
31,256525,183,747,699,http://emine.ncc.metu.edu.tr/survey/web/pages2/http/www.babylon.com/
32,256708,233,692,702,http://emine.ncc.metu.edu.tr/survey/web/pages2/http/www.babylon.com/
33,256941,216,341,696,http://emine.ncc.metu.edu.tr/survey/web/pages2/http/www.babylon.com/
34,257774,100,227,548,http://emine.ncc.metu.edu.tr/survey/web/pages2/http/www.babylon.com/
35,257874,266,265,518,http://emine.ncc.metu.edu.tr/survey/web/pages2/http/www.babylon.com/
36,258140,166,320,505,http://emine.ncc.metu.edu.tr/survey/web/pages2/http/www.babylon.com/
37,258307,233,330,718,http://emine.ncc.metu.edu.tr/survey/web/pages2/http/www.babylon.com/
38,258540,233,297,689,http://emine.ncc.metu.edu.tr/survey/web/pages2/http/www.babylon.com/
39,258773,216,350,699,http://emine.ncc.metu.edu.tr/survey/web/pages2/http/www.babylon.com/
40,258990,400,385,694,http://emine.ncc.metu.edu.tr/survey/web/pages2/http/www.babylon.com/
41,259389,183,538,694,http://emine.ncc.metu.edu.tr/survey/web/pages2/http/www.babylon.com/
42,260389,166,741,685,http://emine.ncc.metu.edu.tr/survey/web/pages2/http/www.babylon.com/
43,260555,200,702,692,http://emine.ncc.metu.edu.tr/survey/web/pages2/http/www.babylon.com/
44,260988,83,737,686,http://emine.ncc.metu.edu.tr/survey/web/pages2/http/www.babylon.com/
45,261072,100,426,629,http://emine.ncc.metu.edu.tr/survey/web/pages2/http/www.babylon.com/
46,261288,83,476,648,http://emine.ncc.metu.edu.tr/survey/web/pages2/http/www.babylon.com/
47,261371,450,703,691,http://emine.ncc.metu.edu.tr/survey/web/pages2/http/www.babylon.com/
48,261821,216,743,698,http://emine.ncc.metu.edu.tr/survey/web/pages2/http/www.babylon.com/
49,262037,133,832,680,http://emine.ncc.metu.edu.tr/survey/web/pages2/http/www.babylon.com/
50,262171,516,908,689,http://emine.ncc.metu.edu.tr/survey/web/pages2/http/www.babylon.com/
51,262687,633,972,689,http://emine.ncc.metu.edu.tr/survey/web/pages2/http/www.babylon.com/
52,263320,250,499,683,http://emine.ncc.metu.edu.tr/survey/web/pages2/http/www.babylon.com/
53,263786,150,990,681,http://emine.ncc.metu.edu.tr/survey/web/pages2/http/www.babylon.com/
54,263936,300,934,606,http://emine.ncc.metu.edu.tr/survey/web/pages2/http/www.babylon.com/
55,264236,283,750,615,http://emine.ncc.metu.edu.tr/survey/web/pages2/http/www.babylon.com/
56,264519,300,383,600,http://emine.ncc.metu.edu.tr/survey/web/pages2/http/www.babylon.com/
57,264819,200,297,481,http://emine.ncc.metu.edu.tr/survey/web/pages2/http/www.babylon.com/
58,265019,233,255,490,http://emine.ncc.metu.edu.tr/survey/web/pages2/http/www.babylon.com/