FixationIndex,Timestamp,FixationDuration,MappedFixationPointX,MappedFixationPointY,StimuliName
1,255005,100,523,684,http://emine.ncc.metu.edu.tr/survey/web/pages2/http/www.babylon.com/
2,255105,268,490,341,http://emine.ncc.metu.edu.tr/survey/web/pages2/http/www.babylon.com/
3,255372,283,662,226,http://emine.ncc.metu.edu.tr/survey/web/pages2/http/www.babylon.com/
4,255656,300,850,694,http://emine.ncc.metu.edu.tr/survey/web/pages2/http/www.babylon.com/
5,255955,266,708,703,http://emine.ncc.metu.edu.tr/survey/web/pages2/http/www.babylon.com/
6,256405,133,603,182,http://emine.ncc.metu.edu.tr/survey/web/pages2/http/www.babylon.com/
7,256538,300,360,180,http://emine.ncc.metu.edu.tr/survey/web/pages2/http/www.babylon.com/
8,256838,383,629,401,http://emine.ncc.metu.edu.tr/survey/web/pages2/http/www.babylon.com/
9,257221,267,851,760,http://emine.ncc.metu.edu.tr/survey/web/pages2/http/www.babylon.com/
10,257488,366,882,724,http://emine.ncc.metu.edu.tr/survey/web/pages2/http/www.babylon.com/
11,257854,450,656,219,http://emine.ncc.metu.edu.tr/survey/web/pages2/http/www.babylon.com/
12,258304,200,653,317,http://emine.ncc.metu.edu.tr/survey/web/pages2/http/www.babylon.com/
13,258687,383,535,786,http://emine.ncc.metu.edu.tr/survey/web/pages2/http/www.babylon.com/
14,259070,283,609,901,http://emine.ncc.metu.edu.tr/survey/web/pages2/http/www.babylon.com/
15,259353,133,628,610,http://emine.ncc.metu.edu.tr/survey/web/pages2/http/www.babylon.com/
16,259486,266,767,292,http://emine.ncc.metu.edu.tr/survey/web/pages2/http/www.babylon.com/
17,259752,350,639,413,http://emine.ncc.metu.edu.tr/survey/web/pages2/http/www.babylon.com/
18,260102,266,669,284,http://emine.ncc.metu.edu.tr/survey/web/pages2/http/www.babylon.com/
19,260369,166,612,307,http://emine.ncc.metu.edu.tr/survey/web/pages2/http/www.babylon.com/
20,260535,316,664,412,http://emine.ncc.metu.edu.tr/survey/web/pages2/http/www.babylon.com/
21,260852,500,648,448,http://emine.ncc.metu.edu.tr/survey/web/pages2/http/www.babylon.com/
22,261351,500,920,293,http://emine.ncc.metu.edu.tr/survey/web/pages2/http/www.babylon.com/
23,261851,250,273,296,http://emine.ncc.metu.edu.tr/survey/web/pages2/http/www.babylon.com/
24,262101,150,343,303,http://emine.ncc.metu.edu.tr/survey/web/pages2/http/www.babylon.com/
25,262251,133,345,518,http://emine.ncc.metu.edu.tr/survey/web/pages2/http/www.babylon.com/
26,262384,133,339,563,http://emine.ncc.metu.edu.tr/survey/web/pages2/http/www.babylon.com/
27,262517,150,652,666,http://emine.ncc.metu.edu.tr/survey/web/pages2/http/www.babylon.com/
28,262667,216,612,417,http://emine.ncc.metu.edu.tr/survey/web/pages2/http/www.babylon.com/
29,262884,200,666,402,http://emine.ncc.metu.edu.tr/survey/web/pages2/http/www.babylon.com/
30,263084,283,633,422,http://emine.ncc.metu.edu.tr/survey/web/pages2/http/www.babylon.com/
31,263367,266,680,425,http://emine.ncc.metu.edu.tr/survey/web/pages2/http/www.babylon.com/
32,263633,533,649,443,http://emine.ncc.metu.edu.tr/survey/web/pages2/http/www.babylon.com/
33,264166,516,551,398,http://emine.ncc.metu.edu.tr/survey/web/pages2/http/www.babylon.com/
34,264682,200,669,407,http://emine.ncc.metu.edu.tr/survey/web/pages2/http/www.babylon.com/
35,265032,266,634,468,http://emine.ncc.metu.edu.tr/survey/web/pages2/http/www.babylon.com/
36,265298,266,695,401,http://emine.ncc.metu.edu.tr/survey/web/pages2/http/www.babylon.com/
37,265565,200,632,403,http://emine.ncc.metu.edu.tr/survey/web/pages2/http/www.babylon.com/
38,265765,333,648,479,http://emine.ncc.metu.edu.tr/survey/web/pages2/http/www.babylon.com/
39,266098,216,755,502,http://emine.ncc.metu.edu.tr/survey/web/pages2/http/www.babylon.com/
40,266314,466,653,416,http://emine.ncc.metu.edu.tr/survey/web/pages2/http/www.babylon.com/
41,266781,283,515,680,http://emine.ncc.metu.edu.tr/survey/web/pages2/http/www.babylon.com/
42,267064,200,576,678,http://emine.ncc.metu.edu.tr/survey/web/pages2/http/www.babylon.com/
43,267264,183,348,690,http://emine.ncc.metu.edu.tr/survey/web/pages2/http/www.babylon.com/
44,267613,216,637,402,http://emine.ncc.metu.edu.tr/survey/web/pages2/http/www.babylon.com/
45,267830,466,903,701,http://emine.ncc.metu.edu.tr/survey/web/pages2/http/www.babylon.com/
46,268296,366,700,691,http://emine.ncc.metu.edu.tr/survey/web/pages2/http/www.babylon.com/
47,268663,183,388,762,http://emine.ncc.metu.edu.tr/survey/web/pages2/http/www.babylon.com/
48,268846,266,437,653,http://emine.ncc.metu.edu.tr/survey/web/pages2/http/www.babylon.com/
49,269279,300,469,334,http://emine.ncc.metu.edu.tr/survey/web/pages2/http/www.babylon.com/
50,269579,333,734,444,http://emine.ncc.metu.edu.tr/survey/web/pages2/http/www.babylon.com/
51,269912,317,505,653,http://emine.ncc.metu.edu.tr/survey/web/pages2/http/www.babylon.com/
52,270228,166,343,662,http://emine.ncc.metu.edu.tr/survey/web/pages2/http/www.babylon.com/
53,270395,200,347,700,http://emine.ncc.metu.edu.tr/survey/web/pages2/http/www.babylon.com/
54,270595,167,413,658,http://emine.ncc.metu.edu.tr/survey/web/pages2/http/www.babylon.com/
55,270761,383,557,338,http://emine.ncc.metu.edu.tr/survey/web/pages2/http/www.babylon.com/
56,271144,250,649,288,http://emine.ncc.metu.edu.tr/survey/web/pages2/http/www.babylon.com/
57,271394,216,354,298,http://emine.ncc.metu.edu.tr/survey/web/pages2/http/www.babylon.com/
58,271611,200,310,276,http://emine.ncc.metu.edu.tr/survey/web/pages2/http/www.babylon.com/
59,271810,233,367,276,http://emine.ncc.metu.edu.tr/survey/web/pages2/http/www.babylon.com/
60,272044,233,320,316,http://emine.ncc.metu.edu.tr/survey/web/pages2/http/www.babylon.com/
61,272277,216,378,298,http://emine.ncc.metu.edu.tr/survey/web/pages2/http/www.babylon.com/
62,272493,350,300,222,http://emine.ncc.metu.edu.tr/survey/web/pages2/http/www.babylon.com/
63,272843,216,432,219,http://emine.ncc.metu.edu.tr/survey/web/pages2/http/www.babylon.com/
64,273059,217,369,210,http://emine.ncc.metu.edu.tr/survey/web/pages2/http/www.babylon.com/
65,273276,266,909,193,http://emine.ncc.metu.edu.tr/survey/web/pages2/http/www.babylon.com/
66,273542,233,1023,197,http://emine.ncc.metu.edu.tr/survey/web/pages2/http/www.babylon.com/
67,273776,300,362,278,http://emine.ncc.metu.edu.tr/survey/web/pages2/http/www.babylon.com/
68,274075,383,308,302,http://emine.ncc.metu.edu.tr/survey/web/pages2/http/www.babylon.com/
69,274458,250,373,284,http://emine.ncc.metu.edu.tr/survey/web/pages2/http/www.babylon.com/
70,274708,283,309,305,http://emine.ncc.metu.edu.tr/survey/web/pages2/http/www.babylon.com/
71,274991,350,391,294,http://emine.ncc.metu.edu.tr/survey/web/pages2/http/www.babylon.com/
72,275341,300,319,310,http://emine.ncc.metu.edu.tr/survey/web/pages2/http/www.babylon.com/
73,275641,450,623,278,http://emine.ncc.metu.edu.tr/survey/web/pages2/http/www.babylon.com/
74,276091,233,390,157,http://emine.ncc.metu.edu.tr/survey/web/pages2/http/www.babylon.com/
75,276324,217,337,93,http://emine.ncc.metu.edu.tr/survey/web/pages2/http/www.babylon.com/
76,276540,183,266,77,http://emine.ncc.metu.edu.tr/survey/web/pages2/http/www.babylon.com/
77,276724,333,391,75,http://emine.ncc.metu.edu.tr/survey/web/pages2/http/www.babylon.com/
78,277190,166,353,60,http://emine.ncc.metu.edu.tr/survey/web/pages2/http/www.babylon.com/
79,277356,350,397,76,http://emine.ncc.metu.edu.tr/survey/web/pages2/http/www.babylon.com/
80,277706,766,488,62,http://emine.ncc.metu.edu.tr/survey/web/pages2/http/www.babylon.com/
81,278472,483,575,73,http://emine.ncc.metu.edu.tr/survey/web/pages2/http/www.babylon.com/
82,278955,200,667,85,http://emine.ncc.metu.edu.tr/survey/web/pages2/http/www.babylon.com/
83,279422,117,303,910,http://emine.ncc.metu.edu.tr/survey/web/pages2/http/www.babylon.com/
84,279538,216,376,755,http://emine.ncc.metu.edu.tr/survey/web/pages2/http/www.babylon.com/
85,279755,400,335,672,http://emine.ncc.metu.edu.tr/survey/web/pages2/http/www.babylon.com/
86,280154,316,392,670,http://emine.ncc.metu.edu.tr/survey/web/pages2/http/www.babylon.com/
87,280471,167,337,586,http://emine.ncc.metu.edu.tr/survey/web/pages2/http/www.babylon.com/
88,280637,350,270,512,http://emine.ncc.metu.edu.tr/survey/web/pages2/http/www.babylon.com/
89,280987,366,360,518,http://emine.ncc.metu.edu.tr/survey/web/pages2/http/www.babylon.com/
90,281354,233,268,524,http://emine.ncc.metu.edu.tr/survey/web/pages2/http/www.babylon.com/
91,281587,566,347,516,http://emine.ncc.metu.edu.tr/survey/web/pages2/http/www.babylon.com/
92,282153,250,340,673,http://emine.ncc.metu.edu.tr/survey/web/pages2/http/www.babylon.com/
93,282403,116,299,640,http://emine.ncc.metu.edu.tr/survey/web/pages2/http/www.babylon.com/
94,282519,200,256,473,http://emine.ncc.metu.edu.tr/survey/web/pages2/http/www.babylon.com/
95,282719,350,336,495,http://emine.ncc.metu.edu.tr/survey/web/pages2/http/www.babylon.com/
96,283319,150,362,590,http://emine.ncc.metu.edu.tr/survey/web/pages2/http/www.babylon.com/
97,283469,683,319,619,http://emine.ncc.metu.edu.tr/survey/web/pages2/http/www.babylon.com/
98,284152,466,372,623,http://emine.ncc.metu.edu.tr/survey/web/pages2/http/www.babylon.com/
99,284618,216,335,650,http://emine.ncc.metu.edu.tr/survey/web/pages2/http/www.babylon.com/
100,284835,267,406,652,http://emine.ncc.metu.edu.tr/survey/web/pages2/http/www.babylon.com/
101,285101,200,552,690,http://emine.ncc.metu.edu.tr/survey/web/pages2/http/www.babylon.com/
102,285301,250,505,693,http://emine.ncc.metu.edu.tr/survey/web/pages2/http/www.babylon.com/
103,285551,250,582,684,http://emine.ncc.metu.edu.tr/survey/web/pages2/http/www.babylon.com/
104,285801,200,775,711,http://emine.ncc.metu.edu.tr/survey/web/pages2/http/www.babylon.com/
105,286001,383,716,701,http://emine.ncc.metu.edu.tr/survey/web/pages2/http/www.babylon.com/
106,286384,217,765,704,http://emine.ncc.metu.edu.tr/survey/web/pages2/http/www.babylon.com/
107,286600,100,831,711,http://emine.ncc.metu.edu.tr/survey/web/pages2/http/www.babylon.com/
108,286700,533,905,714,http://emine.ncc.metu.edu.tr/survey/web/pages2/http/www.babylon.com/
109,287233,500,962,716,http://emine.ncc.metu.edu.tr/survey/web/pages2/http/www.babylon.com/
110,287916,266,317,499,http://emine.ncc.metu.edu.tr/survey/web/pages2/http/www.babylon.com/
111,288182,416,674,388,http://emine.ncc.metu.edu.tr/survey/web/pages2/http/www.babylon.com/
112,288599,433,339,527,http://emine.ncc.metu.edu.tr/survey/web/pages2/http/www.babylon.com/
113,289032,300,688,358,http://emine.ncc.metu.edu.tr/survey/web/pages2/http/www.babylon.com/
114,289331,217,334,578,http://emine.ncc.metu.edu.tr/survey/web/pages2/http/www.babylon.com/
115,289548,383,348,525,http://emine.ncc.metu.edu.tr/survey/web/pages2/http/www.babylon.com/