FixationIndex,Timestamp,FixationDuration,MappedFixationPointX,MappedFixationPointY,StimuliName
1,90892,283,576,364,http://emine.ncc.metu.edu.tr/survey/web/pages2/http/www.babylon.com/
2,91175,200,594,294,http://emine.ncc.metu.edu.tr/survey/web/pages2/http/www.babylon.com/
3,91375,300,338,159,http://emine.ncc.metu.edu.tr/survey/web/pages2/http/www.babylon.com/
4,91675,250,435,165,http://emine.ncc.metu.edu.tr/survey/web/pages2/http/www.babylon.com/
5,91925,150,529,161,http://emine.ncc.metu.edu.tr/survey/web/pages2/http/www.babylon.com/
6,92075,216,688,174,http://emine.ncc.metu.edu.tr/survey/web/pages2/http/www.babylon.com/
7,92291,150,934,169,http://emine.ncc.metu.edu.tr/survey/web/pages2/http/www.babylon.com/
8,92441,583,626,399,http://emine.ncc.metu.edu.tr/survey/web/pages2/http/www.babylon.com/
9,93024,366,302,286,http://emine.ncc.metu.edu.tr/survey/web/pages2/http/www.babylon.com/
10,93391,350,647,420,http://emine.ncc.metu.edu.tr/survey/web/pages2/http/www.babylon.com/
11,93740,183,415,115,http://emine.ncc.metu.edu.tr/survey/web/pages2/http/www.babylon.com/
12,93924,216,316,84,http://emine.ncc.metu.edu.tr/survey/web/pages2/http/www.babylon.com/
13,94140,166,322,296,http://emine.ncc.metu.edu.tr/survey/web/pages2/http/www.babylon.com/
14,94457,133,350,334,http://emine.ncc.metu.edu.tr/survey/web/pages2/http/www.babylon.com/
15,94590,166,280,525,http://emine.ncc.metu.edu.tr/survey/web/pages2/http/www.babylon.com/
16,94756,1765,624,412,http://emine.ncc.metu.edu.tr/survey/web/pages2/http/www.babylon.com/
17,96522,167,731,442,http://emine.ncc.metu.edu.tr/survey/web/pages2/http/www.babylon.com/
18,96688,316,651,388,http://emine.ncc.metu.edu.tr/survey/web/pages2/http/www.babylon.com/
19,97005,2482,622,408,http://emine.ncc.metu.edu.tr/survey/web/pages2/http/www.babylon.com/
20,99669,633,622,435,http://emine.ncc.metu.edu.tr/survey/web/pages2/http/www.babylon.com/
21,100302,166,681,619,http://emine.ncc.metu.edu.tr/survey/web/pages2/http/www.babylon.com/
22,100469,749,631,364,http://emine.ncc.metu.edu.tr/survey/web/pages2/http/www.babylon.com/
23,101385,350,656,374,http://emine.ncc.metu.edu.tr/survey/web/pages2/http/www.babylon.com/
24,101735,266,537,258,http://emine.ncc.metu.edu.tr/survey/web/pages2/http/www.babylon.com/
25,102001,366,616,383,http://emine.ncc.metu.edu.tr/survey/web/pages2/http/www.babylon.com/
26,102367,117,567,252,http://emine.ncc.metu.edu.tr/survey/web/pages2/http/www.babylon.com/
27,102484,233,551,185,http://emine.ncc.metu.edu.tr/survey/web/pages2/http/www.babylon.com/
28,102717,183,359,146,http://emine.ncc.metu.edu.tr/survey/web/pages2/http/www.babylon.com/
29,102900,400,282,182,http://emine.ncc.metu.edu.tr/survey/web/pages2/http/www.babylon.com/
30,103300,316,645,175,http://emine.ncc.metu.edu.tr/survey/web/pages2/http/www.babylon.com/
31,103617,333,300,278,http://emine.ncc.metu.edu.tr/survey/web/pages2/http/www.babylon.com/
32,103950,150,372,599,http://emine.ncc.metu.edu.tr/survey/web/pages2/http/www.babylon.com/
33,104099,183,277,548,http://emine.ncc.metu.edu.tr/survey/web/pages2/http/www.babylon.com/
34,104283,133,240,540,http://emine.ncc.metu.edu.tr/survey/web/pages2/http/www.babylon.com/
35,104416,167,287,233,http://emine.ncc.metu.edu.tr/survey/web/pages2/http/www.babylon.com/
36,104582,300,270,554,http://emine.ncc.metu.edu.tr/survey/web/pages2/http/www.babylon.com/
37,104882,566,280,731,http://emine.ncc.metu.edu.tr/survey/web/pages2/http/www.babylon.com/
38,105449,383,294,515,http://emine.ncc.metu.edu.tr/survey/web/pages2/http/www.babylon.com/
39,105831,1033,280,720,http://emine.ncc.metu.edu.tr/survey/web/pages2/http/www.babylon.com/
40,106864,699,345,725,http://emine.ncc.metu.edu.tr/survey/web/pages2/http/www.babylon.com/
41,107564,383,465,723,http://emine.ncc.metu.edu.tr/survey/web/pages2/http/www.babylon.com/
42,107947,583,522,721,http://emine.ncc.metu.edu.tr/survey/web/pages2/http/www.babylon.com/
43,108530,899,673,711,http://emine.ncc.metu.edu.tr/survey/web/pages2/http/www.babylon.com/
44,109429,217,725,705,http://emine.ncc.metu.edu.tr/survey/web/pages2/http/www.babylon.com/
45,109645,899,864,710,http://emine.ncc.metu.edu.tr/survey/web/pages2/http/www.babylon.com/
46,110545,166,905,704,http://emine.ncc.metu.edu.tr/survey/web/pages2/http/www.babylon.com/
47,110711,700,945,705,http://emine.ncc.metu.edu.tr/survey/web/pages2/http/www.babylon.com/
48,111411,183,902,629,http://emine.ncc.metu.edu.tr/survey/web/pages2/http/www.babylon.com/
49,111594,200,631,333,http://emine.ncc.metu.edu.tr/survey/web/pages2/http/www.babylon.com/
50,111794,133,590,324,http://emine.ncc.metu.edu.tr/survey/web/pages2/http/www.babylon.com/
51,111927,233,870,277,http://emine.ncc.metu.edu.tr/survey/web/pages2/http/www.babylon.com/
52,112160,150,816,693,http://emine.ncc.metu.edu.tr/survey/web/pages2/http/www.babylon.com/
53,112310,366,846,722,http://emine.ncc.metu.edu.tr/survey/web/pages2/http/www.babylon.com/
54,112676,167,636,735,http://emine.ncc.metu.edu.tr/survey/web/pages2/http/www.babylon.com/