FixationIndex,Timestamp,FixationDuration,MappedFixationPointX,MappedFixationPointY,StimuliName
1,438509,250,718,893,http://emine.ncc.metu.edu.tr/survey/web/pages2/http/www.babylon.com/
2,438759,250,626,478,http://emine.ncc.metu.edu.tr/survey/web/pages2/http/www.babylon.com/
3,439009,200,630,401,http://emine.ncc.metu.edu.tr/survey/web/pages2/http/www.babylon.com/
4,439209,233,578,665,http://emine.ncc.metu.edu.tr/survey/web/pages2/http/www.babylon.com/
5,439442,383,504,708,http://emine.ncc.metu.edu.tr/survey/web/pages2/http/www.babylon.com/
6,439825,233,313,707,http://emine.ncc.metu.edu.tr/survey/web/pages2/http/www.babylon.com/
7,440058,366,411,276,http://emine.ncc.metu.edu.tr/survey/web/pages2/http/www.babylon.com/
8,440425,483,310,698,http://emine.ncc.metu.edu.tr/survey/web/pages2/http/www.babylon.com/
9,440908,316,462,337,http://emine.ncc.metu.edu.tr/survey/web/pages2/http/www.babylon.com/
10,441224,300,617,438,http://emine.ncc.metu.edu.tr/survey/web/pages2/http/www.babylon.com/
11,441524,350,536,632,http://emine.ncc.metu.edu.tr/survey/web/pages2/http/www.babylon.com/
12,441874,266,315,706,http://emine.ncc.metu.edu.tr/survey/web/pages2/http/www.babylon.com/
13,442140,266,853,680,http://emine.ncc.metu.edu.tr/survey/web/pages2/http/www.babylon.com/
14,442407,266,815,218,http://emine.ncc.metu.edu.tr/survey/web/pages2/http/www.babylon.com/
15,442673,166,806,129,http://emine.ncc.metu.edu.tr/survey/web/pages2/http/www.babylon.com/
16,442839,233,524,137,http://emine.ncc.metu.edu.tr/survey/web/pages2/http/www.babylon.com/
17,443073,150,368,117,http://emine.ncc.metu.edu.tr/survey/web/pages2/http/www.babylon.com/
18,443222,333,704,120,http://emine.ncc.metu.edu.tr/survey/web/pages2/http/www.babylon.com/
19,443556,266,936,110,http://emine.ncc.metu.edu.tr/survey/web/pages2/http/www.babylon.com/
20,443822,283,746,113,http://emine.ncc.metu.edu.tr/survey/web/pages2/http/www.babylon.com/
21,444105,183,629,249,http://emine.ncc.metu.edu.tr/survey/web/pages2/http/www.babylon.com/
22,444288,250,631,295,http://emine.ncc.metu.edu.tr/survey/web/pages2/http/www.babylon.com/
23,444538,167,649,389,http://emine.ncc.metu.edu.tr/survey/web/pages2/http/www.babylon.com/
24,444705,200,425,207,http://emine.ncc.metu.edu.tr/survey/web/pages2/http/www.babylon.com/
25,444905,2648,635,416,http://emine.ncc.metu.edu.tr/survey/web/pages2/http/www.babylon.com/
26,447753,233,331,139,http://emine.ncc.metu.edu.tr/survey/web/pages2/http/www.babylon.com/
27,447986,233,323,235,http://emine.ncc.metu.edu.tr/survey/web/pages2/http/www.babylon.com/
28,448219,233,639,372,http://emine.ncc.metu.edu.tr/survey/web/pages2/http/www.babylon.com/
29,448452,217,633,220,http://emine.ncc.metu.edu.tr/survey/web/pages2/http/www.babylon.com/
30,448669,766,528,137,http://emine.ncc.metu.edu.tr/survey/web/pages2/http/www.babylon.com/
31,449435,300,486,64,http://emine.ncc.metu.edu.tr/survey/web/pages2/http/www.babylon.com/
32,449734,450,513,140,http://emine.ncc.metu.edu.tr/survey/web/pages2/http/www.babylon.com/
33,450184,566,614,247,http://emine.ncc.metu.edu.tr/survey/web/pages2/http/www.babylon.com/
34,450750,183,362,260,http://emine.ncc.metu.edu.tr/survey/web/pages2/http/www.babylon.com/
35,450934,266,618,50,http://emine.ncc.metu.edu.tr/survey/web/pages2/http/www.babylon.com/
36,451200,416,905,285,http://emine.ncc.metu.edu.tr/survey/web/pages2/http/www.babylon.com/
37,451616,300,932,191,http://emine.ncc.metu.edu.tr/survey/web/pages2/http/www.babylon.com/
38,451916,233,896,282,http://emine.ncc.metu.edu.tr/survey/web/pages2/http/www.babylon.com/
39,452149,167,550,561,http://emine.ncc.metu.edu.tr/survey/web/pages2/http/www.babylon.com/
40,452316,200,492,666,http://emine.ncc.metu.edu.tr/survey/web/pages2/http/www.babylon.com/
41,452516,166,325,697,http://emine.ncc.metu.edu.tr/survey/web/pages2/http/www.babylon.com/
42,452682,200,681,323,http://emine.ncc.metu.edu.tr/survey/web/pages2/http/www.babylon.com/
43,452882,200,662,389,http://emine.ncc.metu.edu.tr/survey/web/pages2/http/www.babylon.com/
44,453082,350,642,148,http://emine.ncc.metu.edu.tr/survey/web/pages2/http/www.babylon.com/
45,453432,266,557,64,http://emine.ncc.metu.edu.tr/survey/web/pages2/http/www.babylon.com/
46,453698,233,300,231,http://emine.ncc.metu.edu.tr/survey/web/pages2/http/www.babylon.com/
47,453931,183,340,261,http://emine.ncc.metu.edu.tr/survey/web/pages2/http/www.babylon.com/
48,454115,250,289,195,http://emine.ncc.metu.edu.tr/survey/web/pages2/http/www.babylon.com/
49,454364,316,833,153,http://emine.ncc.metu.edu.tr/survey/web/pages2/http/www.babylon.com/
50,454681,217,517,220,http://emine.ncc.metu.edu.tr/survey/web/pages2/http/www.babylon.com/
51,454897,400,384,200,http://emine.ncc.metu.edu.tr/survey/web/pages2/http/www.babylon.com/
52,455297,150,413,867,http://emine.ncc.metu.edu.tr/survey/web/pages2/http/www.babylon.com/
53,455447,433,324,711,http://emine.ncc.metu.edu.tr/survey/web/pages2/http/www.babylon.com/
54,455880,167,747,689,http://emine.ncc.metu.edu.tr/survey/web/pages2/http/www.babylon.com/
55,456047,216,694,701,http://emine.ncc.metu.edu.tr/survey/web/pages2/http/www.babylon.com/
56,456263,300,907,689,http://emine.ncc.metu.edu.tr/survey/web/pages2/http/www.babylon.com/
57,456563,383,841,875,http://emine.ncc.metu.edu.tr/survey/web/pages2/http/www.babylon.com/
58,456946,200,431,895,http://emine.ncc.metu.edu.tr/survey/web/pages2/http/www.babylon.com/
59,457146,333,296,896,http://emine.ncc.metu.edu.tr/survey/web/pages2/http/www.babylon.com/
60,457479,250,362,906,http://emine.ncc.metu.edu.tr/survey/web/pages2/http/www.babylon.com/
61,457729,300,561,901,http://emine.ncc.metu.edu.tr/survey/web/pages2/http/www.babylon.com/
62,458028,183,758,893,http://emine.ncc.metu.edu.tr/survey/web/pages2/http/www.babylon.com/
63,458212,200,718,891,http://emine.ncc.metu.edu.tr/survey/web/pages2/http/www.babylon.com/
64,458412,283,704,935,http://emine.ncc.metu.edu.tr/survey/web/pages2/http/www.babylon.com/
65,458695,600,857,918,http://emine.ncc.metu.edu.tr/survey/web/pages2/http/www.babylon.com/
66,459294,266,944,908,http://emine.ncc.metu.edu.tr/survey/web/pages2/http/www.babylon.com/
67,459561,250,296,914,http://emine.ncc.metu.edu.tr/survey/web/pages2/http/www.babylon.com/
68,459811,217,351,929,http://emine.ncc.metu.edu.tr/survey/web/pages2/http/www.babylon.com/
69,460027,233,492,922,http://emine.ncc.metu.edu.tr/survey/web/pages2/http/www.babylon.com/
70,460260,266,320,627,http://emine.ncc.metu.edu.tr/survey/web/pages2/http/www.babylon.com/
71,460527,216,558,235,http://emine.ncc.metu.edu.tr/survey/web/pages2/http/www.babylon.com/
72,460743,250,627,275,http://emine.ncc.metu.edu.tr/survey/web/pages2/http/www.babylon.com/
73,460993,483,906,260,http://emine.ncc.metu.edu.tr/survey/web/pages2/http/www.babylon.com/
74,461476,316,888,186,http://emine.ncc.metu.edu.tr/survey/web/pages2/http/www.babylon.com/
75,461792,300,990,183,http://emine.ncc.metu.edu.tr/survey/web/pages2/http/www.babylon.com/
76,462092,300,786,167,http://emine.ncc.metu.edu.tr/survey/web/pages2/http/www.babylon.com/
77,462392,166,735,103,http://emine.ncc.metu.edu.tr/survey/web/pages2/http/www.babylon.com/
78,462558,316,640,39,http://emine.ncc.metu.edu.tr/survey/web/pages2/http/www.babylon.com/
79,462875,217,519,35,http://emine.ncc.metu.edu.tr/survey/web/pages2/http/www.babylon.com/
80,463091,250,432,47,http://emine.ncc.metu.edu.tr/survey/web/pages2/http/www.babylon.com/
81,463341,183,280,49,http://emine.ncc.metu.edu.tr/survey/web/pages2/http/www.babylon.com/
82,463524,166,410,32,http://emine.ncc.metu.edu.tr/survey/web/pages2/http/www.babylon.com/
83,463691,217,456,42,http://emine.ncc.metu.edu.tr/survey/web/pages2/http/www.babylon.com/
84,463907,233,569,39,http://emine.ncc.metu.edu.tr/survey/web/pages2/http/www.babylon.com/
85,464141,400,434,40,http://emine.ncc.metu.edu.tr/survey/web/pages2/http/www.babylon.com/
86,464540,316,560,43,http://emine.ncc.metu.edu.tr/survey/web/pages2/http/www.babylon.com/
87,464857,483,418,35,http://emine.ncc.metu.edu.tr/survey/web/pages2/http/www.babylon.com/
88,465340,400,337,40,http://emine.ncc.metu.edu.tr/survey/web/pages2/http/www.babylon.com/
89,465740,250,527,27,http://emine.ncc.metu.edu.tr/survey/web/pages2/http/www.babylon.com/
90,465989,133,455,30,http://emine.ncc.metu.edu.tr/survey/web/pages2/http/www.babylon.com/
91,466122,283,946,22,http://emine.ncc.metu.edu.tr/survey/web/pages2/http/www.babylon.com/
92,466406,216,909,26,http://emine.ncc.metu.edu.tr/survey/web/pages2/http/www.babylon.com/
93,466622,183,280,34,http://emine.ncc.metu.edu.tr/survey/web/pages2/http/www.babylon.com/
94,466805,316,215,50,http://emine.ncc.metu.edu.tr/survey/web/pages2/http/www.babylon.com/
95,467122,283,288,101,http://emine.ncc.metu.edu.tr/survey/web/pages2/http/www.babylon.com/
96,467405,233,294,171,http://emine.ncc.metu.edu.tr/survey/web/pages2/http/www.babylon.com/
97,467638,266,392,141,http://emine.ncc.metu.edu.tr/survey/web/pages2/http/www.babylon.com/
98,467904,233,341,247,http://emine.ncc.metu.edu.tr/survey/web/pages2/http/www.babylon.com/
99,468138,466,313,275,http://emine.ncc.metu.edu.tr/survey/web/pages2/http/www.babylon.com/
100,468604,183,281,551,http://emine.ncc.metu.edu.tr/survey/web/pages2/http/www.babylon.com/
101,468787,200,312,521,http://emine.ncc.metu.edu.tr/survey/web/pages2/http/www.babylon.com/
102,468987,166,595,386,http://emine.ncc.metu.edu.tr/survey/web/pages2/http/www.babylon.com/
103,469154,183,288,519,http://emine.ncc.metu.edu.tr/survey/web/pages2/http/www.babylon.com/
104,469337,233,247,520,http://emine.ncc.metu.edu.tr/survey/web/pages2/http/www.babylon.com/
105,469570,116,304,563,http://emine.ncc.metu.edu.tr/survey/web/pages2/http/www.babylon.com/
106,469686,1449,318,706,http://emine.ncc.metu.edu.tr/survey/web/pages2/http/www.babylon.com/
107,471136,517,365,702,http://emine.ncc.metu.edu.tr/survey/web/pages2/http/www.babylon.com/
108,471652,166,514,706,http://emine.ncc.metu.edu.tr/survey/web/pages2/http/www.babylon.com/
109,471819,300,478,711,http://emine.ncc.metu.edu.tr/survey/web/pages2/http/www.babylon.com/
110,472118,383,535,704,http://emine.ncc.metu.edu.tr/survey/web/pages2/http/www.babylon.com/
111,472718,200,550,676,http://emine.ncc.metu.edu.tr/survey/web/pages2/http/www.babylon.com/
112,472918,583,693,692,http://emine.ncc.metu.edu.tr/survey/web/pages2/http/www.babylon.com/
113,473500,216,737,695,http://emine.ncc.metu.edu.tr/survey/web/pages2/http/www.babylon.com/
114,473717,350,699,676,http://emine.ncc.metu.edu.tr/survey/web/pages2/http/www.babylon.com/
115,474067,250,761,680,http://emine.ncc.metu.edu.tr/survey/web/pages2/http/www.babylon.com/
116,474316,783,898,684,http://emine.ncc.metu.edu.tr/survey/web/pages2/http/www.babylon.com/
117,475099,550,975,683,http://emine.ncc.metu.edu.tr/survey/web/pages2/http/www.babylon.com/
118,475649,650,908,612,http://emine.ncc.metu.edu.tr/survey/web/pages2/http/www.babylon.com/
119,476298,216,341,753,http://emine.ncc.metu.edu.tr/survey/web/pages2/http/www.babylon.com/
120,476515,383,296,727,http://emine.ncc.metu.edu.tr/survey/web/pages2/http/www.babylon.com/
121,476898,133,631,701,http://emine.ncc.metu.edu.tr/survey/web/pages2/http/www.babylon.com/
122,477031,183,836,702,http://emine.ncc.metu.edu.tr/survey/web/pages2/http/www.babylon.com/
123,477214,283,874,689,http://emine.ncc.metu.edu.tr/survey/web/pages2/http/www.babylon.com/
124,477498,283,297,629,http://emine.ncc.metu.edu.tr/survey/web/pages2/http/www.babylon.com/
125,477781,216,417,297,http://emine.ncc.metu.edu.tr/survey/web/pages2/http/www.babylon.com/