FixationIndex,Timestamp,FixationDuration,MappedFixationPointX,MappedFixationPointY,StimuliName
1,203671,458,406,471,http://emine.ncc.metu.edu.tr/survey/web/pages2/http/www.babylon.com/
2,204129,219,601,418,http://emine.ncc.metu.edu.tr/survey/web/pages2/http/www.babylon.com/
3,204348,319,458,244,http://emine.ncc.metu.edu.tr/survey/web/pages2/http/www.babylon.com/
4,204667,179,556,150,http://emine.ncc.metu.edu.tr/survey/web/pages2/http/www.babylon.com/
5,205066,439,740,381,http://emine.ncc.metu.edu.tr/survey/web/pages2/http/www.babylon.com/
6,205505,259,440,582,http://emine.ncc.metu.edu.tr/survey/web/pages2/http/www.babylon.com/
7,205764,219,541,599,http://emine.ncc.metu.edu.tr/survey/web/pages2/http/www.babylon.com/
8,205983,718,706,309,http://emine.ncc.metu.edu.tr/survey/web/pages2/http/www.babylon.com/
9,206701,797,699,261,http://emine.ncc.metu.edu.tr/survey/web/pages2/http/www.babylon.com/
10,207498,280,740,327,http://emine.ncc.metu.edu.tr/survey/web/pages2/http/www.babylon.com/
11,207778,299,424,583,http://emine.ncc.metu.edu.tr/survey/web/pages2/http/www.babylon.com/
12,208077,239,524,630,http://emine.ncc.metu.edu.tr/survey/web/pages2/http/www.babylon.com/
13,208316,339,805,625,http://emine.ncc.metu.edu.tr/survey/web/pages2/http/www.babylon.com/
14,208655,239,948,226,http://emine.ncc.metu.edu.tr/survey/web/pages2/http/www.babylon.com/
15,208894,179,992,134,http://emine.ncc.metu.edu.tr/survey/web/pages2/http/www.babylon.com/
16,209073,199,988,41,http://emine.ncc.metu.edu.tr/survey/web/pages2/http/www.babylon.com/
17,209273,379,920,39,http://emine.ncc.metu.edu.tr/survey/web/pages2/http/www.babylon.com/
18,209652,299,668,21,http://emine.ncc.metu.edu.tr/survey/web/pages2/http/www.babylon.com/
19,210090,359,771,297,http://emine.ncc.metu.edu.tr/survey/web/pages2/http/www.babylon.com/
20,210449,159,742,355,http://emine.ncc.metu.edu.tr/survey/web/pages2/http/www.babylon.com/
21,210609,1057,666,388,http://emine.ncc.metu.edu.tr/survey/web/pages2/http/www.babylon.com/
22,211825,359,669,384,http://emine.ncc.metu.edu.tr/survey/web/pages2/http/www.babylon.com/
23,212184,498,657,421,http://emine.ncc.metu.edu.tr/survey/web/pages2/http/www.babylon.com/
24,213579,439,607,375,http://emine.ncc.metu.edu.tr/survey/web/pages2/http/www.babylon.com/
25,214018,658,724,373,http://emine.ncc.metu.edu.tr/survey/web/pages2/http/www.babylon.com/
26,214676,578,686,400,http://emine.ncc.metu.edu.tr/survey/web/pages2/http/www.babylon.com/
27,215254,419,769,406,http://emine.ncc.metu.edu.tr/survey/web/pages2/http/www.babylon.com/
28,215673,503,619,379,http://emine.ncc.metu.edu.tr/survey/web/pages2/http/www.babylon.com/
29,216176,394,672,241,http://emine.ncc.metu.edu.tr/survey/web/pages2/http/www.babylon.com/
30,216570,459,922,261,http://emine.ncc.metu.edu.tr/survey/web/pages2/http/www.babylon.com/
31,217028,538,1006,216,http://emine.ncc.metu.edu.tr/survey/web/pages2/http/www.babylon.com/
32,217567,419,1151,180,http://emine.ncc.metu.edu.tr/survey/web/pages2/http/www.babylon.com/
33,217986,438,980,189,http://emine.ncc.metu.edu.tr/survey/web/pages2/http/www.babylon.com/
34,218424,319,576,141,http://emine.ncc.metu.edu.tr/survey/web/pages2/http/www.babylon.com/
35,218743,339,869,89,http://emine.ncc.metu.edu.tr/survey/web/pages2/http/www.babylon.com/
36,219082,299,941,64,http://emine.ncc.metu.edu.tr/survey/web/pages2/http/www.babylon.com/
37,219381,379,691,251,http://emine.ncc.metu.edu.tr/survey/web/pages2/http/www.babylon.com/
38,219760,339,890,267,http://emine.ncc.metu.edu.tr/survey/web/pages2/http/www.babylon.com/
39,220099,199,806,540,http://emine.ncc.metu.edu.tr/survey/web/pages2/http/www.babylon.com/
40,220298,319,730,711,http://emine.ncc.metu.edu.tr/survey/web/pages2/http/www.babylon.com/
41,220617,199,377,707,http://emine.ncc.metu.edu.tr/survey/web/pages2/http/www.babylon.com/
42,220816,319,318,703,http://emine.ncc.metu.edu.tr/survey/web/pages2/http/www.babylon.com/
43,221135,538,295,499,http://emine.ncc.metu.edu.tr/survey/web/pages2/http/www.babylon.com/
44,221674,319,334,683,http://emine.ncc.metu.edu.tr/survey/web/pages2/http/www.babylon.com/
45,222172,99,253,737,http://emine.ncc.metu.edu.tr/survey/web/pages2/http/www.babylon.com/
46,222272,239,319,689,http://emine.ncc.metu.edu.tr/survey/web/pages2/http/www.babylon.com/
47,222710,259,463,695,http://emine.ncc.metu.edu.tr/survey/web/pages2/http/www.babylon.com/
48,222970,897,345,696,http://emine.ncc.metu.edu.tr/survey/web/pages2/http/www.babylon.com/
49,223867,1116,513,700,http://emine.ncc.metu.edu.tr/survey/web/pages2/http/www.babylon.com/
50,224983,478,561,700,http://emine.ncc.metu.edu.tr/survey/web/pages2/http/www.babylon.com/
51,225462,419,717,698,http://emine.ncc.metu.edu.tr/survey/web/pages2/http/www.babylon.com/
52,226140,299,795,695,http://emine.ncc.metu.edu.tr/survey/web/pages2/http/www.babylon.com/
53,226439,219,705,687,http://emine.ncc.metu.edu.tr/survey/web/pages2/http/www.babylon.com/
54,226658,1097,924,692,http://emine.ncc.metu.edu.tr/survey/web/pages2/http/www.babylon.com/
55,227754,417,977,690,http://emine.ncc.metu.edu.tr/survey/web/pages2/http/www.babylon.com/
56,228171,700,908,711,http://emine.ncc.metu.edu.tr/survey/web/pages2/http/www.babylon.com/
57,228871,399,892,750,http://emine.ncc.metu.edu.tr/survey/web/pages2/http/www.babylon.com/
58,229270,299,932,696,http://emine.ncc.metu.edu.tr/survey/web/pages2/http/www.babylon.com/
59,229569,498,936,608,http://emine.ncc.metu.edu.tr/survey/web/pages2/http/www.babylon.com/
60,230546,100,617,583,http://emine.ncc.metu.edu.tr/survey/web/pages2/http/www.babylon.com/
61,230645,140,837,645,http://emine.ncc.metu.edu.tr/survey/web/pages2/http/www.babylon.com/
62,230924,199,895,573,http://emine.ncc.metu.edu.tr/survey/web/pages2/http/www.babylon.com/