FixationIndex,Timestamp,FixationDuration,MappedFixationPointX,MappedFixationPointY,StimuliName
1,33244,183,53,95,http://emine.ncc.metu.edu.tr/survey/web/pages2/http/www.babylon.com/
2,33427,233,543,511,http://emine.ncc.metu.edu.tr/survey/web/pages2/http/www.babylon.com/
3,33660,216,566,418,http://emine.ncc.metu.edu.tr/survey/web/pages2/http/www.babylon.com/
4,33877,216,541,222,http://emine.ncc.metu.edu.tr/survey/web/pages2/http/www.babylon.com/
5,34093,216,316,130,http://emine.ncc.metu.edu.tr/survey/web/pages2/http/www.babylon.com/
6,34543,150,555,341,http://emine.ncc.metu.edu.tr/survey/web/pages2/http/www.babylon.com/
7,34693,283,652,403,http://emine.ncc.metu.edu.tr/survey/web/pages2/http/www.babylon.com/
8,34976,500,622,267,http://emine.ncc.metu.edu.tr/survey/web/pages2/http/www.babylon.com/
9,35475,300,716,383,http://emine.ncc.metu.edu.tr/survey/web/pages2/http/www.babylon.com/
10,35775,383,672,459,http://emine.ncc.metu.edu.tr/survey/web/pages2/http/www.babylon.com/
11,36158,500,650,418,http://emine.ncc.metu.edu.tr/survey/web/pages2/http/www.babylon.com/
12,36658,333,674,338,http://emine.ncc.metu.edu.tr/survey/web/pages2/http/www.babylon.com/
13,36991,216,503,124,http://emine.ncc.metu.edu.tr/survey/web/pages2/http/www.babylon.com/
14,37208,283,372,19,http://emine.ncc.metu.edu.tr/survey/web/pages2/http/www.babylon.com/
15,37491,316,917,9,http://emine.ncc.metu.edu.tr/survey/web/pages2/http/www.babylon.com/
16,37807,433,995,20,http://emine.ncc.metu.edu.tr/survey/web/pages2/http/www.babylon.com/
17,38240,366,884,641,http://emine.ncc.metu.edu.tr/survey/web/pages2/http/www.babylon.com/
18,38606,333,677,797,http://emine.ncc.metu.edu.tr/survey/web/pages2/http/www.babylon.com/
19,38940,283,599,911,http://emine.ncc.metu.edu.tr/survey/web/pages2/http/www.babylon.com/
20,39223,200,553,921,http://emine.ncc.metu.edu.tr/survey/web/pages2/http/www.babylon.com/
21,39423,266,551,740,http://emine.ncc.metu.edu.tr/survey/web/pages2/http/www.babylon.com/
22,39956,83,481,714,http://emine.ncc.metu.edu.tr/survey/web/pages2/http/www.babylon.com/
23,40039,433,700,436,http://emine.ncc.metu.edu.tr/survey/web/pages2/http/www.babylon.com/
24,40472,383,705,611,http://emine.ncc.metu.edu.tr/survey/web/pages2/http/www.babylon.com/
25,40855,250,691,398,http://emine.ncc.metu.edu.tr/survey/web/pages2/http/www.babylon.com/
26,41105,416,610,276,http://emine.ncc.metu.edu.tr/survey/web/pages2/http/www.babylon.com/
27,41521,350,885,281,http://emine.ncc.metu.edu.tr/survey/web/pages2/http/www.babylon.com/
28,41871,583,682,392,http://emine.ncc.metu.edu.tr/survey/web/pages2/http/www.babylon.com/
29,42454,383,623,161,http://emine.ncc.metu.edu.tr/survey/web/pages2/http/www.babylon.com/
30,42837,183,601,62,http://emine.ncc.metu.edu.tr/survey/web/pages2/http/www.babylon.com/
31,43020,217,680,43,http://emine.ncc.metu.edu.tr/survey/web/pages2/http/www.babylon.com/
32,43236,266,954,24,http://emine.ncc.metu.edu.tr/survey/web/pages2/http/www.babylon.com/
33,43503,233,677,262,http://emine.ncc.metu.edu.tr/survey/web/pages2/http/www.babylon.com/
34,43736,216,335,98,http://emine.ncc.metu.edu.tr/survey/web/pages2/http/www.babylon.com/
35,43953,167,415,285,http://emine.ncc.metu.edu.tr/survey/web/pages2/http/www.babylon.com/
36,44119,233,297,266,http://emine.ncc.metu.edu.tr/survey/web/pages2/http/www.babylon.com/
37,44352,233,627,284,http://emine.ncc.metu.edu.tr/survey/web/pages2/http/www.babylon.com/
38,44585,183,931,252,http://emine.ncc.metu.edu.tr/survey/web/pages2/http/www.babylon.com/
39,44769,366,901,303,http://emine.ncc.metu.edu.tr/survey/web/pages2/http/www.babylon.com/
40,45135,150,977,298,http://emine.ncc.metu.edu.tr/survey/web/pages2/http/www.babylon.com/
41,45285,200,921,298,http://emine.ncc.metu.edu.tr/survey/web/pages2/http/www.babylon.com/
42,45485,233,626,309,http://emine.ncc.metu.edu.tr/survey/web/pages2/http/www.babylon.com/
43,45718,333,340,308,http://emine.ncc.metu.edu.tr/survey/web/pages2/http/www.babylon.com/
44,46051,216,395,684,http://emine.ncc.metu.edu.tr/survey/web/pages2/http/www.babylon.com/
45,46268,150,334,203,http://emine.ncc.metu.edu.tr/survey/web/pages2/http/www.babylon.com/
46,46418,200,274,175,http://emine.ncc.metu.edu.tr/survey/web/pages2/http/www.babylon.com/
47,46617,200,660,138,http://emine.ncc.metu.edu.tr/survey/web/pages2/http/www.babylon.com/
48,46817,183,816,136,http://emine.ncc.metu.edu.tr/survey/web/pages2/http/www.babylon.com/
49,47000,250,980,122,http://emine.ncc.metu.edu.tr/survey/web/pages2/http/www.babylon.com/
50,47250,283,801,717,http://emine.ncc.metu.edu.tr/survey/web/pages2/http/www.babylon.com/
51,47533,150,735,732,http://emine.ncc.metu.edu.tr/survey/web/pages2/http/www.babylon.com/
52,47683,200,599,672,http://emine.ncc.metu.edu.tr/survey/web/pages2/http/www.babylon.com/
53,47883,150,418,699,http://emine.ncc.metu.edu.tr/survey/web/pages2/http/www.babylon.com/
54,48033,217,298,677,http://emine.ncc.metu.edu.tr/survey/web/pages2/http/www.babylon.com/
55,48249,133,349,688,http://emine.ncc.metu.edu.tr/survey/web/pages2/http/www.babylon.com/
56,48383,250,268,507,http://emine.ncc.metu.edu.tr/survey/web/pages2/http/www.babylon.com/
57,48632,266,328,209,http://emine.ncc.metu.edu.tr/survey/web/pages2/http/www.babylon.com/
58,48899,167,381,244,http://emine.ncc.metu.edu.tr/survey/web/pages2/http/www.babylon.com/
59,49066,200,258,116,http://emine.ncc.metu.edu.tr/survey/web/pages2/http/www.babylon.com/
60,49265,400,253,39,http://emine.ncc.metu.edu.tr/survey/web/pages2/http/www.babylon.com/
61,49665,333,298,149,http://emine.ncc.metu.edu.tr/survey/web/pages2/http/www.babylon.com/
62,49998,200,482,258,http://emine.ncc.metu.edu.tr/survey/web/pages2/http/www.babylon.com/
63,50198,133,451,210,http://emine.ncc.metu.edu.tr/survey/web/pages2/http/www.babylon.com/
64,50331,167,347,209,http://emine.ncc.metu.edu.tr/survey/web/pages2/http/www.babylon.com/
65,50498,250,497,209,http://emine.ncc.metu.edu.tr/survey/web/pages2/http/www.babylon.com/
66,50748,200,533,204,http://emine.ncc.metu.edu.tr/survey/web/pages2/http/www.babylon.com/
67,50947,183,583,204,http://emine.ncc.metu.edu.tr/survey/web/pages2/http/www.babylon.com/
68,51131,300,431,207,http://emine.ncc.metu.edu.tr/survey/web/pages2/http/www.babylon.com/
69,51430,316,569,200,http://emine.ncc.metu.edu.tr/survey/web/pages2/http/www.babylon.com/
70,51747,266,900,191,http://emine.ncc.metu.edu.tr/survey/web/pages2/http/www.babylon.com/
71,52013,200,835,197,http://emine.ncc.metu.edu.tr/survey/web/pages2/http/www.babylon.com/
72,52213,283,972,189,http://emine.ncc.metu.edu.tr/survey/web/pages2/http/www.babylon.com/
73,52496,133,1072,180,http://emine.ncc.metu.edu.tr/survey/web/pages2/http/www.babylon.com/
74,52630,250,866,186,http://emine.ncc.metu.edu.tr/survey/web/pages2/http/www.babylon.com/
75,52879,200,959,187,http://emine.ncc.metu.edu.tr/survey/web/pages2/http/www.babylon.com/
76,53079,333,261,199,http://emine.ncc.metu.edu.tr/survey/web/pages2/http/www.babylon.com/
77,53412,133,341,206,http://emine.ncc.metu.edu.tr/survey/web/pages2/http/www.babylon.com/
78,53546,633,315,278,http://emine.ncc.metu.edu.tr/survey/web/pages2/http/www.babylon.com/
79,54178,250,627,263,http://emine.ncc.metu.edu.tr/survey/web/pages2/http/www.babylon.com/
80,54428,233,624,302,http://emine.ncc.metu.edu.tr/survey/web/pages2/http/www.babylon.com/
81,54661,200,913,263,http://emine.ncc.metu.edu.tr/survey/web/pages2/http/www.babylon.com/
82,54861,250,920,299,http://emine.ncc.metu.edu.tr/survey/web/pages2/http/www.babylon.com/
83,55111,216,956,291,http://emine.ncc.metu.edu.tr/survey/web/pages2/http/www.babylon.com/
84,55328,216,899,465,http://emine.ncc.metu.edu.tr/survey/web/pages2/http/www.babylon.com/
85,55544,166,688,394,http://emine.ncc.metu.edu.tr/survey/web/pages2/http/www.babylon.com/
86,55711,799,649,411,http://emine.ncc.metu.edu.tr/survey/web/pages2/http/www.babylon.com/
87,56510,216,687,425,http://emine.ncc.metu.edu.tr/survey/web/pages2/http/www.babylon.com/
88,57243,117,605,474,http://emine.ncc.metu.edu.tr/survey/web/pages2/http/www.babylon.com/
89,57359,183,669,393,http://emine.ncc.metu.edu.tr/survey/web/pages2/http/www.babylon.com/
90,58009,183,587,509,http://emine.ncc.metu.edu.tr/survey/web/pages2/http/www.babylon.com/
91,58192,250,652,395,http://emine.ncc.metu.edu.tr/survey/web/pages2/http/www.babylon.com/
92,58442,516,636,433,http://emine.ncc.metu.edu.tr/survey/web/pages2/http/www.babylon.com/
93,59208,583,646,405,http://emine.ncc.metu.edu.tr/survey/web/pages2/http/www.babylon.com/
94,59791,216,714,410,http://emine.ncc.metu.edu.tr/survey/web/pages2/http/www.babylon.com/
95,60007,283,756,419,http://emine.ncc.metu.edu.tr/survey/web/pages2/http/www.babylon.com/
96,60291,316,658,396,http://emine.ncc.metu.edu.tr/survey/web/pages2/http/www.babylon.com/
97,60890,183,724,610,http://emine.ncc.metu.edu.tr/survey/web/pages2/http/www.babylon.com/
98,61073,250,531,655,http://emine.ncc.metu.edu.tr/survey/web/pages2/http/www.babylon.com/
99,61323,150,520,700,http://emine.ncc.metu.edu.tr/survey/web/pages2/http/www.babylon.com/
100,61473,283,609,391,http://emine.ncc.metu.edu.tr/survey/web/pages2/http/www.babylon.com/
101,61756,400,684,393,http://emine.ncc.metu.edu.tr/survey/web/pages2/http/www.babylon.com/
102,62439,233,546,691,http://emine.ncc.metu.edu.tr/survey/web/pages2/http/www.babylon.com/
103,62672,183,481,706,http://emine.ncc.metu.edu.tr/survey/web/pages2/http/www.babylon.com/
104,62855,333,343,702,http://emine.ncc.metu.edu.tr/survey/web/pages2/http/www.babylon.com/
105,63189,183,782,691,http://emine.ncc.metu.edu.tr/survey/web/pages2/http/www.babylon.com/
106,63372,533,692,708,http://emine.ncc.metu.edu.tr/survey/web/pages2/http/www.babylon.com/
107,63905,233,699,343,http://emine.ncc.metu.edu.tr/survey/web/pages2/http/www.babylon.com/
108,64138,200,638,287,http://emine.ncc.metu.edu.tr/survey/web/pages2/http/www.babylon.com/
109,64338,266,645,407,http://emine.ncc.metu.edu.tr/survey/web/pages2/http/www.babylon.com/
110,64604,166,363,588,http://emine.ncc.metu.edu.tr/survey/web/pages2/http/www.babylon.com/
111,64771,366,288,520,http://emine.ncc.metu.edu.tr/survey/web/pages2/http/www.babylon.com/
112,65137,133,251,506,http://emine.ncc.metu.edu.tr/survey/web/pages2/http/www.babylon.com/
113,65270,550,320,508,http://emine.ncc.metu.edu.tr/survey/web/pages2/http/www.babylon.com/
114,65820,350,243,503,http://emine.ncc.metu.edu.tr/survey/web/pages2/http/www.babylon.com/
115,66170,400,321,521,http://emine.ncc.metu.edu.tr/survey/web/pages2/http/www.babylon.com/
116,66569,300,242,510,http://emine.ncc.metu.edu.tr/survey/web/pages2/http/www.babylon.com/
117,66869,633,323,522,http://emine.ncc.metu.edu.tr/survey/web/pages2/http/www.babylon.com/
118,67502,350,322,704,http://emine.ncc.metu.edu.tr/survey/web/pages2/http/www.babylon.com/
119,67852,150,302,558,http://emine.ncc.metu.edu.tr/survey/web/pages2/http/www.babylon.com/
120,68268,566,283,495,http://emine.ncc.metu.edu.tr/survey/web/pages2/http/www.babylon.com/
121,68834,216,333,504,http://emine.ncc.metu.edu.tr/survey/web/pages2/http/www.babylon.com/
122,69051,183,246,508,http://emine.ncc.metu.edu.tr/survey/web/pages2/http/www.babylon.com/
123,69234,433,347,503,http://emine.ncc.metu.edu.tr/survey/web/pages2/http/www.babylon.com/
124,69667,183,611,636,http://emine.ncc.metu.edu.tr/survey/web/pages2/http/www.babylon.com/
125,69850,183,532,663,http://emine.ncc.metu.edu.tr/survey/web/pages2/http/www.babylon.com/
126,70034,250,328,717,http://emine.ncc.metu.edu.tr/survey/web/pages2/http/www.babylon.com/
127,70283,300,284,515,http://emine.ncc.metu.edu.tr/survey/web/pages2/http/www.babylon.com/
128,70583,150,333,670,http://emine.ncc.metu.edu.tr/survey/web/pages2/http/www.babylon.com/
129,70733,416,307,700,http://emine.ncc.metu.edu.tr/survey/web/pages2/http/www.babylon.com/
130,71149,216,865,626,http://emine.ncc.metu.edu.tr/survey/web/pages2/http/www.babylon.com/
131,71366,200,1151,425,http://emine.ncc.metu.edu.tr/survey/web/pages2/http/www.babylon.com/
132,71566,250,779,737,http://emine.ncc.metu.edu.tr/survey/web/pages2/http/www.babylon.com/
133,71816,383,693,878,http://emine.ncc.metu.edu.tr/survey/web/pages2/http/www.babylon.com/
134,72199,183,592,905,http://emine.ncc.metu.edu.tr/survey/web/pages2/http/www.babylon.com/
135,72382,167,267,515,http://emine.ncc.metu.edu.tr/survey/web/pages2/http/www.babylon.com/
136,72798,117,263,507,http://emine.ncc.metu.edu.tr/survey/web/pages2/http/www.babylon.com/
137,72915,300,341,504,http://emine.ncc.metu.edu.tr/survey/web/pages2/http/www.babylon.com/
138,73215,500,243,500,http://emine.ncc.metu.edu.tr/survey/web/pages2/http/www.babylon.com/
139,73714,383,326,505,http://emine.ncc.metu.edu.tr/survey/web/pages2/http/www.babylon.com/
140,74097,266,249,501,http://emine.ncc.metu.edu.tr/survey/web/pages2/http/www.babylon.com/
141,74364,516,329,502,http://emine.ncc.metu.edu.tr/survey/web/pages2/http/www.babylon.com/
142,74880,300,238,496,http://emine.ncc.metu.edu.tr/survey/web/pages2/http/www.babylon.com/
143,75180,300,328,512,http://emine.ncc.metu.edu.tr/survey/web/pages2/http/www.babylon.com/
144,75480,233,285,514,http://emine.ncc.metu.edu.tr/survey/web/pages2/http/www.babylon.com/
145,75963,383,270,507,http://emine.ncc.metu.edu.tr/survey/web/pages2/http/www.babylon.com/
146,76346,266,326,513,http://emine.ncc.metu.edu.tr/survey/web/pages2/http/www.babylon.com/
147,76612,183,231,505,http://emine.ncc.metu.edu.tr/survey/web/pages2/http/www.babylon.com/
148,77045,183,299,539,http://emine.ncc.metu.edu.tr/survey/web/pages2/http/www.babylon.com/
149,77228,183,602,618,http://emine.ncc.metu.edu.tr/survey/web/pages2/http/www.babylon.com/
150,77411,200,290,497,http://emine.ncc.metu.edu.tr/survey/web/pages2/http/www.babylon.com/
151,77611,233,404,712,http://emine.ncc.metu.edu.tr/survey/web/pages2/http/www.babylon.com/
152,77845,333,309,683,http://emine.ncc.metu.edu.tr/survey/web/pages2/http/www.babylon.com/
153,78178,200,550,718,http://emine.ncc.metu.edu.tr/survey/web/pages2/http/www.babylon.com/
154,78377,283,492,719,http://emine.ncc.metu.edu.tr/survey/web/pages2/http/www.babylon.com/
155,78661,400,689,709,http://emine.ncc.metu.edu.tr/survey/web/pages2/http/www.babylon.com/
156,79060,333,880,695,http://emine.ncc.metu.edu.tr/survey/web/pages2/http/www.babylon.com/
157,79393,183,299,515,http://emine.ncc.metu.edu.tr/survey/web/pages2/http/www.babylon.com/
158,79577,200,242,503,http://emine.ncc.metu.edu.tr/survey/web/pages2/http/www.babylon.com/
159,79776,283,317,498,http://emine.ncc.metu.edu.tr/survey/web/pages2/http/www.babylon.com/
160,80060,200,318,620,http://emine.ncc.metu.edu.tr/survey/web/pages2/http/www.babylon.com/
161,80259,416,305,696,http://emine.ncc.metu.edu.tr/survey/web/pages2/http/www.babylon.com/
162,80676,183,383,498,http://emine.ncc.metu.edu.tr/survey/web/pages2/http/www.babylon.com/
163,80859,266,331,507,http://emine.ncc.metu.edu.tr/survey/web/pages2/http/www.babylon.com/
164,81125,350,305,695,http://emine.ncc.metu.edu.tr/survey/web/pages2/http/www.babylon.com/
165,81742,100,319,668,http://emine.ncc.metu.edu.tr/survey/web/pages2/http/www.babylon.com/
166,81842,266,353,697,http://emine.ncc.metu.edu.tr/survey/web/pages2/http/www.babylon.com/
167,82108,283,273,517,http://emine.ncc.metu.edu.tr/survey/web/pages2/http/www.babylon.com/
168,82391,250,372,703,http://emine.ncc.metu.edu.tr/survey/web/pages2/http/www.babylon.com/
169,82641,183,572,686,http://emine.ncc.metu.edu.tr/survey/web/pages2/http/www.babylon.com/
170,82824,166,560,725,http://emine.ncc.metu.edu.tr/survey/web/pages2/http/www.babylon.com/
171,82991,416,482,722,http://emine.ncc.metu.edu.tr/survey/web/pages2/http/www.babylon.com/
172,83407,833,312,705,http://emine.ncc.metu.edu.tr/survey/web/pages2/http/www.babylon.com/
173,84240,400,504,717,http://emine.ncc.metu.edu.tr/survey/web/pages2/http/www.babylon.com/
174,84640,333,569,711,http://emine.ncc.metu.edu.tr/survey/web/pages2/http/www.babylon.com/
175,85472,650,320,724,http://emine.ncc.metu.edu.tr/survey/web/pages2/http/www.babylon.com/
176,86122,450,294,698,http://emine.ncc.metu.edu.tr/survey/web/pages2/http/www.babylon.com/
177,86771,849,303,697,http://emine.ncc.metu.edu.tr/survey/web/pages2/http/www.babylon.com/
178,87621,483,343,717,http://emine.ncc.metu.edu.tr/survey/web/pages2/http/www.babylon.com/
179,88104,150,271,701,http://emine.ncc.metu.edu.tr/survey/web/pages2/http/www.babylon.com/
180,88254,366,332,716,http://emine.ncc.metu.edu.tr/survey/web/pages2/http/www.babylon.com/
181,88620,816,396,727,http://emine.ncc.metu.edu.tr/survey/web/pages2/http/www.babylon.com/
182,89436,333,505,725,http://emine.ncc.metu.edu.tr/survey/web/pages2/http/www.babylon.com/
183,89769,300,549,727,http://emine.ncc.metu.edu.tr/survey/web/pages2/http/www.babylon.com/
184,90069,316,485,735,http://emine.ncc.metu.edu.tr/survey/web/pages2/http/www.babylon.com/
185,90385,383,542,729,http://emine.ncc.metu.edu.tr/survey/web/pages2/http/www.babylon.com/
186,90768,350,578,726,http://emine.ncc.metu.edu.tr/survey/web/pages2/http/www.babylon.com/
187,91118,616,668,715,http://emine.ncc.metu.edu.tr/survey/web/pages2/http/www.babylon.com/
188,91734,1432,736,710,http://emine.ncc.metu.edu.tr/survey/web/pages2/http/www.babylon.com/
189,93167,1616,888,704,http://emine.ncc.metu.edu.tr/survey/web/pages2/http/www.babylon.com/
190,94782,1449,960,701,http://emine.ncc.metu.edu.tr/survey/web/pages2/http/www.babylon.com/
191,96581,117,641,552,http://emine.ncc.metu.edu.tr/survey/web/pages2/http/www.babylon.com/
192,96697,217,889,802,http://emine.ncc.metu.edu.tr/survey/web/pages2/http/www.babylon.com/
193,96914,566,870,719,http://emine.ncc.metu.edu.tr/survey/web/pages2/http/www.babylon.com/