FixationIndex,Timestamp,FixationDuration,MappedFixationPointX,MappedFixationPointY,StimuliName
1,111641,83,429,337,http://emine.ncc.metu.edu.tr/survey/web/pages2/http/www.babylon.com/
2,111725,283,620,370,http://emine.ncc.metu.edu.tr/survey/web/pages2/http/www.babylon.com/
3,112008,217,547,90,http://emine.ncc.metu.edu.tr/survey/web/pages2/http/www.babylon.com/
4,112224,300,368,109,http://emine.ncc.metu.edu.tr/survey/web/pages2/http/www.babylon.com/
5,112524,183,397,502,http://emine.ncc.metu.edu.tr/survey/web/pages2/http/www.babylon.com/
6,112707,133,297,519,http://emine.ncc.metu.edu.tr/survey/web/pages2/http/www.babylon.com/
7,112840,216,598,358,http://emine.ncc.metu.edu.tr/survey/web/pages2/http/www.babylon.com/
8,113057,383,650,368,http://emine.ncc.metu.edu.tr/survey/web/pages2/http/www.babylon.com/
9,113440,350,706,377,http://emine.ncc.metu.edu.tr/survey/web/pages2/http/www.babylon.com/
10,113790,183,654,365,http://emine.ncc.metu.edu.tr/survey/web/pages2/http/www.babylon.com/
11,113973,200,630,295,http://emine.ncc.metu.edu.tr/survey/web/pages2/http/www.babylon.com/
12,114173,250,595,109,http://emine.ncc.metu.edu.tr/survey/web/pages2/http/www.babylon.com/
13,114423,183,332,112,http://emine.ncc.metu.edu.tr/survey/web/pages2/http/www.babylon.com/
14,114606,350,486,109,http://emine.ncc.metu.edu.tr/survey/web/pages2/http/www.babylon.com/
15,114956,333,560,122,http://emine.ncc.metu.edu.tr/survey/web/pages2/http/www.babylon.com/
16,115289,283,672,91,http://emine.ncc.metu.edu.tr/survey/web/pages2/http/www.babylon.com/
17,115572,350,948,97,http://emine.ncc.metu.edu.tr/survey/web/pages2/http/www.babylon.com/
18,115921,350,582,240,http://emine.ncc.metu.edu.tr/survey/web/pages2/http/www.babylon.com/
19,116271,233,350,237,http://emine.ncc.metu.edu.tr/survey/web/pages2/http/www.babylon.com/
20,116504,183,647,273,http://emine.ncc.metu.edu.tr/survey/web/pages2/http/www.babylon.com/
21,116688,1899,660,402,http://emine.ncc.metu.edu.tr/survey/web/pages2/http/www.babylon.com/
22,118586,999,633,431,http://emine.ncc.metu.edu.tr/survey/web/pages2/http/www.babylon.com/
23,119585,583,680,428,http://emine.ncc.metu.edu.tr/survey/web/pages2/http/www.babylon.com/
24,120168,1632,638,430,http://emine.ncc.metu.edu.tr/survey/web/pages2/http/www.babylon.com/
25,121801,3814,665,401,http://emine.ncc.metu.edu.tr/survey/web/pages2/http/www.babylon.com/
26,125614,533,642,430,http://emine.ncc.metu.edu.tr/survey/web/pages2/http/www.babylon.com/
27,126147,366,634,256,http://emine.ncc.metu.edu.tr/survey/web/pages2/http/www.babylon.com/
28,126514,483,627,302,http://emine.ncc.metu.edu.tr/survey/web/pages2/http/www.babylon.com/
29,126997,633,652,414,http://emine.ncc.metu.edu.tr/survey/web/pages2/http/www.babylon.com/
30,127630,316,309,526,http://emine.ncc.metu.edu.tr/survey/web/pages2/http/www.babylon.com/
31,127946,233,390,716,http://emine.ncc.metu.edu.tr/survey/web/pages2/http/www.babylon.com/
32,128179,433,533,703,http://emine.ncc.metu.edu.tr/survey/web/pages2/http/www.babylon.com/
33,128612,600,713,713,http://emine.ncc.metu.edu.tr/survey/web/pages2/http/www.babylon.com/
34,129212,516,938,702,http://emine.ncc.metu.edu.tr/survey/web/pages2/http/www.babylon.com/
35,129728,200,880,706,http://emine.ncc.metu.edu.tr/survey/web/pages2/http/www.babylon.com/
36,129928,483,710,722,http://emine.ncc.metu.edu.tr/survey/web/pages2/http/www.babylon.com/
37,130411,366,448,709,http://emine.ncc.metu.edu.tr/survey/web/pages2/http/www.babylon.com/
38,130777,600,346,687,http://emine.ncc.metu.edu.tr/survey/web/pages2/http/www.babylon.com/
39,131377,383,505,698,http://emine.ncc.metu.edu.tr/survey/web/pages2/http/www.babylon.com/
40,131760,316,525,176,http://emine.ncc.metu.edu.tr/survey/web/pages2/http/www.babylon.com/
41,132076,216,557,133,http://emine.ncc.metu.edu.tr/survey/web/pages2/http/www.babylon.com/
42,132293,300,356,117,http://emine.ncc.metu.edu.tr/survey/web/pages2/http/www.babylon.com/
43,132593,200,417,127,http://emine.ncc.metu.edu.tr/survey/web/pages2/http/www.babylon.com/
44,132793,316,344,238,http://emine.ncc.metu.edu.tr/survey/web/pages2/http/www.babylon.com/
45,133109,233,652,241,http://emine.ncc.metu.edu.tr/survey/web/pages2/http/www.babylon.com/
46,133342,200,644,277,http://emine.ncc.metu.edu.tr/survey/web/pages2/http/www.babylon.com/
47,133542,350,305,265,http://emine.ncc.metu.edu.tr/survey/web/pages2/http/www.babylon.com/
48,133892,233,637,389,http://emine.ncc.metu.edu.tr/survey/web/pages2/http/www.babylon.com/
49,134125,233,311,498,http://emine.ncc.metu.edu.tr/survey/web/pages2/http/www.babylon.com/
50,134358,200,255,501,http://emine.ncc.metu.edu.tr/survey/web/pages2/http/www.babylon.com/
51,134558,250,368,662,http://emine.ncc.metu.edu.tr/survey/web/pages2/http/www.babylon.com/
52,134808,283,317,503,http://emine.ncc.metu.edu.tr/survey/web/pages2/http/www.babylon.com/
53,135257,83,590,668,http://emine.ncc.metu.edu.tr/survey/web/pages2/http/www.babylon.com/
54,135341,366,520,669,http://emine.ncc.metu.edu.tr/survey/web/pages2/http/www.babylon.com/
55,135707,233,760,665,http://emine.ncc.metu.edu.tr/survey/web/pages2/http/www.babylon.com/
56,135940,366,708,678,http://emine.ncc.metu.edu.tr/survey/web/pages2/http/www.babylon.com/
57,136307,699,911,675,http://emine.ncc.metu.edu.tr/survey/web/pages2/http/www.babylon.com/
58,137006,233,961,676,http://emine.ncc.metu.edu.tr/survey/web/pages2/http/www.babylon.com/
59,137239,566,363,713,http://emine.ncc.metu.edu.tr/survey/web/pages2/http/www.babylon.com/
60,137806,450,526,706,http://emine.ncc.metu.edu.tr/survey/web/pages2/http/www.babylon.com/
61,138255,266,353,881,http://emine.ncc.metu.edu.tr/survey/web/pages2/http/www.babylon.com/
62,138522,500,508,703,http://emine.ncc.metu.edu.tr/survey/web/pages2/http/www.babylon.com/
63,139021,316,708,395,http://emine.ncc.metu.edu.tr/survey/web/pages2/http/www.babylon.com/
64,139338,516,922,276,http://emine.ncc.metu.edu.tr/survey/web/pages2/http/www.babylon.com/
65,139854,166,771,340,http://emine.ncc.metu.edu.tr/survey/web/pages2/http/www.babylon.com/
66,140021,383,657,405,http://emine.ncc.metu.edu.tr/survey/web/pages2/http/www.babylon.com/
67,140404,283,980,141,http://emine.ncc.metu.edu.tr/survey/web/pages2/http/www.babylon.com/
68,140687,200,950,77,http://emine.ncc.metu.edu.tr/survey/web/pages2/http/www.babylon.com/
69,140887,316,982,208,http://emine.ncc.metu.edu.tr/survey/web/pages2/http/www.babylon.com/
70,141203,150,1050,192,http://emine.ncc.metu.edu.tr/survey/web/pages2/http/www.babylon.com/
71,141353,233,602,131,http://emine.ncc.metu.edu.tr/survey/web/pages2/http/www.babylon.com/
72,141586,266,615,29,http://emine.ncc.metu.edu.tr/survey/web/pages2/http/www.babylon.com/
73,141853,283,884,37,http://emine.ncc.metu.edu.tr/survey/web/pages2/http/www.babylon.com/
74,142136,233,982,46,http://emine.ncc.metu.edu.tr/survey/web/pages2/http/www.babylon.com/
75,142369,200,542,244,http://emine.ncc.metu.edu.tr/survey/web/pages2/http/www.babylon.com/
76,142569,466,544,183,http://emine.ncc.metu.edu.tr/survey/web/pages2/http/www.babylon.com/
77,143035,216,890,179,http://emine.ncc.metu.edu.tr/survey/web/pages2/http/www.babylon.com/
78,143252,183,979,194,http://emine.ncc.metu.edu.tr/survey/web/pages2/http/www.babylon.com/
79,143435,383,822,202,http://emine.ncc.metu.edu.tr/survey/web/pages2/http/www.babylon.com/
80,143818,433,731,194,http://emine.ncc.metu.edu.tr/survey/web/pages2/http/www.babylon.com/
81,144251,200,405,618,http://emine.ncc.metu.edu.tr/survey/web/pages2/http/www.babylon.com/
82,144451,183,347,711,http://emine.ncc.metu.edu.tr/survey/web/pages2/http/www.babylon.com/
83,144634,350,316,692,http://emine.ncc.metu.edu.tr/survey/web/pages2/http/www.babylon.com/
84,144984,216,315,728,http://emine.ncc.metu.edu.tr/survey/web/pages2/http/www.babylon.com/
85,145200,383,382,741,http://emine.ncc.metu.edu.tr/survey/web/pages2/http/www.babylon.com/
86,145583,217,605,653,http://emine.ncc.metu.edu.tr/survey/web/pages2/http/www.babylon.com/
87,145800,250,546,698,http://emine.ncc.metu.edu.tr/survey/web/pages2/http/www.babylon.com/
88,146050,283,848,681,http://emine.ncc.metu.edu.tr/survey/web/pages2/http/www.babylon.com/
89,146333,217,563,660,http://emine.ncc.metu.edu.tr/survey/web/pages2/http/www.babylon.com/
90,146549,300,495,698,http://emine.ncc.metu.edu.tr/survey/web/pages2/http/www.babylon.com/
91,146849,216,560,695,http://emine.ncc.metu.edu.tr/survey/web/pages2/http/www.babylon.com/
92,147265,383,722,695,http://emine.ncc.metu.edu.tr/survey/web/pages2/http/www.babylon.com/
93,147648,183,685,688,http://emine.ncc.metu.edu.tr/survey/web/pages2/http/www.babylon.com/
94,147832,599,513,697,http://emine.ncc.metu.edu.tr/survey/web/pages2/http/www.babylon.com/
95,148431,433,503,737,http://emine.ncc.metu.edu.tr/survey/web/pages2/http/www.babylon.com/
96,148864,450,705,701,http://emine.ncc.metu.edu.tr/survey/web/pages2/http/www.babylon.com/
97,149314,233,917,689,http://emine.ncc.metu.edu.tr/survey/web/pages2/http/www.babylon.com/
98,149547,566,883,699,http://emine.ncc.metu.edu.tr/survey/web/pages2/http/www.babylon.com/
99,150113,650,689,730,http://emine.ncc.metu.edu.tr/survey/web/pages2/http/www.babylon.com/
100,150763,466,496,734,http://emine.ncc.metu.edu.tr/survey/web/pages2/http/www.babylon.com/
101,151229,333,300,727,http://emine.ncc.metu.edu.tr/survey/web/pages2/http/www.babylon.com/
102,151562,266,297,765,http://emine.ncc.metu.edu.tr/survey/web/pages2/http/www.babylon.com/
103,151829,300,442,263,http://emine.ncc.metu.edu.tr/survey/web/pages2/http/www.babylon.com/
104,152129,283,343,242,http://emine.ncc.metu.edu.tr/survey/web/pages2/http/www.babylon.com/
105,152412,333,648,263,http://emine.ncc.metu.edu.tr/survey/web/pages2/http/www.babylon.com/
106,152745,266,612,279,http://emine.ncc.metu.edu.tr/survey/web/pages2/http/www.babylon.com/
107,153011,250,891,265,http://emine.ncc.metu.edu.tr/survey/web/pages2/http/www.babylon.com/
108,153261,266,861,193,http://emine.ncc.metu.edu.tr/survey/web/pages2/http/www.babylon.com/
109,153528,250,686,676,http://emine.ncc.metu.edu.tr/survey/web/pages2/http/www.babylon.com/
110,153777,233,514,281,http://emine.ncc.metu.edu.tr/survey/web/pages2/http/www.babylon.com/
111,154011,183,601,284,http://emine.ncc.metu.edu.tr/survey/web/pages2/http/www.babylon.com/
112,154194,183,637,777,http://emine.ncc.metu.edu.tr/survey/web/pages2/http/www.babylon.com/
113,154377,1249,695,786,http://emine.ncc.metu.edu.tr/survey/web/pages2/http/www.babylon.com/
114,155626,250,916,776,http://emine.ncc.metu.edu.tr/survey/web/pages2/http/www.babylon.com/
115,155876,583,880,778,http://emine.ncc.metu.edu.tr/survey/web/pages2/http/www.babylon.com/
116,156459,416,861,875,http://emine.ncc.metu.edu.tr/survey/web/pages2/http/www.babylon.com/
117,156875,266,857,920,http://emine.ncc.metu.edu.tr/survey/web/pages2/http/www.babylon.com/
118,157142,416,972,906,http://emine.ncc.metu.edu.tr/survey/web/pages2/http/www.babylon.com/
119,157558,699,425,902,http://emine.ncc.metu.edu.tr/survey/web/pages2/http/www.babylon.com/
120,158257,233,824,924,http://emine.ncc.metu.edu.tr/survey/web/pages2/http/www.babylon.com/
121,158491,649,955,906,http://emine.ncc.metu.edu.tr/survey/web/pages2/http/www.babylon.com/
122,159140,266,848,872,http://emine.ncc.metu.edu.tr/survey/web/pages2/http/www.babylon.com/
123,159407,250,897,869,http://emine.ncc.metu.edu.tr/survey/web/pages2/http/www.babylon.com/
124,159656,699,495,885,http://emine.ncc.metu.edu.tr/survey/web/pages2/http/www.babylon.com/
125,160356,383,315,885,http://emine.ncc.metu.edu.tr/survey/web/pages2/http/www.babylon.com/
126,160739,316,348,702,http://emine.ncc.metu.edu.tr/survey/web/pages2/http/www.babylon.com/
127,161055,283,374,739,http://emine.ncc.metu.edu.tr/survey/web/pages2/http/www.babylon.com/
128,161339,266,349,770,http://emine.ncc.metu.edu.tr/survey/web/pages2/http/www.babylon.com/
129,161605,483,393,761,http://emine.ncc.metu.edu.tr/survey/web/pages2/http/www.babylon.com/
130,162088,283,332,763,http://emine.ncc.metu.edu.tr/survey/web/pages2/http/www.babylon.com/
131,162371,600,399,757,http://emine.ncc.metu.edu.tr/survey/web/pages2/http/www.babylon.com/
132,162971,500,305,728,http://emine.ncc.metu.edu.tr/survey/web/pages2/http/www.babylon.com/
133,163470,1099,343,668,http://emine.ncc.metu.edu.tr/survey/web/pages2/http/www.babylon.com/
134,164569,733,358,703,http://emine.ncc.metu.edu.tr/survey/web/pages2/http/www.babylon.com/
135,165302,1865,302,686,http://emine.ncc.metu.edu.tr/survey/web/pages2/http/www.babylon.com/
136,167168,1033,369,683,http://emine.ncc.metu.edu.tr/survey/web/pages2/http/www.babylon.com/
137,168200,233,304,676,http://emine.ncc.metu.edu.tr/survey/web/pages2/http/www.babylon.com/
138,168433,300,556,679,http://emine.ncc.metu.edu.tr/survey/web/pages2/http/www.babylon.com/
139,168733,316,509,694,http://emine.ncc.metu.edu.tr/survey/web/pages2/http/www.babylon.com/
140,169049,583,471,714,http://emine.ncc.metu.edu.tr/survey/web/pages2/http/www.babylon.com/
141,169632,100,341,663,http://emine.ncc.metu.edu.tr/survey/web/pages2/http/www.babylon.com/
142,169732,2365,374,697,http://emine.ncc.metu.edu.tr/survey/web/pages2/http/www.babylon.com/
143,172097,200,324,714,http://emine.ncc.metu.edu.tr/survey/web/pages2/http/www.babylon.com/
144,172297,666,291,726,http://emine.ncc.metu.edu.tr/survey/web/pages2/http/www.babylon.com/
145,172963,450,490,705,http://emine.ncc.metu.edu.tr/survey/web/pages2/http/www.babylon.com/
146,173413,250,309,665,http://emine.ncc.metu.edu.tr/survey/web/pages2/http/www.babylon.com/
147,173663,266,342,677,http://emine.ncc.metu.edu.tr/survey/web/pages2/http/www.babylon.com/
148,173929,533,304,726,http://emine.ncc.metu.edu.tr/survey/web/pages2/http/www.babylon.com/
149,174662,83,366,723,http://emine.ncc.metu.edu.tr/survey/web/pages2/http/www.babylon.com/
150,174745,266,329,714,http://emine.ncc.metu.edu.tr/survey/web/pages2/http/www.babylon.com/
151,175012,316,503,689,http://emine.ncc.metu.edu.tr/survey/web/pages2/http/www.babylon.com/
152,175328,466,496,727,http://emine.ncc.metu.edu.tr/survey/web/pages2/http/www.babylon.com/
153,175795,4430,300,724,http://emine.ncc.metu.edu.tr/survey/web/pages2/http/www.babylon.com/
154,180225,183,364,731,http://emine.ncc.metu.edu.tr/survey/web/pages2/http/www.babylon.com/
155,180408,466,495,696,http://emine.ncc.metu.edu.tr/survey/web/pages2/http/www.babylon.com/
156,180874,2132,547,703,http://emine.ncc.metu.edu.tr/survey/web/pages2/http/www.babylon.com/
157,183006,816,697,702,http://emine.ncc.metu.edu.tr/survey/web/pages2/http/www.babylon.com/
158,183822,1516,742,701,http://emine.ncc.metu.edu.tr/survey/web/pages2/http/www.babylon.com/
159,185338,166,817,696,http://emine.ncc.metu.edu.tr/survey/web/pages2/http/www.babylon.com/
160,185504,2198,900,692,http://emine.ncc.metu.edu.tr/survey/web/pages2/http/www.babylon.com/
161,187703,500,965,699,http://emine.ncc.metu.edu.tr/survey/web/pages2/http/www.babylon.com/
162,188202,2964,906,694,http://emine.ncc.metu.edu.tr/survey/web/pages2/http/www.babylon.com/
163,191167,700,960,687,http://emine.ncc.metu.edu.tr/survey/web/pages2/http/www.babylon.com/
164,191866,183,514,504,http://emine.ncc.metu.edu.tr/survey/web/pages2/http/www.babylon.com/
165,192049,400,666,368,http://emine.ncc.metu.edu.tr/survey/web/pages2/http/www.babylon.com/