FixationIndex,Timestamp,FixationDuration,MappedFixationPointX,MappedFixationPointY,StimuliName
1,258963,183,632,194,http://emine.ncc.metu.edu.tr/survey/web/pages2/http/www.babylon.com/
2,259147,117,500,220,http://emine.ncc.metu.edu.tr/survey/web/pages2/http/www.babylon.com/
3,259263,216,368,165,http://emine.ncc.metu.edu.tr/survey/web/pages2/http/www.babylon.com/
4,259480,250,739,164,http://emine.ncc.metu.edu.tr/survey/web/pages2/http/www.babylon.com/
5,259730,166,952,129,http://emine.ncc.metu.edu.tr/survey/web/pages2/http/www.babylon.com/
6,259896,666,619,312,http://emine.ncc.metu.edu.tr/survey/web/pages2/http/www.babylon.com/
7,260562,500,641,384,http://emine.ncc.metu.edu.tr/survey/web/pages2/http/www.babylon.com/
8,261062,217,733,379,http://emine.ncc.metu.edu.tr/survey/web/pages2/http/www.babylon.com/
9,261278,300,647,399,http://emine.ncc.metu.edu.tr/survey/web/pages2/http/www.babylon.com/
10,261578,200,773,591,http://emine.ncc.metu.edu.tr/survey/web/pages2/http/www.babylon.com/
11,261778,1882,654,401,http://emine.ncc.metu.edu.tr/survey/web/pages2/http/www.babylon.com/
12,264126,400,605,367,http://emine.ncc.metu.edu.tr/survey/web/pages2/http/www.babylon.com/
13,264526,300,651,401,http://emine.ncc.metu.edu.tr/survey/web/pages2/http/www.babylon.com/
14,264826,300,571,371,http://emine.ncc.metu.edu.tr/survey/web/pages2/http/www.babylon.com/
15,265126,266,434,200,http://emine.ncc.metu.edu.tr/survey/web/pages2/http/www.babylon.com/
16,265392,516,673,358,http://emine.ncc.metu.edu.tr/survey/web/pages2/http/www.babylon.com/
17,265908,200,581,390,http://emine.ncc.metu.edu.tr/survey/web/pages2/http/www.babylon.com/
18,266108,183,496,488,http://emine.ncc.metu.edu.tr/survey/web/pages2/http/www.babylon.com/
19,266291,250,364,512,http://emine.ncc.metu.edu.tr/survey/web/pages2/http/www.babylon.com/
20,266541,217,384,587,http://emine.ncc.metu.edu.tr/survey/web/pages2/http/www.babylon.com/
21,266758,266,656,595,http://emine.ncc.metu.edu.tr/survey/web/pages2/http/www.babylon.com/
22,267024,200,583,617,http://emine.ncc.metu.edu.tr/survey/web/pages2/http/www.babylon.com/
23,267224,217,374,639,http://emine.ncc.metu.edu.tr/survey/web/pages2/http/www.babylon.com/
24,267441,216,315,624,http://emine.ncc.metu.edu.tr/survey/web/pages2/http/www.babylon.com/
25,267657,166,653,654,http://emine.ncc.metu.edu.tr/survey/web/pages2/http/www.babylon.com/
26,267824,150,731,474,http://emine.ncc.metu.edu.tr/survey/web/pages2/http/www.babylon.com/
27,267974,183,422,586,http://emine.ncc.metu.edu.tr/survey/web/pages2/http/www.babylon.com/
28,268157,266,342,614,http://emine.ncc.metu.edu.tr/survey/web/pages2/http/www.babylon.com/
29,268423,250,561,614,http://emine.ncc.metu.edu.tr/survey/web/pages2/http/www.babylon.com/
30,268673,183,694,384,http://emine.ncc.metu.edu.tr/survey/web/pages2/http/www.babylon.com/
31,268856,166,796,728,http://emine.ncc.metu.edu.tr/survey/web/pages2/http/www.babylon.com/
32,269023,366,876,732,http://emine.ncc.metu.edu.tr/survey/web/pages2/http/www.babylon.com/
33,269389,167,613,639,http://emine.ncc.metu.edu.tr/survey/web/pages2/http/www.babylon.com/
34,269556,266,564,651,http://emine.ncc.metu.edu.tr/survey/web/pages2/http/www.babylon.com/
35,269822,183,722,656,http://emine.ncc.metu.edu.tr/survey/web/pages2/http/www.babylon.com/
36,270006,133,863,258,http://emine.ncc.metu.edu.tr/survey/web/pages2/http/www.babylon.com/
37,270139,233,871,161,http://emine.ncc.metu.edu.tr/survey/web/pages2/http/www.babylon.com/
38,270372,450,339,112,http://emine.ncc.metu.edu.tr/survey/web/pages2/http/www.babylon.com/
39,270822,133,351,168,http://emine.ncc.metu.edu.tr/survey/web/pages2/http/www.babylon.com/
40,270955,316,336,256,http://emine.ncc.metu.edu.tr/survey/web/pages2/http/www.babylon.com/
41,271271,233,650,331,http://emine.ncc.metu.edu.tr/survey/web/pages2/http/www.babylon.com/
42,271504,166,316,474,http://emine.ncc.metu.edu.tr/survey/web/pages2/http/www.babylon.com/
43,271671,150,275,476,http://emine.ncc.metu.edu.tr/survey/web/pages2/http/www.babylon.com/
44,271821,466,314,628,http://emine.ncc.metu.edu.tr/survey/web/pages2/http/www.babylon.com/
45,272287,600,375,637,http://emine.ncc.metu.edu.tr/survey/web/pages2/http/www.babylon.com/
46,272887,266,513,655,http://emine.ncc.metu.edu.tr/survey/web/pages2/http/www.babylon.com/
47,273153,500,569,652,http://emine.ncc.metu.edu.tr/survey/web/pages2/http/www.babylon.com/
48,273653,316,709,680,http://emine.ncc.metu.edu.tr/survey/web/pages2/http/www.babylon.com/
49,274086,83,706,684,http://emine.ncc.metu.edu.tr/survey/web/pages2/http/www.babylon.com/
50,274169,416,743,710,http://emine.ncc.metu.edu.tr/survey/web/pages2/http/www.babylon.com/
51,274585,583,866,739,http://emine.ncc.metu.edu.tr/survey/web/pages2/http/www.babylon.com/
52,275168,450,946,737,http://emine.ncc.metu.edu.tr/survey/web/pages2/http/www.babylon.com/
53,275618,167,909,648,http://emine.ncc.metu.edu.tr/survey/web/pages2/http/www.babylon.com/
54,275785,216,839,748,http://emine.ncc.metu.edu.tr/survey/web/pages2/http/www.babylon.com/
55,276001,200,298,594,http://emine.ncc.metu.edu.tr/survey/web/pages2/http/www.babylon.com/
56,276201,300,282,487,http://emine.ncc.metu.edu.tr/survey/web/pages2/http/www.babylon.com/
57,276501,433,326,610,http://emine.ncc.metu.edu.tr/survey/web/pages2/http/www.babylon.com/
58,276934,383,649,394,http://emine.ncc.metu.edu.tr/survey/web/pages2/http/www.babylon.com/
59,277317,616,615,308,http://emine.ncc.metu.edu.tr/survey/web/pages2/http/www.babylon.com/