FixationIndex,Timestamp,FixationDuration,MappedFixationPointX,MappedFixationPointY,StimuliName
1,93344,217,515,473,http://emine.ncc.metu.edu.tr/survey/web/pages2/http/www.babylon.com/
2,93560,283,635,378,http://emine.ncc.metu.edu.tr/survey/web/pages2/http/www.babylon.com/
3,93843,300,558,576,http://emine.ncc.metu.edu.tr/survey/web/pages2/http/www.babylon.com/
4,94143,166,460,567,http://emine.ncc.metu.edu.tr/survey/web/pages2/http/www.babylon.com/
5,94493,83,589,388,http://emine.ncc.metu.edu.tr/survey/web/pages2/http/www.babylon.com/
6,94576,266,617,329,http://emine.ncc.metu.edu.tr/survey/web/pages2/http/www.babylon.com/
7,94843,233,646,360,http://emine.ncc.metu.edu.tr/survey/web/pages2/http/www.babylon.com/
8,95076,366,542,567,http://emine.ncc.metu.edu.tr/survey/web/pages2/http/www.babylon.com/
9,95442,183,582,477,http://emine.ncc.metu.edu.tr/survey/web/pages2/http/www.babylon.com/
10,95625,183,510,559,http://emine.ncc.metu.edu.tr/survey/web/pages2/http/www.babylon.com/
11,95809,117,493,616,http://emine.ncc.metu.edu.tr/survey/web/pages2/http/www.babylon.com/
12,95925,500,660,432,http://emine.ncc.metu.edu.tr/survey/web/pages2/http/www.babylon.com/
13,96425,266,675,140,http://emine.ncc.metu.edu.tr/survey/web/pages2/http/www.babylon.com/
14,96691,333,619,326,http://emine.ncc.metu.edu.tr/survey/web/pages2/http/www.babylon.com/
15,97024,217,613,370,http://emine.ncc.metu.edu.tr/survey/web/pages2/http/www.babylon.com/
16,97241,400,635,423,http://emine.ncc.metu.edu.tr/survey/web/pages2/http/www.babylon.com/
17,97791,916,648,419,http://emine.ncc.metu.edu.tr/survey/web/pages2/http/www.babylon.com/
18,98856,933,635,415,http://emine.ncc.metu.edu.tr/survey/web/pages2/http/www.babylon.com/
19,99789,316,670,434,http://emine.ncc.metu.edu.tr/survey/web/pages2/http/www.babylon.com/
20,100239,1166,647,440,http://emine.ncc.metu.edu.tr/survey/web/pages2/http/www.babylon.com/
21,101405,100,716,542,http://emine.ncc.metu.edu.tr/survey/web/pages2/http/www.babylon.com/
22,101654,216,685,530,http://emine.ncc.metu.edu.tr/survey/web/pages2/http/www.babylon.com/
23,101871,200,608,583,http://emine.ncc.metu.edu.tr/survey/web/pages2/http/www.babylon.com/
24,102071,250,650,446,http://emine.ncc.metu.edu.tr/survey/web/pages2/http/www.babylon.com/
25,102321,200,694,404,http://emine.ncc.metu.edu.tr/survey/web/pages2/http/www.babylon.com/
26,102520,250,758,266,http://emine.ncc.metu.edu.tr/survey/web/pages2/http/www.babylon.com/
27,102770,266,786,226,http://emine.ncc.metu.edu.tr/survey/web/pages2/http/www.babylon.com/
28,103037,400,721,345,http://emine.ncc.metu.edu.tr/survey/web/pages2/http/www.babylon.com/
29,103603,266,641,491,http://emine.ncc.metu.edu.tr/survey/web/pages2/http/www.babylon.com/
30,103869,167,738,543,http://emine.ncc.metu.edu.tr/survey/web/pages2/http/www.babylon.com/
31,104036,366,732,629,http://emine.ncc.metu.edu.tr/survey/web/pages2/http/www.babylon.com/
32,104402,400,909,248,http://emine.ncc.metu.edu.tr/survey/web/pages2/http/www.babylon.com/
33,104802,150,772,800,http://emine.ncc.metu.edu.tr/survey/web/pages2/http/www.babylon.com/
34,104952,217,731,933,http://emine.ncc.metu.edu.tr/survey/web/pages2/http/www.babylon.com/
35,105168,383,812,898,http://emine.ncc.metu.edu.tr/survey/web/pages2/http/www.babylon.com/
36,105551,283,621,939,http://emine.ncc.metu.edu.tr/survey/web/pages2/http/www.babylon.com/
37,105835,283,480,931,http://emine.ncc.metu.edu.tr/survey/web/pages2/http/www.babylon.com/
38,106118,233,580,149,http://emine.ncc.metu.edu.tr/survey/web/pages2/http/www.babylon.com/
39,106351,150,625,101,http://emine.ncc.metu.edu.tr/survey/web/pages2/http/www.babylon.com/
40,106501,350,566,102,http://emine.ncc.metu.edu.tr/survey/web/pages2/http/www.babylon.com/
41,106851,117,431,133,http://emine.ncc.metu.edu.tr/survey/web/pages2/http/www.babylon.com/
42,106967,233,489,231,http://emine.ncc.metu.edu.tr/survey/web/pages2/http/www.babylon.com/
43,107200,200,651,304,http://emine.ncc.metu.edu.tr/survey/web/pages2/http/www.babylon.com/
44,107400,150,938,346,http://emine.ncc.metu.edu.tr/survey/web/pages2/http/www.babylon.com/
45,107550,150,1128,478,http://emine.ncc.metu.edu.tr/survey/web/pages2/http/www.babylon.com/
46,107700,133,985,872,http://emine.ncc.metu.edu.tr/survey/web/pages2/http/www.babylon.com/
47,107833,583,926,918,http://emine.ncc.metu.edu.tr/survey/web/pages2/http/www.babylon.com/
48,108416,300,317,926,http://emine.ncc.metu.edu.tr/survey/web/pages2/http/www.babylon.com/
49,108716,100,281,872,http://emine.ncc.metu.edu.tr/survey/web/pages2/http/www.babylon.com/
50,108816,217,315,896,http://emine.ncc.metu.edu.tr/survey/web/pages2/http/www.babylon.com/
51,109032,200,327,938,http://emine.ncc.metu.edu.tr/survey/web/pages2/http/www.babylon.com/
52,109232,133,379,940,http://emine.ncc.metu.edu.tr/survey/web/pages2/http/www.babylon.com/
53,109365,266,490,958,http://emine.ncc.metu.edu.tr/survey/web/pages2/http/www.babylon.com/
54,109632,183,595,785,http://emine.ncc.metu.edu.tr/survey/web/pages2/http/www.babylon.com/
55,109815,150,637,727,http://emine.ncc.metu.edu.tr/survey/web/pages2/http/www.babylon.com/
56,109965,200,375,646,http://emine.ncc.metu.edu.tr/survey/web/pages2/http/www.babylon.com/
57,110165,217,308,652,http://emine.ncc.metu.edu.tr/survey/web/pages2/http/www.babylon.com/
58,110381,450,264,484,http://emine.ncc.metu.edu.tr/survey/web/pages2/http/www.babylon.com/
59,110831,150,396,892,http://emine.ncc.metu.edu.tr/survey/web/pages2/http/www.babylon.com/
60,110981,266,322,577,http://emine.ncc.metu.edu.tr/survey/web/pages2/http/www.babylon.com/
61,111247,150,326,681,http://emine.ncc.metu.edu.tr/survey/web/pages2/http/www.babylon.com/
62,111397,166,290,709,http://emine.ncc.metu.edu.tr/survey/web/pages2/http/www.babylon.com/
63,111564,200,297,669,http://emine.ncc.metu.edu.tr/survey/web/pages2/http/www.babylon.com/
64,111764,350,340,676,http://emine.ncc.metu.edu.tr/survey/web/pages2/http/www.babylon.com/
65,112113,200,382,677,http://emine.ncc.metu.edu.tr/survey/web/pages2/http/www.babylon.com/
66,112313,200,495,750,http://emine.ncc.metu.edu.tr/survey/web/pages2/http/www.babylon.com/
67,112513,283,473,697,http://emine.ncc.metu.edu.tr/survey/web/pages2/http/www.babylon.com/
68,112796,883,534,692,http://emine.ncc.metu.edu.tr/survey/web/pages2/http/www.babylon.com/
69,113679,133,679,702,http://emine.ncc.metu.edu.tr/survey/web/pages2/http/www.babylon.com/
70,114045,216,683,698,http://emine.ncc.metu.edu.tr/survey/web/pages2/http/www.babylon.com/
71,114262,416,720,697,http://emine.ncc.metu.edu.tr/survey/web/pages2/http/www.babylon.com/
72,114678,233,896,679,http://emine.ncc.metu.edu.tr/survey/web/pages2/http/www.babylon.com/
73,114911,200,862,708,http://emine.ncc.metu.edu.tr/survey/web/pages2/http/www.babylon.com/
74,115111,500,952,698,http://emine.ncc.metu.edu.tr/survey/web/pages2/http/www.babylon.com/
75,115611,183,987,693,http://emine.ncc.metu.edu.tr/survey/web/pages2/http/www.babylon.com/
76,115794,333,919,629,http://emine.ncc.metu.edu.tr/survey/web/pages2/http/www.babylon.com/
77,116127,183,867,734,http://emine.ncc.metu.edu.tr/survey/web/pages2/http/www.babylon.com/
78,116310,133,879,686,http://emine.ncc.metu.edu.tr/survey/web/pages2/http/www.babylon.com/
79,116444,233,314,616,http://emine.ncc.metu.edu.tr/survey/web/pages2/http/www.babylon.com/
80,116677,166,279,647,http://emine.ncc.metu.edu.tr/survey/web/pages2/http/www.babylon.com/
81,116843,316,274,499,http://emine.ncc.metu.edu.tr/survey/web/pages2/http/www.babylon.com/