FixationIndex,Timestamp,FixationDuration,MappedFixationPointX,MappedFixationPointY,StimuliName
1,68751,683,559,362,http://emine.ncc.metu.edu.tr/survey/web/pages2/http/www.babylon.com/
2,69433,266,599,370,http://emine.ncc.metu.edu.tr/survey/web/pages2/http/www.babylon.com/
3,69900,300,647,383,http://emine.ncc.metu.edu.tr/survey/web/pages2/http/www.babylon.com/
4,70416,116,551,479,http://emine.ncc.metu.edu.tr/survey/web/pages2/http/www.babylon.com/
5,70533,300,397,542,http://emine.ncc.metu.edu.tr/survey/web/pages2/http/www.babylon.com/
6,71032,117,676,160,http://emine.ncc.metu.edu.tr/survey/web/pages2/http/www.babylon.com/
7,71149,200,673,208,http://emine.ncc.metu.edu.tr/survey/web/pages2/http/www.babylon.com/
8,71349,283,944,196,http://emine.ncc.metu.edu.tr/survey/web/pages2/http/www.babylon.com/
9,71632,100,731,375,http://emine.ncc.metu.edu.tr/survey/web/pages2/http/www.babylon.com/
10,71732,117,739,339,http://emine.ncc.metu.edu.tr/survey/web/pages2/http/www.babylon.com/
11,71848,300,916,120,http://emine.ncc.metu.edu.tr/survey/web/pages2/http/www.babylon.com/
12,72148,266,648,341,http://emine.ncc.metu.edu.tr/survey/web/pages2/http/www.babylon.com/
13,72414,300,649,137,http://emine.ncc.metu.edu.tr/survey/web/pages2/http/www.babylon.com/
14,72714,266,871,45,http://emine.ncc.metu.edu.tr/survey/web/pages2/http/www.babylon.com/
15,72981,283,947,34,http://emine.ncc.metu.edu.tr/survey/web/pages2/http/www.babylon.com/
16,73264,433,554,79,http://emine.ncc.metu.edu.tr/survey/web/pages2/http/www.babylon.com/
17,73697,183,645,77,http://emine.ncc.metu.edu.tr/survey/web/pages2/http/www.babylon.com/
18,73880,166,661,365,http://emine.ncc.metu.edu.tr/survey/web/pages2/http/www.babylon.com/
19,74047,1133,641,420,http://emine.ncc.metu.edu.tr/survey/web/pages2/http/www.babylon.com/
20,75179,266,696,409,http://emine.ncc.metu.edu.tr/survey/web/pages2/http/www.babylon.com/
21,75446,566,587,403,http://emine.ncc.metu.edu.tr/survey/web/pages2/http/www.babylon.com/
22,76012,5779,638,399,http://emine.ncc.metu.edu.tr/survey/web/pages2/http/www.babylon.com/
23,81791,100,446,518,http://emine.ncc.metu.edu.tr/survey/web/pages2/http/www.babylon.com/
24,81891,466,344,636,http://emine.ncc.metu.edu.tr/survey/web/pages2/http/www.babylon.com/
25,82357,350,752,614,http://emine.ncc.metu.edu.tr/survey/web/pages2/http/www.babylon.com/
26,82707,216,826,757,http://emine.ncc.metu.edu.tr/survey/web/pages2/http/www.babylon.com/
27,82923,300,889,687,http://emine.ncc.metu.edu.tr/survey/web/pages2/http/www.babylon.com/
28,83223,316,937,223,http://emine.ncc.metu.edu.tr/survey/web/pages2/http/www.babylon.com/
29,83540,133,901,190,http://emine.ncc.metu.edu.tr/survey/web/pages2/http/www.babylon.com/
30,83673,167,838,97,http://emine.ncc.metu.edu.tr/survey/web/pages2/http/www.babylon.com/
31,83840,216,906,58,http://emine.ncc.metu.edu.tr/survey/web/pages2/http/www.babylon.com/
32,84056,250,972,43,http://emine.ncc.metu.edu.tr/survey/web/pages2/http/www.babylon.com/
33,84306,366,547,43,http://emine.ncc.metu.edu.tr/survey/web/pages2/http/www.babylon.com/
34,84672,250,417,45,http://emine.ncc.metu.edu.tr/survey/web/pages2/http/www.babylon.com/
35,84922,633,501,913,http://emine.ncc.metu.edu.tr/survey/web/pages2/http/www.babylon.com/
36,85555,200,619,754,http://emine.ncc.metu.edu.tr/survey/web/pages2/http/www.babylon.com/
37,85755,283,674,748,http://emine.ncc.metu.edu.tr/survey/web/pages2/http/www.babylon.com/
38,86038,183,723,737,http://emine.ncc.metu.edu.tr/survey/web/pages2/http/www.babylon.com/
39,86221,383,889,719,http://emine.ncc.metu.edu.tr/survey/web/pages2/http/www.babylon.com/
40,86604,1682,874,764,http://emine.ncc.metu.edu.tr/survey/web/pages2/http/www.babylon.com/
41,88286,233,907,779,http://emine.ncc.metu.edu.tr/survey/web/pages2/http/www.babylon.com/
42,88519,883,875,796,http://emine.ncc.metu.edu.tr/survey/web/pages2/http/www.babylon.com/
43,89402,600,409,920,http://emine.ncc.metu.edu.tr/survey/web/pages2/http/www.babylon.com/
44,90002,200,988,922,http://emine.ncc.metu.edu.tr/survey/web/pages2/http/www.babylon.com/
45,90202,333,900,904,http://emine.ncc.metu.edu.tr/survey/web/pages2/http/www.babylon.com/
46,90834,316,1166,462,http://emine.ncc.metu.edu.tr/survey/web/pages2/http/www.babylon.com/
47,91151,233,946,120,http://emine.ncc.metu.edu.tr/survey/web/pages2/http/www.babylon.com/
48,91384,316,930,268,http://emine.ncc.metu.edu.tr/survey/web/pages2/http/www.babylon.com/
49,91700,266,321,217,http://emine.ncc.metu.edu.tr/survey/web/pages2/http/www.babylon.com/
50,91967,366,303,75,http://emine.ncc.metu.edu.tr/survey/web/pages2/http/www.babylon.com/
51,92333,500,383,61,http://emine.ncc.metu.edu.tr/survey/web/pages2/http/www.babylon.com/
52,92833,233,349,858,http://emine.ncc.metu.edu.tr/survey/web/pages2/http/www.babylon.com/
53,93066,300,335,767,http://emine.ncc.metu.edu.tr/survey/web/pages2/http/www.babylon.com/
54,93366,266,513,757,http://emine.ncc.metu.edu.tr/survey/web/pages2/http/www.babylon.com/
55,93632,483,480,779,http://emine.ncc.metu.edu.tr/survey/web/pages2/http/www.babylon.com/
56,94115,383,476,744,http://emine.ncc.metu.edu.tr/survey/web/pages2/http/www.babylon.com/
57,94498,200,316,706,http://emine.ncc.metu.edu.tr/survey/web/pages2/http/www.babylon.com/
58,94832,666,258,489,http://emine.ncc.metu.edu.tr/survey/web/pages2/http/www.babylon.com/
59,95498,133,295,630,http://emine.ncc.metu.edu.tr/survey/web/pages2/http/www.babylon.com/
60,95631,566,307,693,http://emine.ncc.metu.edu.tr/survey/web/pages2/http/www.babylon.com/
61,96197,733,363,714,http://emine.ncc.metu.edu.tr/survey/web/pages2/http/www.babylon.com/
62,96930,416,480,733,http://emine.ncc.metu.edu.tr/survey/web/pages2/http/www.babylon.com/
63,97346,566,540,733,http://emine.ncc.metu.edu.tr/survey/web/pages2/http/www.babylon.com/
64,97913,500,689,728,http://emine.ncc.metu.edu.tr/survey/web/pages2/http/www.babylon.com/
65,98545,266,741,726,http://emine.ncc.metu.edu.tr/survey/web/pages2/http/www.babylon.com/
66,98945,466,889,704,http://emine.ncc.metu.edu.tr/survey/web/pages2/http/www.babylon.com/
67,99412,450,958,703,http://emine.ncc.metu.edu.tr/survey/web/pages2/http/www.babylon.com/
68,100044,100,326,542,http://emine.ncc.metu.edu.tr/survey/web/pages2/http/www.babylon.com/
69,100144,183,299,501,http://emine.ncc.metu.edu.tr/survey/web/pages2/http/www.babylon.com/
70,100327,250,258,491,http://emine.ncc.metu.edu.tr/survey/web/pages2/http/www.babylon.com/
71,100577,200,314,675,http://emine.ncc.metu.edu.tr/survey/web/pages2/http/www.babylon.com/
72,101044,699,265,485,http://emine.ncc.metu.edu.tr/survey/web/pages2/http/www.babylon.com/
73,101743,466,714,402,http://emine.ncc.metu.edu.tr/survey/web/pages2/http/www.babylon.com/