FixationIndex,Timestamp,FixationDuration,MappedFixationPointX,MappedFixationPointY,StimuliName
1,84945,333,639,422,http://emine.ncc.metu.edu.tr/survey/web/pages2/http/www.babylon.com/
2,85278,183,540,283,http://emine.ncc.metu.edu.tr/survey/web/pages2/http/www.babylon.com/
3,85462,266,372,46,http://emine.ncc.metu.edu.tr/survey/web/pages2/http/www.babylon.com/
4,85728,266,240,20,http://emine.ncc.metu.edu.tr/survey/web/pages2/http/www.babylon.com/
5,85995,183,457,412,http://emine.ncc.metu.edu.tr/survey/web/pages2/http/www.babylon.com/
6,86178,250,594,359,http://emine.ncc.metu.edu.tr/survey/web/pages2/http/www.babylon.com/
7,86427,749,654,373,http://emine.ncc.metu.edu.tr/survey/web/pages2/http/www.babylon.com/
8,87177,350,712,530,http://emine.ncc.metu.edu.tr/survey/web/pages2/http/www.babylon.com/
9,87527,266,730,394,http://emine.ncc.metu.edu.tr/survey/web/pages2/http/www.babylon.com/
10,87793,216,754,424,http://emine.ncc.metu.edu.tr/survey/web/pages2/http/www.babylon.com/
11,88010,200,576,579,http://emine.ncc.metu.edu.tr/survey/web/pages2/http/www.babylon.com/
12,88210,616,540,589,http://emine.ncc.metu.edu.tr/survey/web/pages2/http/www.babylon.com/
13,88826,233,703,232,http://emine.ncc.metu.edu.tr/survey/web/pages2/http/www.babylon.com/
14,89059,316,734,354,http://emine.ncc.metu.edu.tr/survey/web/pages2/http/www.babylon.com/
15,89375,183,746,108,http://emine.ncc.metu.edu.tr/survey/web/pages2/http/www.babylon.com/
16,89559,233,659,309,http://emine.ncc.metu.edu.tr/survey/web/pages2/http/www.babylon.com/
17,89792,1416,636,399,http://emine.ncc.metu.edu.tr/survey/web/pages2/http/www.babylon.com/
18,91207,233,688,420,http://emine.ncc.metu.edu.tr/survey/web/pages2/http/www.babylon.com/
19,91441,167,646,414,http://emine.ncc.metu.edu.tr/survey/web/pages2/http/www.babylon.com/
20,91607,266,564,178,http://emine.ncc.metu.edu.tr/survey/web/pages2/http/www.babylon.com/
21,91874,350,375,245,http://emine.ncc.metu.edu.tr/survey/web/pages2/http/www.babylon.com/
22,92223,200,761,197,http://emine.ncc.metu.edu.tr/survey/web/pages2/http/www.babylon.com/
23,92423,216,898,247,http://emine.ncc.metu.edu.tr/survey/web/pages2/http/www.babylon.com/
24,92640,1682,654,379,http://emine.ncc.metu.edu.tr/survey/web/pages2/http/www.babylon.com/
25,94322,183,639,519,http://emine.ncc.metu.edu.tr/survey/web/pages2/http/www.babylon.com/
26,94505,200,676,572,http://emine.ncc.metu.edu.tr/survey/web/pages2/http/www.babylon.com/
27,94705,233,725,623,http://emine.ncc.metu.edu.tr/survey/web/pages2/http/www.babylon.com/
28,94938,250,691,679,http://emine.ncc.metu.edu.tr/survey/web/pages2/http/www.babylon.com/
29,95188,433,681,337,http://emine.ncc.metu.edu.tr/survey/web/pages2/http/www.babylon.com/
30,95621,266,420,201,http://emine.ncc.metu.edu.tr/survey/web/pages2/http/www.babylon.com/
31,95887,350,677,335,http://emine.ncc.metu.edu.tr/survey/web/pages2/http/www.babylon.com/
32,96237,300,625,238,http://emine.ncc.metu.edu.tr/survey/web/pages2/http/www.babylon.com/
33,96537,250,330,235,http://emine.ncc.metu.edu.tr/survey/web/pages2/http/www.babylon.com/
34,96787,650,599,328,http://emine.ncc.metu.edu.tr/survey/web/pages2/http/www.babylon.com/
35,97436,166,660,385,http://emine.ncc.metu.edu.tr/survey/web/pages2/http/www.babylon.com/
36,97603,167,521,563,http://emine.ncc.metu.edu.tr/survey/web/pages2/http/www.babylon.com/
37,97769,250,316,543,http://emine.ncc.metu.edu.tr/survey/web/pages2/http/www.babylon.com/
38,98019,233,322,671,http://emine.ncc.metu.edu.tr/survey/web/pages2/http/www.babylon.com/
39,98252,216,532,208,http://emine.ncc.metu.edu.tr/survey/web/pages2/http/www.babylon.com/
40,98469,416,334,242,http://emine.ncc.metu.edu.tr/survey/web/pages2/http/www.babylon.com/
41,98885,233,287,162,http://emine.ncc.metu.edu.tr/survey/web/pages2/http/www.babylon.com/
42,99118,300,581,155,http://emine.ncc.metu.edu.tr/survey/web/pages2/http/www.babylon.com/
43,99418,350,639,255,http://emine.ncc.metu.edu.tr/survey/web/pages2/http/www.babylon.com/
44,99768,150,396,247,http://emine.ncc.metu.edu.tr/survey/web/pages2/http/www.babylon.com/
45,99918,216,301,248,http://emine.ncc.metu.edu.tr/survey/web/pages2/http/www.babylon.com/
46,100134,266,279,530,http://emine.ncc.metu.edu.tr/survey/web/pages2/http/www.babylon.com/
47,100401,183,361,663,http://emine.ncc.metu.edu.tr/survey/web/pages2/http/www.babylon.com/
48,100584,167,318,717,http://emine.ncc.metu.edu.tr/survey/web/pages2/http/www.babylon.com/
49,100751,250,518,669,http://emine.ncc.metu.edu.tr/survey/web/pages2/http/www.babylon.com/
50,101000,100,486,684,http://emine.ncc.metu.edu.tr/survey/web/pages2/http/www.babylon.com/
51,101100,200,740,677,http://emine.ncc.metu.edu.tr/survey/web/pages2/http/www.babylon.com/
52,101300,200,897,695,http://emine.ncc.metu.edu.tr/survey/web/pages2/http/www.babylon.com/
53,101700,283,651,40,http://emine.ncc.metu.edu.tr/survey/web/pages2/http/www.babylon.com/
54,101983,233,639,162,http://emine.ncc.metu.edu.tr/survey/web/pages2/http/www.babylon.com/
55,102216,283,906,178,http://emine.ncc.metu.edu.tr/survey/web/pages2/http/www.babylon.com/
56,102499,250,274,177,http://emine.ncc.metu.edu.tr/survey/web/pages2/http/www.babylon.com/
57,102749,183,297,256,http://emine.ncc.metu.edu.tr/survey/web/pages2/http/www.babylon.com/
58,102932,316,340,257,http://emine.ncc.metu.edu.tr/survey/web/pages2/http/www.babylon.com/
59,103249,216,285,73,http://emine.ncc.metu.edu.tr/survey/web/pages2/http/www.babylon.com/
60,103465,150,218,1,http://emine.ncc.metu.edu.tr/survey/web/pages2/http/www.babylon.com/
61,103615,250,361,19,http://emine.ncc.metu.edu.tr/survey/web/pages2/http/www.babylon.com/
62,103865,250,370,741,http://emine.ncc.metu.edu.tr/survey/web/pages2/http/www.babylon.com/
63,104115,300,535,708,http://emine.ncc.metu.edu.tr/survey/web/pages2/http/www.babylon.com/
64,104415,200,500,902,http://emine.ncc.metu.edu.tr/survey/web/pages2/http/www.babylon.com/
65,104614,283,286,908,http://emine.ncc.metu.edu.tr/survey/web/pages2/http/www.babylon.com/
66,104897,216,389,911,http://emine.ncc.metu.edu.tr/survey/web/pages2/http/www.babylon.com/
67,105114,217,862,703,http://emine.ncc.metu.edu.tr/survey/web/pages2/http/www.babylon.com/
68,105331,333,910,699,http://emine.ncc.metu.edu.tr/survey/web/pages2/http/www.babylon.com/
69,105664,166,680,658,http://emine.ncc.metu.edu.tr/survey/web/pages2/http/www.babylon.com/
70,105830,300,696,692,http://emine.ncc.metu.edu.tr/survey/web/pages2/http/www.babylon.com/
71,106130,217,501,333,http://emine.ncc.metu.edu.tr/survey/web/pages2/http/www.babylon.com/
72,106347,200,668,203,http://emine.ncc.metu.edu.tr/survey/web/pages2/http/www.babylon.com/
73,106546,350,947,191,http://emine.ncc.metu.edu.tr/survey/web/pages2/http/www.babylon.com/
74,106896,350,916,226,http://emine.ncc.metu.edu.tr/survey/web/pages2/http/www.babylon.com/
75,107246,333,663,42,http://emine.ncc.metu.edu.tr/survey/web/pages2/http/www.babylon.com/
76,107579,233,524,28,http://emine.ncc.metu.edu.tr/survey/web/pages2/http/www.babylon.com/
77,107812,117,428,40,http://emine.ncc.metu.edu.tr/survey/web/pages2/http/www.babylon.com/
78,107929,150,402,211,http://emine.ncc.metu.edu.tr/survey/web/pages2/http/www.babylon.com/
79,108079,283,306,234,http://emine.ncc.metu.edu.tr/survey/web/pages2/http/www.babylon.com/
80,108362,183,269,156,http://emine.ncc.metu.edu.tr/survey/web/pages2/http/www.babylon.com/
81,108545,167,381,127,http://emine.ncc.metu.edu.tr/survey/web/pages2/http/www.babylon.com/
82,108711,183,616,141,http://emine.ncc.metu.edu.tr/survey/web/pages2/http/www.babylon.com/
83,108895,316,863,125,http://emine.ncc.metu.edu.tr/survey/web/pages2/http/www.babylon.com/
84,109211,150,689,669,http://emine.ncc.metu.edu.tr/survey/web/pages2/http/www.babylon.com/
85,109361,366,495,687,http://emine.ncc.metu.edu.tr/survey/web/pages2/http/www.babylon.com/
86,109727,533,307,674,http://emine.ncc.metu.edu.tr/survey/web/pages2/http/www.babylon.com/
87,110260,266,357,681,http://emine.ncc.metu.edu.tr/survey/web/pages2/http/www.babylon.com/
88,110527,283,255,476,http://emine.ncc.metu.edu.tr/survey/web/pages2/http/www.babylon.com/
89,110810,100,368,704,http://emine.ncc.metu.edu.tr/survey/web/pages2/http/www.babylon.com/
90,110910,100,364,669,http://emine.ncc.metu.edu.tr/survey/web/pages2/http/www.babylon.com/
91,111010,216,368,707,http://emine.ncc.metu.edu.tr/survey/web/pages2/http/www.babylon.com/
92,111226,166,473,714,http://emine.ncc.metu.edu.tr/survey/web/pages2/http/www.babylon.com/
93,111393,250,509,704,http://emine.ncc.metu.edu.tr/survey/web/pages2/http/www.babylon.com/
94,111643,516,552,705,http://emine.ncc.metu.edu.tr/survey/web/pages2/http/www.babylon.com/
95,112159,883,710,691,http://emine.ncc.metu.edu.tr/survey/web/pages2/http/www.babylon.com/
96,113042,1216,896,684,http://emine.ncc.metu.edu.tr/survey/web/pages2/http/www.babylon.com/
97,114257,316,964,684,http://emine.ncc.metu.edu.tr/survey/web/pages2/http/www.babylon.com/
98,114574,217,926,582,http://emine.ncc.metu.edu.tr/survey/web/pages2/http/www.babylon.com/
99,114790,200,315,499,http://emine.ncc.metu.edu.tr/survey/web/pages2/http/www.babylon.com/
100,114990,200,271,488,http://emine.ncc.metu.edu.tr/survey/web/pages2/http/www.babylon.com/
101,115190,433,699,581,http://emine.ncc.metu.edu.tr/survey/web/pages2/http/www.babylon.com/
102,115623,216,286,466,http://emine.ncc.metu.edu.tr/survey/web/pages2/http/www.babylon.com/
103,115840,516,249,484,http://emine.ncc.metu.edu.tr/survey/web/pages2/http/www.babylon.com/