FixationIndex,Timestamp,FixationDuration,MappedFixationPointX,MappedFixationPointY,StimuliName
1,33439,283,601,900,http://emine.ncc.metu.edu.tr/survey/web/pages2/http/www.babylon.com/
2,33872,200,418,352,http://emine.ncc.metu.edu.tr/survey/web/pages2/http/www.babylon.com/
3,34072,250,344,131,http://emine.ncc.metu.edu.tr/survey/web/pages2/http/www.babylon.com/
4,34322,216,649,73,http://emine.ncc.metu.edu.tr/survey/web/pages2/http/www.babylon.com/
5,34539,350,248,57,http://emine.ncc.metu.edu.tr/survey/web/pages2/http/www.babylon.com/
6,34888,250,629,403,http://emine.ncc.metu.edu.tr/survey/web/pages2/http/www.babylon.com/
7,35138,183,702,395,http://emine.ncc.metu.edu.tr/survey/web/pages2/http/www.babylon.com/
8,35321,283,288,104,http://emine.ncc.metu.edu.tr/survey/web/pages2/http/www.babylon.com/
9,35605,233,471,203,http://emine.ncc.metu.edu.tr/survey/web/pages2/http/www.babylon.com/
10,35838,133,560,177,http://emine.ncc.metu.edu.tr/survey/web/pages2/http/www.babylon.com/
11,35971,266,724,389,http://emine.ncc.metu.edu.tr/survey/web/pages2/http/www.babylon.com/
12,36237,250,525,562,http://emine.ncc.metu.edu.tr/survey/web/pages2/http/www.babylon.com/
13,36487,266,498,741,http://emine.ncc.metu.edu.tr/survey/web/pages2/http/www.babylon.com/
14,36754,166,476,692,http://emine.ncc.metu.edu.tr/survey/web/pages2/http/www.babylon.com/
15,36920,216,469,870,http://emine.ncc.metu.edu.tr/survey/web/pages2/http/www.babylon.com/
16,37137,183,281,626,http://emine.ncc.metu.edu.tr/survey/web/pages2/http/www.babylon.com/
17,37320,283,409,197,http://emine.ncc.metu.edu.tr/survey/web/pages2/http/www.babylon.com/
18,37603,150,575,264,http://emine.ncc.metu.edu.tr/survey/web/pages2/http/www.babylon.com/
19,37753,150,467,662,http://emine.ncc.metu.edu.tr/survey/web/pages2/http/www.babylon.com/
20,37903,216,383,767,http://emine.ncc.metu.edu.tr/survey/web/pages2/http/www.babylon.com/
21,38119,233,368,871,http://emine.ncc.metu.edu.tr/survey/web/pages2/http/www.babylon.com/
22,38352,266,288,693,http://emine.ncc.metu.edu.tr/survey/web/pages2/http/www.babylon.com/
23,38619,216,757,442,http://emine.ncc.metu.edu.tr/survey/web/pages2/http/www.babylon.com/
24,38835,450,675,402,http://emine.ncc.metu.edu.tr/survey/web/pages2/http/www.babylon.com/
25,39285,233,629,420,http://emine.ncc.metu.edu.tr/survey/web/pages2/http/www.babylon.com/
26,39685,416,644,417,http://emine.ncc.metu.edu.tr/survey/web/pages2/http/www.babylon.com/
27,40101,233,678,347,http://emine.ncc.metu.edu.tr/survey/web/pages2/http/www.babylon.com/
28,40334,300,753,398,http://emine.ncc.metu.edu.tr/survey/web/pages2/http/www.babylon.com/
29,40634,2515,679,397,http://emine.ncc.metu.edu.tr/survey/web/pages2/http/www.babylon.com/
30,43149,400,731,387,http://emine.ncc.metu.edu.tr/survey/web/pages2/http/www.babylon.com/
31,43549,283,681,409,http://emine.ncc.metu.edu.tr/survey/web/pages2/http/www.babylon.com/
32,43832,283,388,500,http://emine.ncc.metu.edu.tr/survey/web/pages2/http/www.babylon.com/
33,44115,167,326,503,http://emine.ncc.metu.edu.tr/survey/web/pages2/http/www.babylon.com/
34,44282,216,606,407,http://emine.ncc.metu.edu.tr/survey/web/pages2/http/www.babylon.com/
35,44498,300,696,394,http://emine.ncc.metu.edu.tr/survey/web/pages2/http/www.babylon.com/
36,44998,633,717,407,http://emine.ncc.metu.edu.tr/survey/web/pages2/http/www.babylon.com/
37,45631,216,658,512,http://emine.ncc.metu.edu.tr/survey/web/pages2/http/www.babylon.com/
38,45847,233,562,576,http://emine.ncc.metu.edu.tr/survey/web/pages2/http/www.babylon.com/
39,46080,233,583,661,http://emine.ncc.metu.edu.tr/survey/web/pages2/http/www.babylon.com/
40,46314,183,544,669,http://emine.ncc.metu.edu.tr/survey/web/pages2/http/www.babylon.com/
41,46497,283,294,678,http://emine.ncc.metu.edu.tr/survey/web/pages2/http/www.babylon.com/
42,46780,216,291,809,http://emine.ncc.metu.edu.tr/survey/web/pages2/http/www.babylon.com/
43,46996,100,386,854,http://emine.ncc.metu.edu.tr/survey/web/pages2/http/www.babylon.com/
44,47096,183,433,878,http://emine.ncc.metu.edu.tr/survey/web/pages2/http/www.babylon.com/
45,47279,183,561,876,http://emine.ncc.metu.edu.tr/survey/web/pages2/http/www.babylon.com/
46,47463,200,720,550,http://emine.ncc.metu.edu.tr/survey/web/pages2/http/www.babylon.com/
47,47663,183,847,435,http://emine.ncc.metu.edu.tr/survey/web/pages2/http/www.babylon.com/
48,47846,150,923,669,http://emine.ncc.metu.edu.tr/survey/web/pages2/http/www.babylon.com/
49,47996,233,942,703,http://emine.ncc.metu.edu.tr/survey/web/pages2/http/www.babylon.com/
50,48229,183,920,631,http://emine.ncc.metu.edu.tr/survey/web/pages2/http/www.babylon.com/
51,48412,216,872,680,http://emine.ncc.metu.edu.tr/survey/web/pages2/http/www.babylon.com/
52,48628,283,895,259,http://emine.ncc.metu.edu.tr/survey/web/pages2/http/www.babylon.com/
53,48912,200,946,220,http://emine.ncc.metu.edu.tr/survey/web/pages2/http/www.babylon.com/
54,49111,117,1002,219,http://emine.ncc.metu.edu.tr/survey/web/pages2/http/www.babylon.com/
55,49228,200,761,234,http://emine.ncc.metu.edu.tr/survey/web/pages2/http/www.babylon.com/
56,49428,266,451,149,http://emine.ncc.metu.edu.tr/survey/web/pages2/http/www.babylon.com/
57,49694,283,480,84,http://emine.ncc.metu.edu.tr/survey/web/pages2/http/www.babylon.com/
58,49978,200,445,78,http://emine.ncc.metu.edu.tr/survey/web/pages2/http/www.babylon.com/
59,50177,450,310,291,http://emine.ncc.metu.edu.tr/survey/web/pages2/http/www.babylon.com/
60,50627,283,259,608,http://emine.ncc.metu.edu.tr/survey/web/pages2/http/www.babylon.com/
61,50910,166,280,543,http://emine.ncc.metu.edu.tr/survey/web/pages2/http/www.babylon.com/
62,51077,233,338,717,http://emine.ncc.metu.edu.tr/survey/web/pages2/http/www.babylon.com/
63,51310,150,325,665,http://emine.ncc.metu.edu.tr/survey/web/pages2/http/www.babylon.com/
64,51460,200,319,701,http://emine.ncc.metu.edu.tr/survey/web/pages2/http/www.babylon.com/
65,51660,266,350,776,http://emine.ncc.metu.edu.tr/survey/web/pages2/http/www.babylon.com/
66,51926,216,697,398,http://emine.ncc.metu.edu.tr/survey/web/pages2/http/www.babylon.com/
67,52143,266,920,139,http://emine.ncc.metu.edu.tr/survey/web/pages2/http/www.babylon.com/
68,52409,216,942,99,http://emine.ncc.metu.edu.tr/survey/web/pages2/http/www.babylon.com/
69,52626,200,981,71,http://emine.ncc.metu.edu.tr/survey/web/pages2/http/www.babylon.com/
70,52825,366,622,76,http://emine.ncc.metu.edu.tr/survey/web/pages2/http/www.babylon.com/
71,53192,150,417,81,http://emine.ncc.metu.edu.tr/survey/web/pages2/http/www.babylon.com/
72,53342,233,389,182,http://emine.ncc.metu.edu.tr/survey/web/pages2/http/www.babylon.com/
73,53575,183,404,224,http://emine.ncc.metu.edu.tr/survey/web/pages2/http/www.babylon.com/
74,53758,183,509,185,http://emine.ncc.metu.edu.tr/survey/web/pages2/http/www.babylon.com/
75,53941,233,793,175,http://emine.ncc.metu.edu.tr/survey/web/pages2/http/www.babylon.com/
76,54174,366,1016,218,http://emine.ncc.metu.edu.tr/survey/web/pages2/http/www.babylon.com/
77,54541,233,1182,235,http://emine.ncc.metu.edu.tr/survey/web/pages2/http/www.babylon.com/
78,54774,233,1006,227,http://emine.ncc.metu.edu.tr/survey/web/pages2/http/www.babylon.com/
79,55007,283,342,269,http://emine.ncc.metu.edu.tr/survey/web/pages2/http/www.babylon.com/
80,55290,133,318,302,http://emine.ncc.metu.edu.tr/survey/web/pages2/http/www.babylon.com/
81,55623,100,247,606,http://emine.ncc.metu.edu.tr/survey/web/pages2/http/www.babylon.com/
82,55723,100,359,705,http://emine.ncc.metu.edu.tr/survey/web/pages2/http/www.babylon.com/
83,55823,200,644,743,http://emine.ncc.metu.edu.tr/survey/web/pages2/http/www.babylon.com/
84,56023,200,741,706,http://emine.ncc.metu.edu.tr/survey/web/pages2/http/www.babylon.com/
85,56223,383,310,709,http://emine.ncc.metu.edu.tr/survey/web/pages2/http/www.babylon.com/
86,56606,333,279,689,http://emine.ncc.metu.edu.tr/survey/web/pages2/http/www.babylon.com/
87,56939,117,376,826,http://emine.ncc.metu.edu.tr/survey/web/pages2/http/www.babylon.com/
88,57056,166,351,885,http://emine.ncc.metu.edu.tr/survey/web/pages2/http/www.babylon.com/
89,57222,117,462,884,http://emine.ncc.metu.edu.tr/survey/web/pages2/http/www.babylon.com/
90,57339,100,478,835,http://emine.ncc.metu.edu.tr/survey/web/pages2/http/www.babylon.com/
91,57439,366,745,862,http://emine.ncc.metu.edu.tr/survey/web/pages2/http/www.babylon.com/
92,57805,250,876,880,http://emine.ncc.metu.edu.tr/survey/web/pages2/http/www.babylon.com/
93,58055,316,1011,893,http://emine.ncc.metu.edu.tr/survey/web/pages2/http/www.babylon.com/
94,58371,166,993,929,http://emine.ncc.metu.edu.tr/survey/web/pages2/http/www.babylon.com/
95,58538,266,833,916,http://emine.ncc.metu.edu.tr/survey/web/pages2/http/www.babylon.com/
96,58804,167,875,922,http://emine.ncc.metu.edu.tr/survey/web/pages2/http/www.babylon.com/
97,58971,366,659,905,http://emine.ncc.metu.edu.tr/survey/web/pages2/http/www.babylon.com/
98,59337,416,521,904,http://emine.ncc.metu.edu.tr/survey/web/pages2/http/www.babylon.com/
99,59754,117,335,910,http://emine.ncc.metu.edu.tr/survey/web/pages2/http/www.babylon.com/
100,59870,250,521,848,http://emine.ncc.metu.edu.tr/survey/web/pages2/http/www.babylon.com/
101,60120,183,574,846,http://emine.ncc.metu.edu.tr/survey/web/pages2/http/www.babylon.com/
102,60303,200,653,732,http://emine.ncc.metu.edu.tr/survey/web/pages2/http/www.babylon.com/
103,60503,216,122,972,http://emine.ncc.metu.edu.tr/survey/web/pages2/http/www.babylon.com/
104,60720,366,789,681,http://emine.ncc.metu.edu.tr/survey/web/pages2/http/www.babylon.com/
105,61086,100,745,683,http://emine.ncc.metu.edu.tr/survey/web/pages2/http/www.babylon.com/
106,61186,233,706,682,http://emine.ncc.metu.edu.tr/survey/web/pages2/http/www.babylon.com/
107,61419,216,953,690,http://emine.ncc.metu.edu.tr/survey/web/pages2/http/www.babylon.com/
108,61636,266,913,688,http://emine.ncc.metu.edu.tr/survey/web/pages2/http/www.babylon.com/
109,61902,266,1160,413,http://emine.ncc.metu.edu.tr/survey/web/pages2/http/www.babylon.com/
110,62169,400,957,297,http://emine.ncc.metu.edu.tr/survey/web/pages2/http/www.babylon.com/
111,62568,333,1034,212,http://emine.ncc.metu.edu.tr/survey/web/pages2/http/www.babylon.com/
112,62902,266,956,75,http://emine.ncc.metu.edu.tr/survey/web/pages2/http/www.babylon.com/
113,63168,133,1010,76,http://emine.ncc.metu.edu.tr/survey/web/pages2/http/www.babylon.com/
114,63301,416,578,85,http://emine.ncc.metu.edu.tr/survey/web/pages2/http/www.babylon.com/
115,63901,250,472,242,http://emine.ncc.metu.edu.tr/survey/web/pages2/http/www.babylon.com/
116,64150,300,300,547,http://emine.ncc.metu.edu.tr/survey/web/pages2/http/www.babylon.com/
117,64450,216,301,703,http://emine.ncc.metu.edu.tr/survey/web/pages2/http/www.babylon.com/
118,64667,117,240,565,http://emine.ncc.metu.edu.tr/survey/web/pages2/http/www.babylon.com/
119,64783,366,247,526,http://emine.ncc.metu.edu.tr/survey/web/pages2/http/www.babylon.com/
120,65150,200,312,519,http://emine.ncc.metu.edu.tr/survey/web/pages2/http/www.babylon.com/
121,65349,233,230,509,http://emine.ncc.metu.edu.tr/survey/web/pages2/http/www.babylon.com/
122,65583,166,313,536,http://emine.ncc.metu.edu.tr/survey/web/pages2/http/www.babylon.com/
123,65749,166,371,598,http://emine.ncc.metu.edu.tr/survey/web/pages2/http/www.babylon.com/
124,65916,283,538,604,http://emine.ncc.metu.edu.tr/survey/web/pages2/http/www.babylon.com/
125,66199,416,339,673,http://emine.ncc.metu.edu.tr/survey/web/pages2/http/www.babylon.com/
126,66615,166,270,531,http://emine.ncc.metu.edu.tr/survey/web/pages2/http/www.babylon.com/
127,66982,250,378,588,http://emine.ncc.metu.edu.tr/survey/web/pages2/http/www.babylon.com/
128,67231,283,532,621,http://emine.ncc.metu.edu.tr/survey/web/pages2/http/www.babylon.com/
129,67515,466,290,680,http://emine.ncc.metu.edu.tr/survey/web/pages2/http/www.babylon.com/
130,67981,350,361,671,http://emine.ncc.metu.edu.tr/survey/web/pages2/http/www.babylon.com/
131,68331,333,273,679,http://emine.ncc.metu.edu.tr/survey/web/pages2/http/www.babylon.com/
132,68664,183,315,634,http://emine.ncc.metu.edu.tr/survey/web/pages2/http/www.babylon.com/
133,68847,566,306,670,http://emine.ncc.metu.edu.tr/survey/web/pages2/http/www.babylon.com/
134,69413,400,341,674,http://emine.ncc.metu.edu.tr/survey/web/pages2/http/www.babylon.com/
135,69813,200,385,672,http://emine.ncc.metu.edu.tr/survey/web/pages2/http/www.babylon.com/
136,70013,350,542,672,http://emine.ncc.metu.edu.tr/survey/web/pages2/http/www.babylon.com/
137,70363,316,494,667,http://emine.ncc.metu.edu.tr/survey/web/pages2/http/www.babylon.com/
138,70679,416,563,672,http://emine.ncc.metu.edu.tr/survey/web/pages2/http/www.babylon.com/
139,71095,250,738,680,http://emine.ncc.metu.edu.tr/survey/web/pages2/http/www.babylon.com/
140,71345,350,304,518,http://emine.ncc.metu.edu.tr/survey/web/pages2/http/www.babylon.com/
141,71695,283,948,607,http://emine.ncc.metu.edu.tr/survey/web/pages2/http/www.babylon.com/
142,71978,233,718,618,http://emine.ncc.metu.edu.tr/survey/web/pages2/http/www.babylon.com/
143,72211,200,683,688,http://emine.ncc.metu.edu.tr/survey/web/pages2/http/www.babylon.com/
144,72594,117,710,685,http://emine.ncc.metu.edu.tr/survey/web/pages2/http/www.babylon.com/
145,72711,649,517,650,http://emine.ncc.metu.edu.tr/survey/web/pages2/http/www.babylon.com/
146,73360,283,310,495,http://emine.ncc.metu.edu.tr/survey/web/pages2/http/www.babylon.com/
147,73644,166,239,505,http://emine.ncc.metu.edu.tr/survey/web/pages2/http/www.babylon.com/
148,73993,117,363,471,http://emine.ncc.metu.edu.tr/survey/web/pages2/http/www.babylon.com/
149,74110,183,393,380,http://emine.ncc.metu.edu.tr/survey/web/pages2/http/www.babylon.com/
150,74293,283,884,529,http://emine.ncc.metu.edu.tr/survey/web/pages2/http/www.babylon.com/
151,74576,283,959,653,http://emine.ncc.metu.edu.tr/survey/web/pages2/http/www.babylon.com/
152,74859,366,885,575,http://emine.ncc.metu.edu.tr/survey/web/pages2/http/www.babylon.com/
153,75226,166,840,611,http://emine.ncc.metu.edu.tr/survey/web/pages2/http/www.babylon.com/
154,75392,117,489,610,http://emine.ncc.metu.edu.tr/survey/web/pages2/http/www.babylon.com/
155,75509,133,453,626,http://emine.ncc.metu.edu.tr/survey/web/pages2/http/www.babylon.com/
156,75642,183,299,527,http://emine.ncc.metu.edu.tr/survey/web/pages2/http/www.babylon.com/
157,75825,350,470,672,http://emine.ncc.metu.edu.tr/survey/web/pages2/http/www.babylon.com/
158,76175,483,273,688,http://emine.ncc.metu.edu.tr/survey/web/pages2/http/www.babylon.com/
159,76658,250,350,681,http://emine.ncc.metu.edu.tr/survey/web/pages2/http/www.babylon.com/
160,76908,350,299,691,http://emine.ncc.metu.edu.tr/survey/web/pages2/http/www.babylon.com/
161,77441,716,509,664,http://emine.ncc.metu.edu.tr/survey/web/pages2/http/www.babylon.com/
162,78157,266,560,676,http://emine.ncc.metu.edu.tr/survey/web/pages2/http/www.babylon.com/
163,78423,583,715,681,http://emine.ncc.metu.edu.tr/survey/web/pages2/http/www.babylon.com/
164,79006,183,763,689,http://emine.ncc.metu.edu.tr/survey/web/pages2/http/www.babylon.com/
165,79190,416,719,691,http://emine.ncc.metu.edu.tr/survey/web/pages2/http/www.babylon.com/
166,79606,516,898,700,http://emine.ncc.metu.edu.tr/survey/web/pages2/http/www.babylon.com/
167,80122,1083,996,696,http://emine.ncc.metu.edu.tr/survey/web/pages2/http/www.babylon.com/
168,81388,100,969,573,http://emine.ncc.metu.edu.tr/survey/web/pages2/http/www.babylon.com/
169,81488,183,1066,675,http://emine.ncc.metu.edu.tr/survey/web/pages2/http/www.babylon.com/
170,81671,366,531,615,http://emine.ncc.metu.edu.tr/survey/web/pages2/http/www.babylon.com/
171,82037,150,449,623,http://emine.ncc.metu.edu.tr/survey/web/pages2/http/www.babylon.com/
172,82187,333,926,650,http://emine.ncc.metu.edu.tr/survey/web/pages2/http/www.babylon.com/
173,82520,250,724,424,http://emine.ncc.metu.edu.tr/survey/web/pages2/http/www.babylon.com/
174,82770,200,687,389,http://emine.ncc.metu.edu.tr/survey/web/pages2/http/www.babylon.com/
175,82970,400,697,283,http://emine.ncc.metu.edu.tr/survey/web/pages2/http/www.babylon.com/