FixationIndex,Timestamp,FixationDuration,MappedFixationPointX,MappedFixationPointY,StimuliName
1,220448,133,690,614,http://emine.ncc.metu.edu.tr/survey/web/pages2/http/www.babylon.com/
2,220582,167,548,611,http://emine.ncc.metu.edu.tr/survey/web/pages2/http/www.babylon.com/
3,220748,316,507,691,http://emine.ncc.metu.edu.tr/survey/web/pages2/http/www.babylon.com/
4,221065,300,451,167,http://emine.ncc.metu.edu.tr/survey/web/pages2/http/www.babylon.com/
5,221365,166,651,278,http://emine.ncc.metu.edu.tr/survey/web/pages2/http/www.babylon.com/
6,221531,167,641,389,http://emine.ncc.metu.edu.tr/survey/web/pages2/http/www.babylon.com/
7,221698,266,683,400,http://emine.ncc.metu.edu.tr/survey/web/pages2/http/www.babylon.com/
8,221964,366,646,429,http://emine.ncc.metu.edu.tr/survey/web/pages2/http/www.babylon.com/
9,222330,666,694,415,http://emine.ncc.metu.edu.tr/survey/web/pages2/http/www.babylon.com/
10,223596,899,686,422,http://emine.ncc.metu.edu.tr/survey/web/pages2/http/www.babylon.com/
11,224496,200,341,467,http://emine.ncc.metu.edu.tr/survey/web/pages2/http/www.babylon.com/
12,224695,333,702,430,http://emine.ncc.metu.edu.tr/survey/web/pages2/http/www.babylon.com/
13,225028,333,640,416,http://emine.ncc.metu.edu.tr/survey/web/pages2/http/www.babylon.com/
14,225362,400,344,288,http://emine.ncc.metu.edu.tr/survey/web/pages2/http/www.babylon.com/
15,225761,400,279,274,http://emine.ncc.metu.edu.tr/survey/web/pages2/http/www.babylon.com/
16,226161,200,695,358,http://emine.ncc.metu.edu.tr/survey/web/pages2/http/www.babylon.com/
17,226361,466,675,403,http://emine.ncc.metu.edu.tr/survey/web/pages2/http/www.babylon.com/
18,226827,233,287,552,http://emine.ncc.metu.edu.tr/survey/web/pages2/http/www.babylon.com/
19,227060,183,279,503,http://emine.ncc.metu.edu.tr/survey/web/pages2/http/www.babylon.com/
20,227243,217,547,571,http://emine.ncc.metu.edu.tr/survey/web/pages2/http/www.babylon.com/
21,228060,300,275,278,http://emine.ncc.metu.edu.tr/survey/web/pages2/http/www.babylon.com/
22,228359,400,214,220,http://emine.ncc.metu.edu.tr/survey/web/pages2/http/www.babylon.com/
23,228759,250,340,233,http://emine.ncc.metu.edu.tr/survey/web/pages2/http/www.babylon.com/
24,229009,300,279,266,http://emine.ncc.metu.edu.tr/survey/web/pages2/http/www.babylon.com/
25,229309,216,300,197,http://emine.ncc.metu.edu.tr/survey/web/pages2/http/www.babylon.com/
26,229525,383,346,84,http://emine.ncc.metu.edu.tr/survey/web/pages2/http/www.babylon.com/
27,229908,400,754,259,http://emine.ncc.metu.edu.tr/survey/web/pages2/http/www.babylon.com/
28,230308,333,636,292,http://emine.ncc.metu.edu.tr/survey/web/pages2/http/www.babylon.com/
29,230641,333,293,273,http://emine.ncc.metu.edu.tr/survey/web/pages2/http/www.babylon.com/
30,230974,266,935,290,http://emine.ncc.metu.edu.tr/survey/web/pages2/http/www.babylon.com/
31,231241,200,872,671,http://emine.ncc.metu.edu.tr/survey/web/pages2/http/www.babylon.com/
32,231440,333,707,746,http://emine.ncc.metu.edu.tr/survey/web/pages2/http/www.babylon.com/
33,231773,167,684,683,http://emine.ncc.metu.edu.tr/survey/web/pages2/http/www.babylon.com/
34,231940,133,289,652,http://emine.ncc.metu.edu.tr/survey/web/pages2/http/www.babylon.com/
35,232073,183,273,615,http://emine.ncc.metu.edu.tr/survey/web/pages2/http/www.babylon.com/
36,232257,133,298,682,http://emine.ncc.metu.edu.tr/survey/web/pages2/http/www.babylon.com/
37,232390,100,521,682,http://emine.ncc.metu.edu.tr/survey/web/pages2/http/www.babylon.com/
38,232490,150,516,635,http://emine.ncc.metu.edu.tr/survey/web/pages2/http/www.babylon.com/
39,232640,233,645,354,http://emine.ncc.metu.edu.tr/survey/web/pages2/http/www.babylon.com/
40,232873,183,899,300,http://emine.ncc.metu.edu.tr/survey/web/pages2/http/www.babylon.com/
41,233056,283,924,208,http://emine.ncc.metu.edu.tr/survey/web/pages2/http/www.babylon.com/
42,233339,316,1045,239,http://emine.ncc.metu.edu.tr/survey/web/pages2/http/www.babylon.com/
43,233655,216,941,274,http://emine.ncc.metu.edu.tr/survey/web/pages2/http/www.babylon.com/
44,233872,217,631,263,http://emine.ncc.metu.edu.tr/survey/web/pages2/http/www.babylon.com/
45,234089,166,674,119,http://emine.ncc.metu.edu.tr/survey/web/pages2/http/www.babylon.com/
46,234255,216,663,79,http://emine.ncc.metu.edu.tr/survey/web/pages2/http/www.babylon.com/
47,234471,200,878,94,http://emine.ncc.metu.edu.tr/survey/web/pages2/http/www.babylon.com/
48,234671,266,354,87,http://emine.ncc.metu.edu.tr/survey/web/pages2/http/www.babylon.com/
49,234938,200,465,102,http://emine.ncc.metu.edu.tr/survey/web/pages2/http/www.babylon.com/
50,235138,216,966,100,http://emine.ncc.metu.edu.tr/survey/web/pages2/http/www.babylon.com/
51,235354,283,903,108,http://emine.ncc.metu.edu.tr/survey/web/pages2/http/www.babylon.com/
52,235637,266,1014,97,http://emine.ncc.metu.edu.tr/survey/web/pages2/http/www.babylon.com/
53,235904,433,939,707,http://emine.ncc.metu.edu.tr/survey/web/pages2/http/www.babylon.com/
54,236337,116,951,674,http://emine.ncc.metu.edu.tr/survey/web/pages2/http/www.babylon.com/
55,236453,100,977,640,http://emine.ncc.metu.edu.tr/survey/web/pages2/http/www.babylon.com/
56,236553,166,908,690,http://emine.ncc.metu.edu.tr/survey/web/pages2/http/www.babylon.com/
57,236720,333,904,805,http://emine.ncc.metu.edu.tr/survey/web/pages2/http/www.babylon.com/
58,237053,250,442,862,http://emine.ncc.metu.edu.tr/survey/web/pages2/http/www.babylon.com/
59,237303,166,412,641,http://emine.ncc.metu.edu.tr/survey/web/pages2/http/www.babylon.com/
60,237469,133,297,680,http://emine.ncc.metu.edu.tr/survey/web/pages2/http/www.babylon.com/
61,237602,150,258,685,http://emine.ncc.metu.edu.tr/survey/web/pages2/http/www.babylon.com/
62,237752,150,259,628,http://emine.ncc.metu.edu.tr/survey/web/pages2/http/www.babylon.com/
63,237902,383,496,640,http://emine.ncc.metu.edu.tr/survey/web/pages2/http/www.babylon.com/
64,238285,250,682,641,http://emine.ncc.metu.edu.tr/survey/web/pages2/http/www.babylon.com/
65,238535,466,494,639,http://emine.ncc.metu.edu.tr/survey/web/pages2/http/www.babylon.com/
66,239002,300,557,623,http://emine.ncc.metu.edu.tr/survey/web/pages2/http/www.babylon.com/
67,239301,200,777,629,http://emine.ncc.metu.edu.tr/survey/web/pages2/http/www.babylon.com/
68,239501,333,708,651,http://emine.ncc.metu.edu.tr/survey/web/pages2/http/www.babylon.com/
69,239834,266,985,640,http://emine.ncc.metu.edu.tr/survey/web/pages2/http/www.babylon.com/
70,240101,683,943,680,http://emine.ncc.metu.edu.tr/survey/web/pages2/http/www.babylon.com/
71,240783,266,545,667,http://emine.ncc.metu.edu.tr/survey/web/pages2/http/www.babylon.com/
72,241050,167,318,614,http://emine.ncc.metu.edu.tr/survey/web/pages2/http/www.babylon.com/
73,241217,133,261,586,http://emine.ncc.metu.edu.tr/survey/web/pages2/http/www.babylon.com/
74,241350,300,261,639,http://emine.ncc.metu.edu.tr/survey/web/pages2/http/www.babylon.com/
75,241650,167,326,635,http://emine.ncc.metu.edu.tr/survey/web/pages2/http/www.babylon.com/
76,241816,350,292,653,http://emine.ncc.metu.edu.tr/survey/web/pages2/http/www.babylon.com/
77,242166,250,360,597,http://emine.ncc.metu.edu.tr/survey/web/pages2/http/www.babylon.com/
78,242416,383,501,630,http://emine.ncc.metu.edu.tr/survey/web/pages2/http/www.babylon.com/
79,242799,283,557,628,http://emine.ncc.metu.edu.tr/survey/web/pages2/http/www.babylon.com/
80,243082,150,749,603,http://emine.ncc.metu.edu.tr/survey/web/pages2/http/www.babylon.com/
81,243232,116,731,654,http://emine.ncc.metu.edu.tr/survey/web/pages2/http/www.babylon.com/
82,243348,183,334,459,http://emine.ncc.metu.edu.tr/survey/web/pages2/http/www.babylon.com/
83,243532,266,206,466,http://emine.ncc.metu.edu.tr/survey/web/pages2/http/www.babylon.com/
84,243798,416,271,237,http://emine.ncc.metu.edu.tr/survey/web/pages2/http/www.babylon.com/
85,244581,100,498,711,http://emine.ncc.metu.edu.tr/survey/web/pages2/http/www.babylon.com/
86,244681,166,663,249,http://emine.ncc.metu.edu.tr/survey/web/pages2/http/www.babylon.com/
87,244847,217,693,142,http://emine.ncc.metu.edu.tr/survey/web/pages2/http/www.babylon.com/
88,245064,200,933,181,http://emine.ncc.metu.edu.tr/survey/web/pages2/http/www.babylon.com/
89,245264,133,1108,162,http://emine.ncc.metu.edu.tr/survey/web/pages2/http/www.babylon.com/
90,245397,100,1062,173,http://emine.ncc.metu.edu.tr/survey/web/pages2/http/www.babylon.com/
91,245497,200,1012,79,http://emine.ncc.metu.edu.tr/survey/web/pages2/http/www.babylon.com/
92,245697,166,967,56,http://emine.ncc.metu.edu.tr/survey/web/pages2/http/www.babylon.com/
93,245863,117,905,67,http://emine.ncc.metu.edu.tr/survey/web/pages2/http/www.babylon.com/
94,245980,150,502,96,http://emine.ncc.metu.edu.tr/survey/web/pages2/http/www.babylon.com/
95,246130,250,497,159,http://emine.ncc.metu.edu.tr/survey/web/pages2/http/www.babylon.com/
96,246380,233,348,163,http://emine.ncc.metu.edu.tr/survey/web/pages2/http/www.babylon.com/
97,246613,316,303,17,http://emine.ncc.metu.edu.tr/survey/web/pages2/http/www.babylon.com/
98,246929,200,509,45,http://emine.ncc.metu.edu.tr/survey/web/pages2/http/www.babylon.com/
99,247129,250,389,35,http://emine.ncc.metu.edu.tr/survey/web/pages2/http/www.babylon.com/
100,247379,250,139,15,http://emine.ncc.metu.edu.tr/survey/web/pages2/http/www.babylon.com/
101,247629,267,651,24,http://emine.ncc.metu.edu.tr/survey/web/pages2/http/www.babylon.com/
102,247895,150,648,313,http://emine.ncc.metu.edu.tr/survey/web/pages2/http/www.babylon.com/
103,248045,183,630,235,http://emine.ncc.metu.edu.tr/survey/web/pages2/http/www.babylon.com/
104,248228,233,599,99,http://emine.ncc.metu.edu.tr/survey/web/pages2/http/www.babylon.com/
105,248461,167,569,187,http://emine.ncc.metu.edu.tr/survey/web/pages2/http/www.babylon.com/
106,248628,117,833,623,http://emine.ncc.metu.edu.tr/survey/web/pages2/http/www.babylon.com/
107,248745,100,868,630,http://emine.ncc.metu.edu.tr/survey/web/pages2/http/www.babylon.com/
108,248845,133,786,656,http://emine.ncc.metu.edu.tr/survey/web/pages2/http/www.babylon.com/
109,248978,183,714,661,http://emine.ncc.metu.edu.tr/survey/web/pages2/http/www.babylon.com/
110,249161,183,439,457,http://emine.ncc.metu.edu.tr/survey/web/pages2/http/www.babylon.com/
111,249344,266,415,830,http://emine.ncc.metu.edu.tr/survey/web/pages2/http/www.babylon.com/
112,249611,150,312,890,http://emine.ncc.metu.edu.tr/survey/web/pages2/http/www.babylon.com/
113,249761,100,269,952,http://emine.ncc.metu.edu.tr/survey/web/pages2/http/www.babylon.com/
114,249861,133,308,857,http://emine.ncc.metu.edu.tr/survey/web/pages2/http/www.babylon.com/
115,249994,183,932,738,http://emine.ncc.metu.edu.tr/survey/web/pages2/http/www.babylon.com/
116,250177,117,857,779,http://emine.ncc.metu.edu.tr/survey/web/pages2/http/www.babylon.com/
117,250294,166,841,876,http://emine.ncc.metu.edu.tr/survey/web/pages2/http/www.babylon.com/
118,250460,217,488,882,http://emine.ncc.metu.edu.tr/survey/web/pages2/http/www.babylon.com/
119,250677,133,222,937,http://emine.ncc.metu.edu.tr/survey/web/pages2/http/www.babylon.com/
120,250810,100,289,912,http://emine.ncc.metu.edu.tr/survey/web/pages2/http/www.babylon.com/
121,251093,83,394,879,http://emine.ncc.metu.edu.tr/survey/web/pages2/http/www.babylon.com/
122,251176,117,390,615,http://emine.ncc.metu.edu.tr/survey/web/pages2/http/www.babylon.com/
123,251293,133,380,670,http://emine.ncc.metu.edu.tr/survey/web/pages2/http/www.babylon.com/
124,251426,383,281,697,http://emine.ncc.metu.edu.tr/survey/web/pages2/http/www.babylon.com/
125,251809,633,726,700,http://emine.ncc.metu.edu.tr/survey/web/pages2/http/www.babylon.com/
126,252442,816,950,704,http://emine.ncc.metu.edu.tr/survey/web/pages2/http/www.babylon.com/
127,253258,116,904,725,http://emine.ncc.metu.edu.tr/survey/web/pages2/http/www.babylon.com/
128,253375,500,928,674,http://emine.ncc.metu.edu.tr/survey/web/pages2/http/www.babylon.com/
129,253874,400,715,650,http://emine.ncc.metu.edu.tr/survey/web/pages2/http/www.babylon.com/
130,254274,133,651,634,http://emine.ncc.metu.edu.tr/survey/web/pages2/http/www.babylon.com/
131,254407,350,912,292,http://emine.ncc.metu.edu.tr/survey/web/pages2/http/www.babylon.com/
132,254757,483,948,265,http://emine.ncc.metu.edu.tr/survey/web/pages2/http/www.babylon.com/
133,255240,300,1011,225,http://emine.ncc.metu.edu.tr/survey/web/pages2/http/www.babylon.com/
134,255539,217,655,221,http://emine.ncc.metu.edu.tr/survey/web/pages2/http/www.babylon.com/
135,255756,266,714,221,http://emine.ncc.metu.edu.tr/survey/web/pages2/http/www.babylon.com/
136,256022,300,750,219,http://emine.ncc.metu.edu.tr/survey/web/pages2/http/www.babylon.com/
137,256322,200,977,178,http://emine.ncc.metu.edu.tr/survey/web/pages2/http/www.babylon.com/
138,256522,200,951,120,http://emine.ncc.metu.edu.tr/survey/web/pages2/http/www.babylon.com/
139,256722,233,1009,84,http://emine.ncc.metu.edu.tr/survey/web/pages2/http/www.babylon.com/
140,256955,233,910,87,http://emine.ncc.metu.edu.tr/survey/web/pages2/http/www.babylon.com/
141,257188,200,606,92,http://emine.ncc.metu.edu.tr/survey/web/pages2/http/www.babylon.com/
142,257388,150,674,93,http://emine.ncc.metu.edu.tr/survey/web/pages2/http/www.babylon.com/
143,257538,216,945,82,http://emine.ncc.metu.edu.tr/survey/web/pages2/http/www.babylon.com/
144,257754,316,1024,92,http://emine.ncc.metu.edu.tr/survey/web/pages2/http/www.babylon.com/
145,258071,216,615,87,http://emine.ncc.metu.edu.tr/survey/web/pages2/http/www.babylon.com/
146,258287,200,657,92,http://emine.ncc.metu.edu.tr/survey/web/pages2/http/www.babylon.com/
147,258487,433,520,101,http://emine.ncc.metu.edu.tr/survey/web/pages2/http/www.babylon.com/
148,258920,533,314,85,http://emine.ncc.metu.edu.tr/survey/web/pages2/http/www.babylon.com/
149,259453,350,418,92,http://emine.ncc.metu.edu.tr/survey/web/pages2/http/www.babylon.com/
150,259803,167,538,81,http://emine.ncc.metu.edu.tr/survey/web/pages2/http/www.babylon.com/
151,259969,1865,433,90,http://emine.ncc.metu.edu.tr/survey/web/pages2/http/www.babylon.com/
152,262218,1199,440,104,http://emine.ncc.metu.edu.tr/survey/web/pages2/http/www.babylon.com/
153,263417,183,396,90,http://emine.ncc.metu.edu.tr/survey/web/pages2/http/www.babylon.com/
154,263600,333,191,88,http://emine.ncc.metu.edu.tr/survey/web/pages2/http/www.babylon.com/
155,263933,217,476,414,http://emine.ncc.metu.edu.tr/survey/web/pages2/http/www.babylon.com/
156,264150,200,266,545,http://emine.ncc.metu.edu.tr/survey/web/pages2/http/www.babylon.com/
157,264349,283,230,499,http://emine.ncc.metu.edu.tr/survey/web/pages2/http/www.babylon.com/
158,264633,100,184,466,http://emine.ncc.metu.edu.tr/survey/web/pages2/http/www.babylon.com/
159,264733,350,296,474,http://emine.ncc.metu.edu.tr/survey/web/pages2/http/www.babylon.com/
160,273460,333,558,663,http://emine.ncc.metu.edu.tr/survey/web/pages2/http/www.babylon.com/
161,273793,216,590,607,http://emine.ncc.metu.edu.tr/survey/web/pages2/http/www.babylon.com/
162,274010,150,740,647,http://emine.ncc.metu.edu.tr/survey/web/pages2/http/www.babylon.com/
163,274159,300,709,664,http://emine.ncc.metu.edu.tr/survey/web/pages2/http/www.babylon.com/
164,274459,350,736,634,http://emine.ncc.metu.edu.tr/survey/web/pages2/http/www.babylon.com/
165,274809,633,794,621,http://emine.ncc.metu.edu.tr/survey/web/pages2/http/www.babylon.com/
166,275442,216,970,645,http://emine.ncc.metu.edu.tr/survey/web/pages2/http/www.babylon.com/
167,275658,217,924,623,http://emine.ncc.metu.edu.tr/survey/web/pages2/http/www.babylon.com/
168,275875,266,953,654,http://emine.ncc.metu.edu.tr/survey/web/pages2/http/www.babylon.com/
169,276141,233,984,613,http://emine.ncc.metu.edu.tr/survey/web/pages2/http/www.babylon.com/
170,276375,1232,1038,632,http://emine.ncc.metu.edu.tr/survey/web/pages2/http/www.babylon.com/
171,278673,183,961,639,http://emine.ncc.metu.edu.tr/survey/web/pages2/http/www.babylon.com/
172,278856,516,170,508,http://emine.ncc.metu.edu.tr/survey/web/pages2/http/www.babylon.com/