FixationIndex,Timestamp,FixationDuration,MappedFixationPointX,MappedFixationPointY,StimuliName
1,167535,418,599,165,http://emine.ncc.metu.edu.tr/survey/web/pages2/http/www.babylon.com/
2,167953,179,641,442,http://emine.ncc.metu.edu.tr/survey/web/pages2/http/www.babylon.com/
3,168133,199,708,579,http://emine.ncc.metu.edu.tr/survey/web/pages2/http/www.babylon.com/
4,168332,299,670,318,http://emine.ncc.metu.edu.tr/survey/web/pages2/http/www.babylon.com/
5,168631,200,660,115,http://emine.ncc.metu.edu.tr/survey/web/pages2/http/www.babylon.com/
6,168830,279,414,115,http://emine.ncc.metu.edu.tr/survey/web/pages2/http/www.babylon.com/
7,169110,219,647,131,http://emine.ncc.metu.edu.tr/survey/web/pages2/http/www.babylon.com/
8,169329,120,949,131,http://emine.ncc.metu.edu.tr/survey/web/pages2/http/www.babylon.com/
9,169448,159,726,268,http://emine.ncc.metu.edu.tr/survey/web/pages2/http/www.babylon.com/
10,169608,199,720,219,http://emine.ncc.metu.edu.tr/survey/web/pages2/http/www.babylon.com/
11,169807,419,673,377,http://emine.ncc.metu.edu.tr/survey/web/pages2/http/www.babylon.com/
12,170226,252,755,362,http://emine.ncc.metu.edu.tr/survey/web/pages2/http/www.babylon.com/
13,170478,426,626,258,http://emine.ncc.metu.edu.tr/survey/web/pages2/http/www.babylon.com/
14,170904,279,542,692,http://emine.ncc.metu.edu.tr/survey/web/pages2/http/www.babylon.com/
15,171183,279,672,105,http://emine.ncc.metu.edu.tr/survey/web/pages2/http/www.babylon.com/
16,171462,239,674,50,http://emine.ncc.metu.edu.tr/survey/web/pages2/http/www.babylon.com/
17,171702,279,921,757,http://emine.ncc.metu.edu.tr/survey/web/pages2/http/www.babylon.com/
18,172120,160,874,669,http://emine.ncc.metu.edu.tr/survey/web/pages2/http/www.babylon.com/
19,172280,319,1006,94,http://emine.ncc.metu.edu.tr/survey/web/pages2/http/www.babylon.com/
20,172599,459,898,206,http://emine.ncc.metu.edu.tr/survey/web/pages2/http/www.babylon.com/
21,173057,199,682,750,http://emine.ncc.metu.edu.tr/survey/web/pages2/http/www.babylon.com/
22,173257,199,679,666,http://emine.ncc.metu.edu.tr/survey/web/pages2/http/www.babylon.com/
23,173456,219,382,678,http://emine.ncc.metu.edu.tr/survey/web/pages2/http/www.babylon.com/
24,173675,219,460,105,http://emine.ncc.metu.edu.tr/survey/web/pages2/http/www.babylon.com/
25,173895,299,465,38,http://emine.ncc.metu.edu.tr/survey/web/pages2/http/www.babylon.com/
26,174194,259,618,60,http://emine.ncc.metu.edu.tr/survey/web/pages2/http/www.babylon.com/
27,174453,299,696,936,http://emine.ncc.metu.edu.tr/survey/web/pages2/http/www.babylon.com/
28,174752,239,526,857,http://emine.ncc.metu.edu.tr/survey/web/pages2/http/www.babylon.com/
29,174991,259,575,641,http://emine.ncc.metu.edu.tr/survey/web/pages2/http/www.babylon.com/
30,175250,179,512,670,http://emine.ncc.metu.edu.tr/survey/web/pages2/http/www.babylon.com/
31,175430,219,721,685,http://emine.ncc.metu.edu.tr/survey/web/pages2/http/www.babylon.com/
32,175649,179,502,389,http://emine.ncc.metu.edu.tr/survey/web/pages2/http/www.babylon.com/
33,175828,160,653,383,http://emine.ncc.metu.edu.tr/survey/web/pages2/http/www.babylon.com/
34,175988,379,646,265,http://emine.ncc.metu.edu.tr/survey/web/pages2/http/www.babylon.com/
35,176367,1017,664,399,http://emine.ncc.metu.edu.tr/survey/web/pages2/http/www.babylon.com/
36,177503,179,656,363,http://emine.ncc.metu.edu.tr/survey/web/pages2/http/www.babylon.com/
37,177683,259,671,401,http://emine.ncc.metu.edu.tr/survey/web/pages2/http/www.babylon.com/
38,179258,339,683,365,http://emine.ncc.metu.edu.tr/survey/web/pages2/http/www.babylon.com/
39,180135,239,681,377,http://emine.ncc.metu.edu.tr/survey/web/pages2/http/www.babylon.com/
40,180374,279,845,655,http://emine.ncc.metu.edu.tr/survey/web/pages2/http/www.babylon.com/
41,180653,239,726,669,http://emine.ncc.metu.edu.tr/survey/web/pages2/http/www.babylon.com/
42,180893,239,736,360,http://emine.ncc.metu.edu.tr/survey/web/pages2/http/www.babylon.com/
43,181132,339,676,398,http://emine.ncc.metu.edu.tr/survey/web/pages2/http/www.babylon.com/
44,181610,160,824,655,http://emine.ncc.metu.edu.tr/survey/web/pages2/http/www.babylon.com/
45,181770,359,734,676,http://emine.ncc.metu.edu.tr/survey/web/pages2/http/www.babylon.com/
46,182129,219,879,305,http://emine.ncc.metu.edu.tr/survey/web/pages2/http/www.babylon.com/
47,182348,219,908,267,http://emine.ncc.metu.edu.tr/survey/web/pages2/http/www.babylon.com/
48,182567,299,930,192,http://emine.ncc.metu.edu.tr/survey/web/pages2/http/www.babylon.com/
49,182866,179,665,463,http://emine.ncc.metu.edu.tr/survey/web/pages2/http/www.babylon.com/
50,183046,200,502,498,http://emine.ncc.metu.edu.tr/survey/web/pages2/http/www.babylon.com/
51,183245,199,449,84,http://emine.ncc.metu.edu.tr/survey/web/pages2/http/www.babylon.com/
52,183444,140,439,26,http://emine.ncc.metu.edu.tr/survey/web/pages2/http/www.babylon.com/
53,183584,359,481,50,http://emine.ncc.metu.edu.tr/survey/web/pages2/http/www.babylon.com/
54,183943,219,346,160,http://emine.ncc.metu.edu.tr/survey/web/pages2/http/www.babylon.com/
55,184162,279,322,197,http://emine.ncc.metu.edu.tr/survey/web/pages2/http/www.babylon.com/
56,184441,259,339,275,http://emine.ncc.metu.edu.tr/survey/web/pages2/http/www.babylon.com/
57,184700,160,371,251,http://emine.ncc.metu.edu.tr/survey/web/pages2/http/www.babylon.com/
58,184860,319,299,540,http://emine.ncc.metu.edu.tr/survey/web/pages2/http/www.babylon.com/
59,185179,279,308,631,http://emine.ncc.metu.edu.tr/survey/web/pages2/http/www.babylon.com/
60,185458,558,314,671,http://emine.ncc.metu.edu.tr/survey/web/pages2/http/www.babylon.com/
61,186016,279,270,478,http://emine.ncc.metu.edu.tr/survey/web/pages2/http/www.babylon.com/
62,186295,179,350,686,http://emine.ncc.metu.edu.tr/survey/web/pages2/http/www.babylon.com/
63,186475,578,385,668,http://emine.ncc.metu.edu.tr/survey/web/pages2/http/www.babylon.com/
64,187053,1216,542,669,http://emine.ncc.metu.edu.tr/survey/web/pages2/http/www.babylon.com/
65,188269,319,712,674,http://emine.ncc.metu.edu.tr/survey/web/pages2/http/www.babylon.com/
66,188588,199,764,677,http://emine.ncc.metu.edu.tr/survey/web/pages2/http/www.babylon.com/
67,188788,439,931,685,http://emine.ncc.metu.edu.tr/survey/web/pages2/http/www.babylon.com/
68,189226,299,979,694,http://emine.ncc.metu.edu.tr/survey/web/pages2/http/www.babylon.com/
69,189525,359,907,681,http://emine.ncc.metu.edu.tr/survey/web/pages2/http/www.babylon.com/
70,189884,339,293,499,http://emine.ncc.metu.edu.tr/survey/web/pages2/http/www.babylon.com/
71,190223,419,920,690,http://emine.ncc.metu.edu.tr/survey/web/pages2/http/www.babylon.com/
72,190642,179,746,669,http://emine.ncc.metu.edu.tr/survey/web/pages2/http/www.babylon.com/
73,190821,459,329,664,http://emine.ncc.metu.edu.tr/survey/web/pages2/http/www.babylon.com/
74,191280,538,284,491,http://emine.ncc.metu.edu.tr/survey/web/pages2/http/www.babylon.com/
75,191958,479,865,666,http://emine.ncc.metu.edu.tr/survey/web/pages2/http/www.babylon.com/
76,192436,120,587,700,http://emine.ncc.metu.edu.tr/survey/web/pages2/http/www.babylon.com/
77,192675,160,439,681,http://emine.ncc.metu.edu.tr/survey/web/pages2/http/www.babylon.com/