FixationIndex,Timestamp,FixationDuration,MappedFixationPointX,MappedFixationPointY,StimuliName
1,249595,387,241,605,http://emine.ncc.metu.edu.tr/survey/web/pages2/http/www.babylon.com/
2,249981,279,699,693,http://emine.ncc.metu.edu.tr/survey/web/pages2/http/www.babylon.com/
3,250261,219,543,679,http://emine.ncc.metu.edu.tr/survey/web/pages2/http/www.babylon.com/
4,250480,219,619,367,http://emine.ncc.metu.edu.tr/survey/web/pages2/http/www.babylon.com/
5,250699,179,652,355,http://emine.ncc.metu.edu.tr/survey/web/pages2/http/www.babylon.com/
6,250879,279,520,629,http://emine.ncc.metu.edu.tr/survey/web/pages2/http/www.babylon.com/
7,251636,140,672,729,http://emine.ncc.metu.edu.tr/survey/web/pages2/http/www.babylon.com/
8,251776,239,740,698,http://emine.ncc.metu.edu.tr/survey/web/pages2/http/www.babylon.com/
9,252155,199,664,605,http://emine.ncc.metu.edu.tr/survey/web/pages2/http/www.babylon.com/
10,252354,399,749,696,http://emine.ncc.metu.edu.tr/survey/web/pages2/http/www.babylon.com/
11,252753,239,725,743,http://emine.ncc.metu.edu.tr/survey/web/pages2/http/www.babylon.com/
12,252992,120,745,710,http://emine.ncc.metu.edu.tr/survey/web/pages2/http/www.babylon.com/
13,253112,220,711,723,http://emine.ncc.metu.edu.tr/survey/web/pages2/http/www.babylon.com/
14,253331,219,908,658,http://emine.ncc.metu.edu.tr/survey/web/pages2/http/www.babylon.com/
15,253670,200,563,642,http://emine.ncc.metu.edu.tr/survey/web/pages2/http/www.babylon.com/
16,254029,259,519,642,http://emine.ncc.metu.edu.tr/survey/web/pages2/http/www.babylon.com/
17,254288,219,696,506,http://emine.ncc.metu.edu.tr/survey/web/pages2/http/www.babylon.com/
18,254507,319,749,682,http://emine.ncc.metu.edu.tr/survey/web/pages2/http/www.babylon.com/
19,254826,240,932,699,http://emine.ncc.metu.edu.tr/survey/web/pages2/http/www.babylon.com/
20,255066,1057,686,367,http://emine.ncc.metu.edu.tr/survey/web/pages2/http/www.babylon.com/
21,256242,279,670,338,http://emine.ncc.metu.edu.tr/survey/web/pages2/http/www.babylon.com/
22,256521,1017,660,397,http://emine.ncc.metu.edu.tr/survey/web/pages2/http/www.babylon.com/
23,257538,219,703,411,http://emine.ncc.metu.edu.tr/survey/web/pages2/http/www.babylon.com/
24,257757,4266,656,378,http://emine.ncc.metu.edu.tr/survey/web/pages2/http/www.babylon.com/
25,262023,179,643,686,http://emine.ncc.metu.edu.tr/survey/web/pages2/http/www.babylon.com/
26,262203,319,747,696,http://emine.ncc.metu.edu.tr/survey/web/pages2/http/www.babylon.com/
27,262522,239,922,695,http://emine.ncc.metu.edu.tr/survey/web/pages2/http/www.babylon.com/
28,262761,319,915,214,http://emine.ncc.metu.edu.tr/survey/web/pages2/http/www.babylon.com/
29,263080,179,606,152,http://emine.ncc.metu.edu.tr/survey/web/pages2/http/www.babylon.com/
30,263260,219,392,236,http://emine.ncc.metu.edu.tr/survey/web/pages2/http/www.babylon.com/
31,263479,159,348,265,http://emine.ncc.metu.edu.tr/survey/web/pages2/http/www.babylon.com/
32,263638,239,459,949,http://emine.ncc.metu.edu.tr/survey/web/pages2/http/www.babylon.com/
33,263878,179,453,888,http://emine.ncc.metu.edu.tr/survey/web/pages2/http/www.babylon.com/
34,264057,319,488,37,http://emine.ncc.metu.edu.tr/survey/web/pages2/http/www.babylon.com/
35,264376,219,365,30,http://emine.ncc.metu.edu.tr/survey/web/pages2/http/www.babylon.com/
36,264595,179,526,35,http://emine.ncc.metu.edu.tr/survey/web/pages2/http/www.babylon.com/
37,264775,319,478,28,http://emine.ncc.metu.edu.tr/survey/web/pages2/http/www.babylon.com/
38,265094,199,482,228,http://emine.ncc.metu.edu.tr/survey/web/pages2/http/www.babylon.com/
39,265293,199,353,273,http://emine.ncc.metu.edu.tr/survey/web/pages2/http/www.babylon.com/
40,265493,797,342,708,http://emine.ncc.metu.edu.tr/survey/web/pages2/http/www.babylon.com/
41,266290,399,311,482,http://emine.ncc.metu.edu.tr/survey/web/pages2/http/www.babylon.com/
42,266689,718,326,704,http://emine.ncc.metu.edu.tr/survey/web/pages2/http/www.babylon.com/
43,267406,279,538,707,http://emine.ncc.metu.edu.tr/survey/web/pages2/http/www.babylon.com/
44,267686,1296,334,674,http://emine.ncc.metu.edu.tr/survey/web/pages2/http/www.babylon.com/
45,268981,498,385,664,http://emine.ncc.metu.edu.tr/survey/web/pages2/http/www.babylon.com/
46,269480,259,516,675,http://emine.ncc.metu.edu.tr/survey/web/pages2/http/www.babylon.com/
47,269739,259,409,651,http://emine.ncc.metu.edu.tr/survey/web/pages2/http/www.babylon.com/
48,269998,140,537,656,http://emine.ncc.metu.edu.tr/survey/web/pages2/http/www.babylon.com/
49,270138,259,501,676,http://emine.ncc.metu.edu.tr/survey/web/pages2/http/www.babylon.com/
50,270397,359,554,671,http://emine.ncc.metu.edu.tr/survey/web/pages2/http/www.babylon.com/
51,270756,259,724,667,http://emine.ncc.metu.edu.tr/survey/web/pages2/http/www.babylon.com/
52,271015,558,536,660,http://emine.ncc.metu.edu.tr/survey/web/pages2/http/www.babylon.com/
53,271573,219,577,669,http://emine.ncc.metu.edu.tr/survey/web/pages2/http/www.babylon.com/
54,271793,199,744,693,http://emine.ncc.metu.edu.tr/survey/web/pages2/http/www.babylon.com/
55,271992,299,708,685,http://emine.ncc.metu.edu.tr/survey/web/pages2/http/www.babylon.com/
56,272291,518,741,671,http://emine.ncc.metu.edu.tr/survey/web/pages2/http/www.babylon.com/
57,272809,459,909,685,http://emine.ncc.metu.edu.tr/survey/web/pages2/http/www.babylon.com/
58,273268,718,950,692,http://emine.ncc.metu.edu.tr/survey/web/pages2/http/www.babylon.com/
59,273986,239,915,693,http://emine.ncc.metu.edu.tr/survey/web/pages2/http/www.babylon.com/
60,274225,379,974,686,http://emine.ncc.metu.edu.tr/survey/web/pages2/http/www.babylon.com/
61,274604,239,892,710,http://emine.ncc.metu.edu.tr/survey/web/pages2/http/www.babylon.com/
62,274843,299,453,759,http://emine.ncc.metu.edu.tr/survey/web/pages2/http/www.babylon.com/
63,275142,419,325,734,http://emine.ncc.metu.edu.tr/survey/web/pages2/http/www.babylon.com/
64,275561,140,302,834,http://emine.ncc.metu.edu.tr/survey/web/pages2/http/www.babylon.com/
65,275700,120,341,784,http://emine.ncc.metu.edu.tr/survey/web/pages2/http/www.babylon.com/
66,275820,299,354,889,http://emine.ncc.metu.edu.tr/survey/web/pages2/http/www.babylon.com/
67,276119,259,304,885,http://emine.ncc.metu.edu.tr/survey/web/pages2/http/www.babylon.com/
68,276378,279,554,556,http://emine.ncc.metu.edu.tr/survey/web/pages2/http/www.babylon.com/
69,276657,598,665,372,http://emine.ncc.metu.edu.tr/survey/web/pages2/http/www.babylon.com/