FixationIndex,Timestamp,FixationDuration,MappedFixationPointX,MappedFixationPointY,StimuliName
1,399633,179,602,523,http://emine.ncc.metu.edu.tr/survey/web/pages2/http/www.babylon.com/
2,399812,319,723,106,http://emine.ncc.metu.edu.tr/survey/web/pages2/http/www.babylon.com/
3,400131,339,382,144,http://emine.ncc.metu.edu.tr/survey/web/pages2/http/www.babylon.com/
4,400629,160,466,382,http://emine.ncc.metu.edu.tr/survey/web/pages2/http/www.babylon.com/
5,400789,199,393,578,http://emine.ncc.metu.edu.tr/survey/web/pages2/http/www.babylon.com/
6,400988,219,597,360,http://emine.ncc.metu.edu.tr/survey/web/pages2/http/www.babylon.com/
7,401208,578,668,373,http://emine.ncc.metu.edu.tr/survey/web/pages2/http/www.babylon.com/
8,401786,399,798,623,http://emine.ncc.metu.edu.tr/survey/web/pages2/http/www.babylon.com/
9,402185,219,672,333,http://emine.ncc.metu.edu.tr/survey/web/pages2/http/www.babylon.com/
10,402404,200,926,272,http://emine.ncc.metu.edu.tr/survey/web/pages2/http/www.babylon.com/
11,402743,40,941,377,http://emine.ncc.metu.edu.tr/survey/web/pages2/http/www.babylon.com/
12,402922,159,765,268,http://emine.ncc.metu.edu.tr/survey/web/pages2/http/www.babylon.com/
13,403082,259,690,344,http://emine.ncc.metu.edu.tr/survey/web/pages2/http/www.babylon.com/
14,403341,399,458,653,http://emine.ncc.metu.edu.tr/survey/web/pages2/http/www.babylon.com/
15,403740,199,745,426,http://emine.ncc.metu.edu.tr/survey/web/pages2/http/www.babylon.com/
16,404098,140,622,347,http://emine.ncc.metu.edu.tr/survey/web/pages2/http/www.babylon.com/
17,404956,179,874,329,http://emine.ncc.metu.edu.tr/survey/web/pages2/http/www.babylon.com/
18,405135,239,710,305,http://emine.ncc.metu.edu.tr/survey/web/pages2/http/www.babylon.com/
19,405375,199,653,676,http://emine.ncc.metu.edu.tr/survey/web/pages2/http/www.babylon.com/
20,405574,319,680,715,http://emine.ncc.metu.edu.tr/survey/web/pages2/http/www.babylon.com/
21,405893,419,732,660,http://emine.ncc.metu.edu.tr/survey/web/pages2/http/www.babylon.com/
22,406312,239,877,839,http://emine.ncc.metu.edu.tr/survey/web/pages2/http/www.babylon.com/
23,406551,160,905,863,http://emine.ncc.metu.edu.tr/survey/web/pages2/http/www.babylon.com/
24,406710,199,878,663,http://emine.ncc.metu.edu.tr/survey/web/pages2/http/www.babylon.com/
25,406910,299,711,634,http://emine.ncc.metu.edu.tr/survey/web/pages2/http/www.babylon.com/
26,407209,199,776,349,http://emine.ncc.metu.edu.tr/survey/web/pages2/http/www.babylon.com/
27,407408,219,647,357,http://emine.ncc.metu.edu.tr/survey/web/pages2/http/www.babylon.com/
28,407627,199,615,391,http://emine.ncc.metu.edu.tr/survey/web/pages2/http/www.babylon.com/
29,407827,1715,657,369,http://emine.ncc.metu.edu.tr/survey/web/pages2/http/www.babylon.com/
30,409681,140,596,316,http://emine.ncc.metu.edu.tr/survey/web/pages2/http/www.babylon.com/
31,409980,4167,612,371,http://emine.ncc.metu.edu.tr/survey/web/pages2/http/www.babylon.com/
32,414286,299,604,445,http://emine.ncc.metu.edu.tr/survey/web/pages2/http/www.babylon.com/
33,414585,419,482,622,http://emine.ncc.metu.edu.tr/survey/web/pages2/http/www.babylon.com/
34,415004,519,322,689,http://emine.ncc.metu.edu.tr/survey/web/pages2/http/www.babylon.com/
35,415523,179,285,507,http://emine.ncc.metu.edu.tr/survey/web/pages2/http/www.babylon.com/
36,415702,678,291,680,http://emine.ncc.metu.edu.tr/survey/web/pages2/http/www.babylon.com/
37,416380,319,325,689,http://emine.ncc.metu.edu.tr/survey/web/pages2/http/www.babylon.com/
38,416699,618,372,684,http://emine.ncc.metu.edu.tr/survey/web/pages2/http/www.babylon.com/
39,417317,439,504,684,http://emine.ncc.metu.edu.tr/survey/web/pages2/http/www.babylon.com/
40,417755,518,554,690,http://emine.ncc.metu.edu.tr/survey/web/pages2/http/www.babylon.com/
41,418274,140,711,703,http://emine.ncc.metu.edu.tr/survey/web/pages2/http/www.babylon.com/
42,418533,518,691,699,http://emine.ncc.metu.edu.tr/survey/web/pages2/http/www.babylon.com/
43,419051,239,735,700,http://emine.ncc.metu.edu.tr/survey/web/pages2/http/www.babylon.com/
44,419291,199,772,708,http://emine.ncc.metu.edu.tr/survey/web/pages2/http/www.babylon.com/
45,419490,937,900,696,http://emine.ncc.metu.edu.tr/survey/web/pages2/http/www.babylon.com/
46,420427,458,973,694,http://emine.ncc.metu.edu.tr/survey/web/pages2/http/www.babylon.com/
47,420886,199,993,786,http://emine.ncc.metu.edu.tr/survey/web/pages2/http/www.babylon.com/
48,421085,120,976,654,http://emine.ncc.metu.edu.tr/survey/web/pages2/http/www.babylon.com/
49,421205,598,989,699,http://emine.ncc.metu.edu.tr/survey/web/pages2/http/www.babylon.com/
50,421803,798,905,702,http://emine.ncc.metu.edu.tr/survey/web/pages2/http/www.babylon.com/
51,422720,100,928,771,http://emine.ncc.metu.edu.tr/survey/web/pages2/http/www.babylon.com/
52,422820,518,889,702,http://emine.ncc.metu.edu.tr/survey/web/pages2/http/www.babylon.com/
53,423338,299,251,537,http://emine.ncc.metu.edu.tr/survey/web/pages2/http/www.babylon.com/
54,423796,359,906,686,http://emine.ncc.metu.edu.tr/survey/web/pages2/http/www.babylon.com/
55,424395,99,953,782,http://emine.ncc.metu.edu.tr/survey/web/pages2/http/www.babylon.com/
56,424494,718,905,705,http://emine.ncc.metu.edu.tr/survey/web/pages2/http/www.babylon.com/
57,425212,339,757,364,http://emine.ncc.metu.edu.tr/survey/web/pages2/http/www.babylon.com/