FixationIndex,Timestamp,FixationDuration,MappedFixationPointX,MappedFixationPointY,StimuliName
1,98091,239,443,389,http://emine.ncc.metu.edu.tr/survey/web/pages2/http/www.babylon.com/
2,98330,179,72,805,http://emine.ncc.metu.edu.tr/survey/web/pages2/http/www.babylon.com/
3,98509,199,485,513,http://emine.ncc.metu.edu.tr/survey/web/pages2/http/www.babylon.com/
4,98708,219,273,470,http://emine.ncc.metu.edu.tr/survey/web/pages2/http/www.babylon.com/
5,98928,199,318,697,http://emine.ncc.metu.edu.tr/survey/web/pages2/http/www.babylon.com/
6,99127,159,569,717,http://emine.ncc.metu.edu.tr/survey/web/pages2/http/www.babylon.com/
7,99287,299,663,217,http://emine.ncc.metu.edu.tr/survey/web/pages2/http/www.babylon.com/
8,99586,199,345,226,http://emine.ncc.metu.edu.tr/survey/web/pages2/http/www.babylon.com/
9,99785,199,515,111,http://emine.ncc.metu.edu.tr/survey/web/pages2/http/www.babylon.com/
10,99984,139,688,115,http://emine.ncc.metu.edu.tr/survey/web/pages2/http/www.babylon.com/
11,100124,279,924,138,http://emine.ncc.metu.edu.tr/survey/web/pages2/http/www.babylon.com/
12,100403,199,684,341,http://emine.ncc.metu.edu.tr/survey/web/pages2/http/www.babylon.com/
13,100602,279,721,380,http://emine.ncc.metu.edu.tr/survey/web/pages2/http/www.babylon.com/
14,100882,239,654,409,http://emine.ncc.metu.edu.tr/survey/web/pages2/http/www.babylon.com/
15,101121,299,703,411,http://emine.ncc.metu.edu.tr/survey/web/pages2/http/www.babylon.com/
16,101420,638,660,409,http://emine.ncc.metu.edu.tr/survey/web/pages2/http/www.babylon.com/
17,102058,199,486,724,http://emine.ncc.metu.edu.tr/survey/web/pages2/http/www.babylon.com/
18,102257,167,545,726,http://emine.ncc.metu.edu.tr/survey/web/pages2/http/www.babylon.com/
19,102425,212,727,734,http://emine.ncc.metu.edu.tr/survey/web/pages2/http/www.babylon.com/
20,102636,182,731,673,http://emine.ncc.metu.edu.tr/survey/web/pages2/http/www.babylon.com/
21,102818,236,763,347,http://emine.ncc.metu.edu.tr/survey/web/pages2/http/www.babylon.com/
22,103055,279,636,228,http://emine.ncc.metu.edu.tr/survey/web/pages2/http/www.babylon.com/
23,103334,159,749,236,http://emine.ncc.metu.edu.tr/survey/web/pages2/http/www.babylon.com/
24,103493,239,912,260,http://emine.ncc.metu.edu.tr/survey/web/pages2/http/www.babylon.com/
25,103733,439,975,270,http://emine.ncc.metu.edu.tr/survey/web/pages2/http/www.babylon.com/
26,104171,299,1204,423,http://emine.ncc.metu.edu.tr/survey/web/pages2/http/www.babylon.com/
27,104470,259,401,278,http://emine.ncc.metu.edu.tr/survey/web/pages2/http/www.babylon.com/
28,104730,179,344,250,http://emine.ncc.metu.edu.tr/survey/web/pages2/http/www.babylon.com/
29,104909,219,603,105,http://emine.ncc.metu.edu.tr/survey/web/pages2/http/www.babylon.com/
30,105128,199,816,28,http://emine.ncc.metu.edu.tr/survey/web/pages2/http/www.babylon.com/
31,105328,219,637,40,http://emine.ncc.metu.edu.tr/survey/web/pages2/http/www.babylon.com/
32,105547,199,951,99,http://emine.ncc.metu.edu.tr/survey/web/pages2/http/www.babylon.com/
33,105746,259,469,171,http://emine.ncc.metu.edu.tr/survey/web/pages2/http/www.babylon.com/
34,106005,139,334,212,http://emine.ncc.metu.edu.tr/survey/web/pages2/http/www.babylon.com/
35,106145,239,354,18,http://emine.ncc.metu.edu.tr/survey/web/pages2/http/www.babylon.com/
36,106384,199,504,48,http://emine.ncc.metu.edu.tr/survey/web/pages2/http/www.babylon.com/
37,106584,219,653,35,http://emine.ncc.metu.edu.tr/survey/web/pages2/http/www.babylon.com/
38,106803,220,570,33,http://emine.ncc.metu.edu.tr/survey/web/pages2/http/www.babylon.com/
39,107022,399,993,60,http://emine.ncc.metu.edu.tr/survey/web/pages2/http/www.babylon.com/
40,107421,179,503,737,http://emine.ncc.metu.edu.tr/survey/web/pages2/http/www.babylon.com/
41,107600,140,521,695,http://emine.ncc.metu.edu.tr/survey/web/pages2/http/www.babylon.com/
42,107740,259,711,711,http://emine.ncc.metu.edu.tr/survey/web/pages2/http/www.babylon.com/
43,107999,399,550,912,http://emine.ncc.metu.edu.tr/survey/web/pages2/http/www.babylon.com/
44,108398,160,774,940,http://emine.ncc.metu.edu.tr/survey/web/pages2/http/www.babylon.com/
45,108557,239,682,941,http://emine.ncc.metu.edu.tr/survey/web/pages2/http/www.babylon.com/
46,108797,179,851,902,http://emine.ncc.metu.edu.tr/survey/web/pages2/http/www.babylon.com/
47,108976,179,362,888,http://emine.ncc.metu.edu.tr/survey/web/pages2/http/www.babylon.com/
48,109156,239,346,676,http://emine.ncc.metu.edu.tr/survey/web/pages2/http/www.babylon.com/
49,109395,319,296,494,http://emine.ncc.metu.edu.tr/survey/web/pages2/http/www.babylon.com/
50,109714,778,324,702,http://emine.ncc.metu.edu.tr/survey/web/pages2/http/www.babylon.com/
51,110491,199,386,702,http://emine.ncc.metu.edu.tr/survey/web/pages2/http/www.babylon.com/
52,111189,100,551,437,http://emine.ncc.metu.edu.tr/survey/web/pages2/http/www.babylon.com/
53,111289,339,313,496,http://emine.ncc.metu.edu.tr/survey/web/pages2/http/www.babylon.com/
54,111628,299,318,691,http://emine.ncc.metu.edu.tr/survey/web/pages2/http/www.babylon.com/
55,111927,339,359,711,http://emine.ncc.metu.edu.tr/survey/web/pages2/http/www.babylon.com/
56,112266,180,321,700,http://emine.ncc.metu.edu.tr/survey/web/pages2/http/www.babylon.com/
57,112445,279,381,701,http://emine.ncc.metu.edu.tr/survey/web/pages2/http/www.babylon.com/
58,112724,578,315,733,http://emine.ncc.metu.edu.tr/survey/web/pages2/http/www.babylon.com/
59,113302,120,359,762,http://emine.ncc.metu.edu.tr/survey/web/pages2/http/www.babylon.com/
60,113422,399,294,479,http://emine.ncc.metu.edu.tr/survey/web/pages2/http/www.babylon.com/
61,113821,399,503,706,http://emine.ncc.metu.edu.tr/survey/web/pages2/http/www.babylon.com/
62,114220,399,551,707,http://emine.ncc.metu.edu.tr/survey/web/pages2/http/www.babylon.com/
63,114618,220,503,692,http://emine.ncc.metu.edu.tr/survey/web/pages2/http/www.babylon.com/
64,114838,618,555,700,http://emine.ncc.metu.edu.tr/survey/web/pages2/http/www.babylon.com/
65,115456,299,284,492,http://emine.ncc.metu.edu.tr/survey/web/pages2/http/www.babylon.com/
66,115755,199,603,650,http://emine.ncc.metu.edu.tr/survey/web/pages2/http/www.babylon.com/
67,115954,379,704,696,http://emine.ncc.metu.edu.tr/survey/web/pages2/http/www.babylon.com/
68,116333,199,682,727,http://emine.ncc.metu.edu.tr/survey/web/pages2/http/www.babylon.com/
69,116532,199,734,737,http://emine.ncc.metu.edu.tr/survey/web/pages2/http/www.babylon.com/
70,116732,359,738,698,http://emine.ncc.metu.edu.tr/survey/web/pages2/http/www.babylon.com/
71,117090,199,867,696,http://emine.ncc.metu.edu.tr/survey/web/pages2/http/www.babylon.com/
72,117290,339,921,708,http://emine.ncc.metu.edu.tr/survey/web/pages2/http/www.babylon.com/
73,117629,359,877,740,http://emine.ncc.metu.edu.tr/survey/web/pages2/http/www.babylon.com/
74,117988,236,915,756,http://emine.ncc.metu.edu.tr/survey/web/pages2/http/www.babylon.com/
75,118223,881,950,702,http://emine.ncc.metu.edu.tr/survey/web/pages2/http/www.babylon.com/
76,119104,598,889,767,http://emine.ncc.metu.edu.tr/survey/web/pages2/http/www.babylon.com/
77,119702,239,569,782,http://emine.ncc.metu.edu.tr/survey/web/pages2/http/www.babylon.com/
78,119941,160,658,675,http://emine.ncc.metu.edu.tr/survey/web/pages2/http/www.babylon.com/
79,120101,160,737,692,http://emine.ncc.metu.edu.tr/survey/web/pages2/http/www.babylon.com/
80,120261,180,906,697,http://emine.ncc.metu.edu.tr/survey/web/pages2/http/www.babylon.com/
81,120440,219,335,478,http://emine.ncc.metu.edu.tr/survey/web/pages2/http/www.babylon.com/
82,120659,419,704,385,http://emine.ncc.metu.edu.tr/survey/web/pages2/http/www.babylon.com/
83,121198,120,488,527,http://emine.ncc.metu.edu.tr/survey/web/pages2/http/www.babylon.com/
84,121317,239,511,644,http://emine.ncc.metu.edu.tr/survey/web/pages2/http/www.babylon.com/
85,121556,279,545,714,http://emine.ncc.metu.edu.tr/survey/web/pages2/http/www.babylon.com/
86,121836,299,451,897,http://emine.ncc.metu.edu.tr/survey/web/pages2/http/www.babylon.com/
87,122134,219,795,897,http://emine.ncc.metu.edu.tr/survey/web/pages2/http/www.babylon.com/
88,122354,180,854,890,http://emine.ncc.metu.edu.tr/survey/web/pages2/http/www.babylon.com/
89,122533,120,957,905,http://emine.ncc.metu.edu.tr/survey/web/pages2/http/www.babylon.com/
90,122653,199,640,897,http://emine.ncc.metu.edu.tr/survey/web/pages2/http/www.babylon.com/
91,122852,199,713,900,http://emine.ncc.metu.edu.tr/survey/web/pages2/http/www.babylon.com/
92,123052,180,783,902,http://emine.ncc.metu.edu.tr/survey/web/pages2/http/www.babylon.com/
93,123231,279,592,893,http://emine.ncc.metu.edu.tr/survey/web/pages2/http/www.babylon.com/
94,123510,259,689,373,http://emine.ncc.metu.edu.tr/survey/web/pages2/http/www.babylon.com/
95,123769,578,660,410,http://emine.ncc.metu.edu.tr/survey/web/pages2/http/www.babylon.com/
96,124348,299,645,247,http://emine.ncc.metu.edu.tr/survey/web/pages2/http/www.babylon.com/
97,124647,319,679,360,http://emine.ncc.metu.edu.tr/survey/web/pages2/http/www.babylon.com/
98,124966,299,534,369,http://emine.ncc.metu.edu.tr/survey/web/pages2/http/www.babylon.com/
99,125265,578,678,363,http://emine.ncc.metu.edu.tr/survey/web/pages2/http/www.babylon.com/
100,125843,219,670,879,http://emine.ncc.metu.edu.tr/survey/web/pages2/http/www.babylon.com/
101,126062,239,881,943,http://emine.ncc.metu.edu.tr/survey/web/pages2/http/www.babylon.com/
102,126301,219,732,932,http://emine.ncc.metu.edu.tr/survey/web/pages2/http/www.babylon.com/
103,126521,180,698,394,http://emine.ncc.metu.edu.tr/survey/web/pages2/http/www.babylon.com/
104,126700,259,763,372,http://emine.ncc.metu.edu.tr/survey/web/pages2/http/www.babylon.com/
105,126960,140,670,376,http://emine.ncc.metu.edu.tr/survey/web/pages2/http/www.babylon.com/
106,127218,140,674,345,http://emine.ncc.metu.edu.tr/survey/web/pages2/http/www.babylon.com/
107,127358,199,708,355,http://emine.ncc.metu.edu.tr/survey/web/pages2/http/www.babylon.com/
108,127557,199,748,407,http://emine.ncc.metu.edu.tr/survey/web/pages2/http/www.babylon.com/
109,127757,179,676,363,http://emine.ncc.metu.edu.tr/survey/web/pages2/http/www.babylon.com/
110,127936,285,734,358,http://emine.ncc.metu.edu.tr/survey/web/pages2/http/www.babylon.com/
111,128221,593,650,382,http://emine.ncc.metu.edu.tr/survey/web/pages2/http/www.babylon.com/
112,128813,638,697,399,http://emine.ncc.metu.edu.tr/survey/web/pages2/http/www.babylon.com/
113,129452,299,764,396,http://emine.ncc.metu.edu.tr/survey/web/pages2/http/www.babylon.com/
114,129751,180,670,382,http://emine.ncc.metu.edu.tr/survey/web/pages2/http/www.babylon.com/
115,129930,498,763,326,http://emine.ncc.metu.edu.tr/survey/web/pages2/http/www.babylon.com/