FixationIndex,Timestamp,FixationDuration,MappedFixationPointX,MappedFixationPointY,StimuliName
1,3228,279,635,363,http://emine.ncc.metu.edu.tr/survey/web/pages2/http/www.babylon.com/
2,3507,179,577,133,http://emine.ncc.metu.edu.tr/survey/web/pages2/http/www.babylon.com/
3,3687,259,397,131,http://emine.ncc.metu.edu.tr/survey/web/pages2/http/www.babylon.com/
4,3946,159,453,116,http://emine.ncc.metu.edu.tr/survey/web/pages2/http/www.babylon.com/
5,4105,159,270,13,http://emine.ncc.metu.edu.tr/survey/web/pages2/http/www.babylon.com/
6,4265,339,226,21,http://emine.ncc.metu.edu.tr/survey/web/pages2/http/www.babylon.com/
7,4604,319,663,366,http://emine.ncc.metu.edu.tr/survey/web/pages2/http/www.babylon.com/
8,4923,179,582,166,http://emine.ncc.metu.edu.tr/survey/web/pages2/http/www.babylon.com/
9,5102,239,535,110,http://emine.ncc.metu.edu.tr/survey/web/pages2/http/www.babylon.com/
10,5342,179,804,124,http://emine.ncc.metu.edu.tr/survey/web/pages2/http/www.babylon.com/
11,5521,219,717,410,http://emine.ncc.metu.edu.tr/survey/web/pages2/http/www.babylon.com/
12,5740,339,756,422,http://emine.ncc.metu.edu.tr/survey/web/pages2/http/www.babylon.com/
13,6079,239,754,764,http://emine.ncc.metu.edu.tr/survey/web/pages2/http/www.babylon.com/
14,6318,399,733,695,http://emine.ncc.metu.edu.tr/survey/web/pages2/http/www.babylon.com/
15,6717,199,675,715,http://emine.ncc.metu.edu.tr/survey/web/pages2/http/www.babylon.com/
16,6917,159,408,705,http://emine.ncc.metu.edu.tr/survey/web/pages2/http/www.babylon.com/
17,7076,339,330,705,http://emine.ncc.metu.edu.tr/survey/web/pages2/http/www.babylon.com/
18,7415,219,370,280,http://emine.ncc.metu.edu.tr/survey/web/pages2/http/www.babylon.com/
19,7634,199,334,212,http://emine.ncc.metu.edu.tr/survey/web/pages2/http/www.babylon.com/
20,7834,199,331,137,http://emine.ncc.metu.edu.tr/survey/web/pages2/http/www.babylon.com/
21,8033,279,734,391,http://emine.ncc.metu.edu.tr/survey/web/pages2/http/www.babylon.com/
22,8312,200,916,295,http://emine.ncc.metu.edu.tr/survey/web/pages2/http/www.babylon.com/
23,8512,2133,659,391,http://emine.ncc.metu.edu.tr/survey/web/pages2/http/www.babylon.com/
24,10764,259,535,536,http://emine.ncc.metu.edu.tr/survey/web/pages2/http/www.babylon.com/
25,11024,319,381,748,http://emine.ncc.metu.edu.tr/survey/web/pages2/http/www.babylon.com/
26,11343,339,746,325,http://emine.ncc.metu.edu.tr/survey/web/pages2/http/www.babylon.com/
27,11682,159,664,272,http://emine.ncc.metu.edu.tr/survey/web/pages2/http/www.babylon.com/
28,11841,299,935,306,http://emine.ncc.metu.edu.tr/survey/web/pages2/http/www.babylon.com/
29,12140,239,680,534,http://emine.ncc.metu.edu.tr/survey/web/pages2/http/www.babylon.com/
30,12379,479,664,414,http://emine.ncc.metu.edu.tr/survey/web/pages2/http/www.babylon.com/
31,12858,379,610,384,http://emine.ncc.metu.edu.tr/survey/web/pages2/http/www.babylon.com/
32,13237,299,542,387,http://emine.ncc.metu.edu.tr/survey/web/pages2/http/www.babylon.com/
33,13536,299,664,434,http://emine.ncc.metu.edu.tr/survey/web/pages2/http/www.babylon.com/
34,13835,299,625,300,http://emine.ncc.metu.edu.tr/survey/web/pages2/http/www.babylon.com/
35,14134,200,646,400,http://emine.ncc.metu.edu.tr/survey/web/pages2/http/www.babylon.com/
36,14334,299,563,284,http://emine.ncc.metu.edu.tr/survey/web/pages2/http/www.babylon.com/
37,14632,199,458,237,http://emine.ncc.metu.edu.tr/survey/web/pages2/http/www.babylon.com/
38,14832,199,593,758,http://emine.ncc.metu.edu.tr/survey/web/pages2/http/www.babylon.com/
39,15031,199,559,698,http://emine.ncc.metu.edu.tr/survey/web/pages2/http/www.babylon.com/
40,15230,279,519,718,http://emine.ncc.metu.edu.tr/survey/web/pages2/http/www.babylon.com/
41,15509,538,316,706,http://emine.ncc.metu.edu.tr/survey/web/pages2/http/www.babylon.com/
42,16048,479,369,704,http://emine.ncc.metu.edu.tr/survey/web/pages2/http/www.babylon.com/
43,16526,139,301,556,http://emine.ncc.metu.edu.tr/survey/web/pages2/http/www.babylon.com/
44,16666,279,288,517,http://emine.ncc.metu.edu.tr/survey/web/pages2/http/www.babylon.com/
45,16945,239,392,234,http://emine.ncc.metu.edu.tr/survey/web/pages2/http/www.babylon.com/
46,17184,139,323,259,http://emine.ncc.metu.edu.tr/survey/web/pages2/http/www.babylon.com/
47,17324,140,275,615,http://emine.ncc.metu.edu.tr/survey/web/pages2/http/www.babylon.com/
48,17463,319,264,519,http://emine.ncc.metu.edu.tr/survey/web/pages2/http/www.babylon.com/
49,17782,140,311,516,http://emine.ncc.metu.edu.tr/survey/web/pages2/http/www.babylon.com/
50,17922,498,307,697,http://emine.ncc.metu.edu.tr/survey/web/pages2/http/www.babylon.com/
51,18420,239,357,706,http://emine.ncc.metu.edu.tr/survey/web/pages2/http/www.babylon.com/
52,18660,997,302,699,http://emine.ncc.metu.edu.tr/survey/web/pages2/http/www.babylon.com/
53,19657,239,399,723,http://emine.ncc.metu.edu.tr/survey/web/pages2/http/www.babylon.com/
54,19896,379,363,715,http://emine.ncc.metu.edu.tr/survey/web/pages2/http/www.babylon.com/
55,20274,260,545,712,http://emine.ncc.metu.edu.tr/survey/web/pages2/http/www.babylon.com/
56,20534,298,483,716,http://emine.ncc.metu.edu.tr/survey/web/pages2/http/www.babylon.com/
57,20833,379,546,725,http://emine.ncc.metu.edu.tr/survey/web/pages2/http/www.babylon.com/
58,21212,199,734,720,http://emine.ncc.metu.edu.tr/survey/web/pages2/http/www.babylon.com/
59,21411,837,688,714,http://emine.ncc.metu.edu.tr/survey/web/pages2/http/www.babylon.com/
60,22248,419,734,712,http://emine.ncc.metu.edu.tr/survey/web/pages2/http/www.babylon.com/
61,22667,160,776,708,http://emine.ncc.metu.edu.tr/survey/web/pages2/http/www.babylon.com/
62,22826,339,933,719,http://emine.ncc.metu.edu.tr/survey/web/pages2/http/www.babylon.com/
63,23166,372,898,713,http://emine.ncc.metu.edu.tr/survey/web/pages2/http/www.babylon.com/
64,23537,525,937,712,http://emine.ncc.metu.edu.tr/survey/web/pages2/http/www.babylon.com/
65,24062,399,982,714,http://emine.ncc.metu.edu.tr/survey/web/pages2/http/www.babylon.com/
66,24461,219,853,294,http://emine.ncc.metu.edu.tr/survey/web/pages2/http/www.babylon.com/
67,24681,319,847,198,http://emine.ncc.metu.edu.tr/survey/web/pages2/http/www.babylon.com/
68,25000,180,998,172,http://emine.ncc.metu.edu.tr/survey/web/pages2/http/www.babylon.com/
69,25179,199,495,127,http://emine.ncc.metu.edu.tr/survey/web/pages2/http/www.babylon.com/
70,25378,180,353,113,http://emine.ncc.metu.edu.tr/survey/web/pages2/http/www.babylon.com/
71,25558,279,728,365,http://emine.ncc.metu.edu.tr/survey/web/pages2/http/www.babylon.com/
72,25837,439,935,50,http://emine.ncc.metu.edu.tr/survey/web/pages2/http/www.babylon.com/
73,26276,299,1009,42,http://emine.ncc.metu.edu.tr/survey/web/pages2/http/www.babylon.com/
74,26575,559,905,46,http://emine.ncc.metu.edu.tr/survey/web/pages2/http/www.babylon.com/
75,27133,259,462,33,http://emine.ncc.metu.edu.tr/survey/web/pages2/http/www.babylon.com/