FixationIndex,Timestamp,FixationDuration,MappedFixationPointX,MappedFixationPointY,StimuliName
1,50558,758,365,662,http://emine.ncc.metu.edu.tr/survey/web/pages2/http/www.babylon.com/
2,51315,299,538,188,http://emine.ncc.metu.edu.tr/survey/web/pages2/http/www.babylon.com/
3,51614,319,661,360,http://emine.ncc.metu.edu.tr/survey/web/pages2/http/www.babylon.com/
4,51933,339,737,353,http://emine.ncc.metu.edu.tr/survey/web/pages2/http/www.babylon.com/
5,52272,419,673,235,http://emine.ncc.metu.edu.tr/survey/web/pages2/http/www.babylon.com/
6,52691,239,524,117,http://emine.ncc.metu.edu.tr/survey/web/pages2/http/www.babylon.com/
7,52930,239,351,103,http://emine.ncc.metu.edu.tr/survey/web/pages2/http/www.babylon.com/
8,53169,319,729,360,http://emine.ncc.metu.edu.tr/survey/web/pages2/http/www.babylon.com/
9,53668,4805,660,375,http://emine.ncc.metu.edu.tr/survey/web/pages2/http/www.babylon.com/
10,58473,259,467,115,http://emine.ncc.metu.edu.tr/survey/web/pages2/http/www.babylon.com/
11,58732,259,326,122,http://emine.ncc.metu.edu.tr/survey/web/pages2/http/www.babylon.com/
12,58991,219,727,445,http://emine.ncc.metu.edu.tr/survey/web/pages2/http/www.babylon.com/
13,59210,299,656,374,http://emine.ncc.metu.edu.tr/survey/web/pages2/http/www.babylon.com/
14,59509,299,382,630,http://emine.ncc.metu.edu.tr/survey/web/pages2/http/www.babylon.com/
15,59809,259,322,680,http://emine.ncc.metu.edu.tr/survey/web/pages2/http/www.babylon.com/
16,60068,439,648,392,http://emine.ncc.metu.edu.tr/survey/web/pages2/http/www.babylon.com/
17,60506,279,775,614,http://emine.ncc.metu.edu.tr/survey/web/pages2/http/www.babylon.com/
18,60786,219,728,703,http://emine.ncc.metu.edu.tr/survey/web/pages2/http/www.babylon.com/
19,61005,219,680,696,http://emine.ncc.metu.edu.tr/survey/web/pages2/http/www.babylon.com/
20,61224,159,475,654,http://emine.ncc.metu.edu.tr/survey/web/pages2/http/www.babylon.com/
21,61384,438,332,654,http://emine.ncc.metu.edu.tr/survey/web/pages2/http/www.babylon.com/
22,61822,498,663,224,http://emine.ncc.metu.edu.tr/survey/web/pages2/http/www.babylon.com/
23,62321,459,977,191,http://emine.ncc.metu.edu.tr/survey/web/pages2/http/www.babylon.com/
24,62779,249,968,53,http://emine.ncc.metu.edu.tr/survey/web/pages2/http/www.babylon.com/
25,63028,203,618,39,http://emine.ncc.metu.edu.tr/survey/web/pages2/http/www.babylon.com/
26,63231,266,572,49,http://emine.ncc.metu.edu.tr/survey/web/pages2/http/www.babylon.com/
27,63497,279,389,44,http://emine.ncc.metu.edu.tr/survey/web/pages2/http/www.babylon.com/
28,63776,239,240,34,http://emine.ncc.metu.edu.tr/survey/web/pages2/http/www.babylon.com/
29,64015,319,700,361,http://emine.ncc.metu.edu.tr/survey/web/pages2/http/www.babylon.com/
30,64334,199,735,243,http://emine.ncc.metu.edu.tr/survey/web/pages2/http/www.babylon.com/
31,64534,200,663,260,http://emine.ncc.metu.edu.tr/survey/web/pages2/http/www.babylon.com/
32,64733,219,884,647,http://emine.ncc.metu.edu.tr/survey/web/pages2/http/www.babylon.com/
33,64952,200,931,708,http://emine.ncc.metu.edu.tr/survey/web/pages2/http/www.babylon.com/
34,65152,159,874,714,http://emine.ncc.metu.edu.tr/survey/web/pages2/http/www.babylon.com/
35,65311,558,318,667,http://emine.ncc.metu.edu.tr/survey/web/pages2/http/www.babylon.com/
36,65869,459,384,688,http://emine.ncc.metu.edu.tr/survey/web/pages2/http/www.babylon.com/
37,66328,159,558,703,http://emine.ncc.metu.edu.tr/survey/web/pages2/http/www.babylon.com/
38,66487,279,507,694,http://emine.ncc.metu.edu.tr/survey/web/pages2/http/www.babylon.com/
39,66766,219,741,679,http://emine.ncc.metu.edu.tr/survey/web/pages2/http/www.babylon.com/
40,66986,239,688,667,http://emine.ncc.metu.edu.tr/survey/web/pages2/http/www.babylon.com/
41,67225,219,753,700,http://emine.ncc.metu.edu.tr/survey/web/pages2/http/www.babylon.com/
42,67445,239,933,703,http://emine.ncc.metu.edu.tr/survey/web/pages2/http/www.babylon.com/
43,67684,837,895,695,http://emine.ncc.metu.edu.tr/survey/web/pages2/http/www.babylon.com/
44,68521,179,798,741,http://emine.ncc.metu.edu.tr/survey/web/pages2/http/www.babylon.com/
45,68700,219,298,727,http://emine.ncc.metu.edu.tr/survey/web/pages2/http/www.babylon.com/
46,68920,319,302,677,http://emine.ncc.metu.edu.tr/survey/web/pages2/http/www.babylon.com/
47,69239,1236,365,688,http://emine.ncc.metu.edu.tr/survey/web/pages2/http/www.babylon.com/
48,70475,718,303,731,http://emine.ncc.metu.edu.tr/survey/web/pages2/http/www.babylon.com/
49,71193,459,369,736,http://emine.ncc.metu.edu.tr/survey/web/pages2/http/www.babylon.com/
50,71651,200,580,708,http://emine.ncc.metu.edu.tr/survey/web/pages2/http/www.babylon.com/
51,71851,857,491,707,http://emine.ncc.metu.edu.tr/survey/web/pages2/http/www.babylon.com/
52,72708,721,294,726,http://emine.ncc.metu.edu.tr/survey/web/pages2/http/www.babylon.com/
53,73429,216,325,693,http://emine.ncc.metu.edu.tr/survey/web/pages2/http/www.babylon.com/
54,73645,498,489,700,http://emine.ncc.metu.edu.tr/survey/web/pages2/http/www.babylon.com/
55,74143,419,551,700,http://emine.ncc.metu.edu.tr/survey/web/pages2/http/www.babylon.com/
56,74562,459,698,706,http://emine.ncc.metu.edu.tr/survey/web/pages2/http/www.babylon.com/
57,75021,220,739,695,http://emine.ncc.metu.edu.tr/survey/web/pages2/http/www.babylon.com/
58,75240,199,919,696,http://emine.ncc.metu.edu.tr/survey/web/pages2/http/www.babylon.com/
59,75439,219,880,713,http://emine.ncc.metu.edu.tr/survey/web/pages2/http/www.babylon.com/
60,75659,478,963,704,http://emine.ncc.metu.edu.tr/survey/web/pages2/http/www.babylon.com/
61,76137,618,943,615,http://emine.ncc.metu.edu.tr/survey/web/pages2/http/www.babylon.com/
62,76755,578,861,753,http://emine.ncc.metu.edu.tr/survey/web/pages2/http/www.babylon.com/
63,77333,299,601,861,http://emine.ncc.metu.edu.tr/survey/web/pages2/http/www.babylon.com/
64,77633,239,613,690,http://emine.ncc.metu.edu.tr/survey/web/pages2/http/www.babylon.com/
65,77872,419,739,688,http://emine.ncc.metu.edu.tr/survey/web/pages2/http/www.babylon.com/
66,78290,259,610,423,http://emine.ncc.metu.edu.tr/survey/web/pages2/http/www.babylon.com/
67,78550,379,875,268,http://emine.ncc.metu.edu.tr/survey/web/pages2/http/www.babylon.com/
68,78928,120,966,246,http://emine.ncc.metu.edu.tr/survey/web/pages2/http/www.babylon.com/
69,79048,219,941,87,http://emine.ncc.metu.edu.tr/survey/web/pages2/http/www.babylon.com/
70,79267,339,627,56,http://emine.ncc.metu.edu.tr/survey/web/pages2/http/www.babylon.com/